ncaa_id,date,team,opponent,home_away,result,team_score,opponent_score,goals,ast,shatt,sog,fouls,rc,yc,gc,defensive_goals,defensive_ast,defensive_shatt,defensive_sog,defensive_fouls,defensive_rc,defensive_yc,defensive_gc
23,2019-08-30,American,New Hampshire,Home,,4,2.0,4.0,1.0,13.0,8.0,12.0,,,1.0,2.0,2.0,6.0,3.0,17.0,,,
23,2019-09-01,American,Richmond,Home,,2,3.0,2.0,1.0,14.0,7.0,11.0,,,2.0,3.0,2.0,8.0,5.0,15.0,,,3.0
23,2019-09-06,American,Delaware,Away,,0,4.0,,,4.0,4.0,,,,,4.0,3.0,9.0,4.0,,,1.0,1.0
23,2019-09-08,American,Old Dominion,Away,,0,,,,6.0,2.0,,,,1.0,,,14.0,5.0,,,,
23,2019-09-13,American,James Madison,Home,,2,1.0,2.0,1.0,9.0,7.0,,,2.0,2.0,1.0,,7.0,3.0,,,1.0,1.0
23,2019-09-15,American,Towson,Home,,7,0.0,7.0,4.0,28.0,21.0,,,,2.0,,,1.0,1.0,,,,1.0
23,2019-09-19,American,UC Davis,Home,,0,1.0,,,13.0,5.0,7.0,,,1.0,1.0,2.0,4.0,1.0,13.0,,,2.0
23,2019-09-28,American,Bucknell,Home,,3,1.0,3.0,1.0,11.0,8.0,14.0,,1.0,2.0,1.0,,6.0,2.0,9.0,,,2.0
23,2019-09-29,American,Georgetown,Home,,2,1.0,2.0,2.0,14.0,7.0,11.0,,,,1.0,1.0,5.0,2.0,14.0,,,
23,2019-10-05,American,Lehigh,Away,,4,1.0,4.0,4.0,25.0,16.0,,,,1.0,1.0,1.0,6.0,3.0,,,,
23,2019-10-11,American,Holy Cross,Home,,3,2.0,3.0,3.0,21.0,14.0,14.0,,,4.0,2.0,1.0,3.0,3.0,12.0,,,2.0
23,2019-10-13,American,VCU,Home,,4,1.0,4.0,1.0,11.0,8.0,16.0,,,,1.0,1.0,10.0,7.0,13.0,,,
23,2019-10-19,American,Boston U.,Away,,2,0.0,2.0,1.0,10.0,9.0,,,1.0,1.0,,,14.0,7.0,,,,3.0
23,2019-10-26,American,Colgate,Away,,7,1.0,7.0,6.0,21.0,12.0,22.0,,1.0,,1.0,2.0,2.0,2.0,20.0,,,
23,2019-10-29,American,Maryland,Home,,0,1.0,,,4.0,2.0,16.0,,,,1.0,1.0,8.0,4.0,23.0,,,1.0
23,2019-11-02,American,Lafayette,Home,,1,0.0,1.0,,11.0,4.0,19.0,,,,,,4.0,3.0,24.0,,,2.0
23,2019-11-08,American,Holy Cross,Home,,5,1.0,5.0,5.0,10.0,8.0,25.0,,,2.0,1.0,1.0,2.0,1.0,22.0,,,
23,2019-11-10,American,Lafayette,Home,,3,2.0,3.0,3.0,13.0,9.0,8.0,,,3.0,2.0,3.0,5.0,2.0,10.0,,1.0,2.0
23,2019-11-13,American,Fairfield,Away,,1,3.0,1.0,1.0,8.0,4.0,28.0,,,,3.0,3.0,7.0,6.0,24.0,,,3.0
27,2019-08-30,App State,Towson,Away,,3,0.0,3.0,2.0,12.0,11.0,,,,1.0,,,2.0,2.0,,,,1.0
27,2019-09-01,App State,Georgetown,Away,,1,0.0,1.0,1.0,11.0,6.0,,,,2.0,,,10.0,7.0,,,,1.0
27,2019-09-06,App State,Lafayette,Home,,3,2.0,3.0,2.0,13.0,7.0,,,,2.0,2.0,1.0,13.0,6.0,,,,
27,2019-09-08,App State,Davidson,Home,,3,0.0,3.0,3.0,9.0,7.0,,,1.0,1.0,,,9.0,5.0,,,,1.0
27,2019-09-13,App State,Saint Francis,Away,,1,0.0,1.0,1.0,24.0,10.0,24.0,,3.0,,,,3.0,2.0,22.0,,,1.0
27,2019-09-15,App State,Lock Haven,Away,,1,,,,10.0,5.0,,,,1.0,,,11.0,7.0,,,,2.0
27,2019-09-20,App State,Ohio,Home,,5,6.0,5.0,4.0,17.0,13.0,,,,,6.0,4.0,23.0,14.0,,,1.0,3.0
27,2019-09-22,App State,North Carolina,Home,,1,4.0,1.0,2.0,2.0,1.0,,,,,4.0,1.0,27.0,19.0,,,1.0,1.0
27,2019-09-27,App State,Miami (OH),Home,,0,2.0,,,5.0,4.0,,,,1.0,2.0,3.0,13.0,9.0,,,,
27,2019-09-29,App State,La Salle,Home,,1,0.0,1.0,1.0,16.0,9.0,,,1.0,,,,4.0,3.0,,,,1.0
27,2019-10-04,App State,Central Mich.,Away,,5,2.0,5.0,4.0,14.0,11.0,,,,,2.0,1.0,9.0,5.0,,,,
27,2019-10-05,App State,Michigan,Away,,0,1.0,,,3.0,,,,,1.0,1.0,,15.0,10.0,,,,2.0
27,2019-10-12,App State,Longwood,Away,,1,,1.0,2.0,13.0,7.0,24.0,,1.0,1.0,2.0,1.0,11.0,7.0,17.0,,,3.0
27,2019-10-20,App State,Saint Louis,Home,,2,1.0,2.0,2.0,11.0,3.0,,,,,1.0,1.0,6.0,5.0,,,,1.0
27,2019-10-25,App State,Kent St.,Home,,0,3.0,,,8.0,6.0,,,,,3.0,3.0,17.0,13.0,,,,
27,2019-10-27,App State,Wake Forest,Away,,0,5.0,,,4.0,4.0,,,,,5.0,3.0,17.0,11.0,,,,
27,2019-11-01,App State,Ball St.,Away,,0,1.0,,,12.0,9.0,,,,,1.0,1.0,10.0,9.0,,,,
27,2019-11-06,App State,Central Mich.,Home,,2,0.0,2.0,3.0,15.0,10.0,,,,1.0,,,6.0,3.0,,,,1.0
27,2019-11-07,App State,Ohio,Home,,5,,5.0,1.0,12.0,7.0,,,,2.0,4.0,3.0,26.0,12.0,,,,
27,2019-11-08,App State,Miami (OH),Home,,0,2.0,,,4.0,2.0,,,,2.0,2.0,1.0,14.0,8.0,,,1.0,2.0
47,2019-08-31,Ball St.,Rutgers,Away,,1,4.0,1.0,,3.0,3.0,,,,1.0,4.0,3.0,17.0,15.0,,,,2.0
47,2019-09-01,Ball St.,Davidson,Home,,1,0.0,1.0,1.0,8.0,8.0,,,2.0,1.0,,,5.0,3.0,,,,2.0
47,2019-09-05,Ball St.,UC Davis,Home,,1,2.0,1.0,,6.0,5.0,,,,2.0,2.0,1.0,6.0,4.0,,,,
47,2019-09-06,Ball St.,Saint Louis,Home,,3,0.0,3.0,5.0,10.0,5.0,,,,,,,4.0,3.0,,,,
47,2019-09-08,Ball St.,Indiana,Away,,1,2.0,1.0,2.0,15.0,6.0,,,1.0,1.0,2.0,1.0,9.0,5.0,,,,1.0
47,2019-09-15,Ball St.,UMass Lowell,Home,,1,2.0,1.0,1.0,3.0,2.0,,,,,2.0,3.0,21.0,17.0,,,,1.0
47,2019-09-16,Ball St.,Northwestern,Away,,0,3.0,,,,,,,,2.0,3.0,,16.0,12.0,,,,2.0
47,2019-09-20,Ball St.,Miami (OH),Away,,0,,,,1.0,,,,,,1.0,1.0,22.0,13.0,,,,
47,2019-09-22,Ball St.,Michigan St.,Away,,1,3.0,1.0,2.0,10.0,7.0,,,,,3.0,3.0,11.0,6.0,,,,2.0
47,2019-09-28,Ball St.,Central Mich.,Home,,2,0.0,2.0,1.0,11.0,6.0,,,,,,,7.0,4.0,,,,1.0
47,2019-10-04,Ball St.,Kent St.,Home,,0,1.0,,,8.0,6.0,,,,,1.0,1.0,16.0,10.0,,,,
47,2019-10-12,Ball St.,Stanford,Home,,0,5.0,,,4.0,3.0,,,,,5.0,1.0,17.0,11.0,,,2.0,
47,2019-10-13,Ball St.,Michigan,Home,,0,6.0,,,5.0,1.0,,,,,6.0,6.0,31.0,18.0,,,,
47,2019-10-18,Ball St.,Ohio,Away,,0,3.0,,,3.0,2.0,,,,1.0,3.0,2.0,19.0,11.0,,,,
47,2019-10-25,Ball St.,Longwood,Away,,2,,2.0,4.0,4.0,2.0,27.0,,,,1.0,1.0,6.0,3.0,34.0,,,1.0
47,2019-10-27,Ball St.,VCU,Away,,1,2.0,1.0,,4.0,4.0,38.0,,,2.0,2.0,2.0,21.0,16.0,37.0,,,1.0
47,2019-11-01,Ball St.,App State,Home,,1,0.0,1.0,1.0,10.0,9.0,,,,,,,12.0,9.0,,,,
47,2019-11-07,Ball St.,Longwood,Home,,0,3.0,,,7.0,3.0,,,1.0,2.0,3.0,2.0,12.0,6.0,,,,
67,2019-08-30,Boston College,Providence,Away,,2,1.0,2.0,3.0,10.0,7.0,,,,,1.0,,9.0,4.0,,,,1.0
67,2019-09-01,Boston College,Fairfield,Home,,2,,2.0,1.0,35.0,17.0,,,,,3.0,3.0,12.0,7.0,,,,
67,2019-09-06,Boston College,Maryland,Home,,1,3.0,1.0,2.0,8.0,4.0,,,,,3.0,3.0,14.0,10.0,,,,2.0
67,2019-09-08,Boston College,Northwestern,Away,,2,3.0,2.0,,17.0,9.0,,,,1.0,3.0,1.0,9.0,5.0,,,,
67,2019-09-13,Boston College,Dartmouth,Home,,5,2.0,5.0,3.0,33.0,26.0,,,,,2.0,3.0,4.0,3.0,,,,
67,2019-09-15,Boston College,Northeastern,Home,,6,2.0,6.0,3.0,22.0,16.0,,,,1.0,2.0,2.0,9.0,4.0,,,,
67,2019-09-20,Boston College,Wake Forest,Away,,2,0.0,2.0,2.0,10.0,5.0,,,,,,,11.0,6.0,,,1.0,1.0
67,2019-09-27,Boston College,Louisville,Home,,2,3.0,2.0,2.0,8.0,3.0,,,1.0,2.0,3.0,,10.0,5.0,,,,2.0
67,2019-09-29,Boston College,Saint Joseph's,Home,,4,5.0,4.0,1.0,20.0,12.0,,,,2.0,5.0,4.0,16.0,10.0,,,,1.0
67,2019-10-04,Boston College,Virginia,Away,,1,0.0,1.0,2.0,7.0,3.0,,,,,,,10.0,3.0,,,,
67,2019-10-06,Boston College,Quinnipiac,Home,,4,0.0,4.0,4.0,18.0,12.0,,,,,,,11.0,7.0,,,,1.0
67,2019-10-10,Boston College,Harvard,Home,,1,0.0,1.0,1.0,7.0,5.0,,,,,,,6.0,3.0,,,,2.0
67,2019-10-13,Boston College,Boston U.,Away,,5,0.0,5.0,3.0,11.0,10.0,,,,,,,8.0,4.0,,,,1.0
67,2019-10-18,Boston College,Syracuse,Home,,2,1.0,2.0,2.0,9.0,5.0,,,,2.0,1.0,1.0,6.0,2.0,,,,3.0
67,2019-10-20,Boston College,New Hampshire,Away,,2,0.0,2.0,1.0,14.0,7.0,,,1.0,,,,9.0,6.0,,,1.0,1.0
67,2019-10-25,Boston College,North Carolina,Away,,2,3.0,2.0,1.0,10.0,5.0,,,,1.0,3.0,1.0,13.0,7.0,,,,1.0
67,2019-11-01,Boston College,Duke,Home,,1,0.0,1.0,2.0,11.0,5.0,,,,2.0,,,5.0,3.0,,,,1.0
67,2019-11-07,Boston College,Wake Forest,Home,,2,0.0,2.0,2.0,10.0,6.0,,,,2.0,,,,,,,,1.0
67,2019-11-08,Boston College,Virginia,Home,,1,,1.0,,9.0,2.0,,,,2.0,,,11.0,7.0,,,,1.0
67,2019-11-10,Boston College,North Carolina,Home,,1,3.0,1.0,1.0,5.0,3.0,,,3.0,1.0,3.0,2.0,12.0,6.0,,,,1.0
67,2019-11-15,Boston College,Northwestern,Home,,2,1.0,2.0,2.0,14.0,7.0,,,,,1.0,,9.0,5.0,,,,1.0
67,2019-11-17,Boston College,Louisville,Away,,2,,1.0,1.0,9.0,3.0,,,,1.0,1.0,,20.0,9.0,,,,1.0
67,2019-11-22,Boston College,North Carolina,Home,,3,6.0,3.0,2.0,6.0,4.0,,,,1.0,6.0,7.0,12.0,8.0,,,,
68,2019-08-31,Boston U.,Ohio,Away,,4,1.0,4.0,3.0,19.0,13.0,,,1.0,1.0,1.0,1.0,4.0,3.0,,,,
68,2019-09-02,Boston U.,Ohio St.,Away,,2,3.0,2.0,1.0,7.0,3.0,,,,1.0,3.0,1.0,21.0,15.0,,,,2.0
68,2019-09-06,Boston U.,New Hampshire,Home,,2,1.0,2.0,3.0,10.0,6.0,,,,1.0,1.0,1.0,17.0,12.0,,,1.0,1.0
68,2019-09-08,Boston U.,Northeastern,Home,,5,4.0,5.0,4.0,15.0,9.0,,,,1.0,4.0,2.0,16.0,9.0,,,,1.0
68,2019-09-13,Boston U.,Maine,Away,,1,2.0,1.0,1.0,11.0,6.0,33.0,,,1.0,2.0,1.0,6.0,4.0,36.0,,,
68,2019-09-14,Boston U.,Columbia,Home,,3,,3.0,1.0,16.0,11.0,32.0,,,2.0,4.0,3.0,8.0,5.0,34.0,,,1.0
68,2019-09-21,Boston U.,Bucknell,Home,,0,1.0,,,13.0,5.0,,,,1.0,1.0,,9.0,6.0,,,,1.0
68,2019-09-29,Boston U.,UConn,Away,,0,4.0,,,12.0,9.0,,,1.0,1.0,4.0,1.0,20.0,10.0,,,,1.0
68,2019-10-05,Boston U.,Lafayette,Home,,2,3.0,2.0,3.0,9.0,6.0,,,,1.0,3.0,2.0,14.0,8.0,,,,
68,2019-10-06,Boston U.,Penn,Home,,0,1.0,,,7.0,2.0,,,,,1.0,1.0,7.0,3.0,,,,1.0
68,2019-10-11,Boston U.,Colgate,Away,,6,1.0,6.0,5.0,21.0,15.0,34.0,,1.0,,1.0,,3.0,2.0,23.0,,,
68,2019-10-13,Boston U.,Boston College,Home,,0,5.0,,,8.0,4.0,,,,1.0,5.0,3.0,11.0,10.0,,,,
68,2019-10-19,Boston U.,American,Home,,0,2.0,,,14.0,7.0,,,,3.0,2.0,1.0,10.0,9.0,,,1.0,1.0
68,2019-10-20,Boston U.,Princeton,Home,,1,3.0,1.0,,7.0,5.0,,,,2.0,3.0,3.0,24.0,17.0,,,,1.0
68,2019-10-26,Boston U.,Holy Cross,Away,,5,4.0,5.0,7.0,18.0,11.0,32.0,,1.0,1.0,4.0,3.0,18.0,9.0,24.0,,1.0,
68,2019-10-27,Boston U.,Massachusetts,Home,,2,0.0,2.0,1.0,11.0,7.0,,,,1.0,,,4.0,2.0,,,,1.0
68,2019-10-30,Boston U.,Harvard,Away,,1,4.0,1.0,,7.0,4.0,26.0,,,,4.0,3.0,18.0,11.0,25.0,,,1.0
68,2019-11-02,Boston U.,Lehigh,Away,,1,,1.0,,16.0,11.0,,,,2.0,2.0,1.0,19.0,10.0,,,,
80,2019-09-07,Brown,Bryant,Home,,3,0.0,3.0,2.0,17.0,9.0,,,,,,,6.0,3.0,,,,2.0
80,2019-09-08,Brown,Providence,Away,,0,3.0,,,9.0,6.0,,,,1.0,3.0,2.0,13.0,10.0,,,,1.0
80,2019-09-10,Brown,Stanford,Home,,0,6.0,,,17.0,7.0,,,,1.0,6.0,5.0,17.0,11.0,,,,2.0
80,2019-09-13,Brown,Vermont,Away,,2,4.0,2.0,1.0,13.0,9.0,,,1.0,2.0,4.0,3.0,14.0,8.0,,,,1.0
80,2019-09-15,Brown,New Hampshire,Away,,2,4.0,2.0,2.0,9.0,5.0,,,1.0,,4.0,2.0,16.0,11.0,,,,2.0
80,2019-09-21,Brown,UAlbany,Home,,0,6.0,,,10.0,4.0,,,,2.0,6.0,4.0,18.0,14.0,,,,2.0
80,2019-09-22,Brown,Hofstra,Home,,3,0.0,3.0,1.0,13.0,8.0,,,,3.0,,,7.0,5.0,,,,
80,2019-09-27,Brown,Columbia,Away,,2,4.0,2.0,3.0,13.0,7.0,,,,,4.0,2.0,13.0,9.0,,,,1.0
80,2019-10-05,Brown,Dartmouth,Home,,3,1.0,3.0,3.0,17.0,10.0,,,1.0,2.0,1.0,1.0,10.0,4.0,,,,1.0
80,2019-10-10,Brown,California,Home,,3,2.0,3.0,3.0,9.0,6.0,,,,2.0,2.0,1.0,12.0,7.0,,,1.0,1.0
80,2019-10-13,Brown,Harvard,Away,,1,9.0,1.0,1.0,7.0,5.0,17.0,,,,9.0,6.0,24.0,18.0,21.0,,,1.0
80,2019-10-16,Brown,Holy Cross,Home,,1,0.0,1.0,1.0,15.0,8.0,,,,,,,12.0,9.0,,,,1.0
80,2019-10-19,Brown,Princeton,Home,,0,6.0,,,7.0,3.0,,,,,6.0,4.0,24.0,18.0,,,,
80,2019-10-26,Brown,Cornell,Away,,0,4.0,,,9.0,4.0,,,,1.0,4.0,5.0,13.0,9.0,,,,1.0
80,2019-10-27,Brown,Quinnipiac,Away,,2,5.0,2.0,2.0,15.0,10.0,35.0,,,1.0,5.0,5.0,17.0,13.0,32.0,,,1.0
80,2019-11-02,Brown,Penn,Home,,2,3.0,2.0,2.0,9.0,7.0,,,,1.0,3.0,1.0,18.0,11.0,,,,
80,2019-11-09,Brown,Yale,Away,,1,4.0,1.0,1.0,17.0,6.0,,,,1.0,4.0,4.0,13.0,6.0,,,,
81,2019-08-30,Bryant,Lock Haven,Away,,0,1.0,,,3.0,1.0,,,,,1.0,,16.0,8.0,,,1.0,
81,2019-09-06,Bryant,Providence,Away,,0,2.0,,,4.0,3.0,,,,,2.0,2.0,14.0,7.0,,,,
81,2019-09-07,Bryant,Brown,Away,,0,3.0,,,6.0,3.0,,,,2.0,3.0,2.0,17.0,9.0,,,,
81,2019-09-13,Bryant,Temple,Away,,0,2.0,,,8.0,4.0,,,,1.0,2.0,2.0,16.0,9.0,,,,
81,2019-09-15,Bryant,Drexel,Away,,0,6.0,,,5.0,3.0,,,,1.0,6.0,8.0,25.0,16.0,,,,
81,2019-09-20,Bryant,Hofstra,Home,,2,,2.0,2.0,11.0,7.0,,,,1.0,2.0,3.0,9.0,5.0,,,,1.0
81,2019-09-22,Bryant,UAlbany,Home,,0,1.0,,,2.0,,,,,,1.0,,23.0,10.0,,,,1.0
81,2019-09-24,Bryant,Holy Cross,Away,,1,,1.0,,18.0,12.0,16.0,,,,2.0,1.0,21.0,8.0,15.0,,,
81,2019-09-27,Bryant,New Hampshire,Home,,0,4.0,,,5.0,3.0,,,,1.0,4.0,2.0,17.0,8.0,,,,
81,2019-09-29,Bryant,Lehigh,Home,,2,1.0,2.0,,19.0,9.0,,,,,1.0,1.0,21.0,8.0,,,,
81,2019-10-04,Bryant,Merrimack,Home,,1,,1.0,,22.0,11.0,,,,,2.0,2.0,6.0,5.0,,,,
81,2019-10-06,Bryant,Lafayette,Home,,0,6.0,,,6.0,2.0,,,,1.0,6.0,6.0,25.0,15.0,,,,1.0
81,2019-10-11,Bryant,Fairfield,Home,,1,2.0,1.0,,8.0,3.0,,,,,2.0,1.0,13.0,6.0,,,,1.0
81,2019-10-13,Bryant,Wagner,Home,,4,0.0,4.0,3.0,19.0,15.0,,,,,,,12.0,3.0,,,,
81,2019-10-18,Bryant,Sacred Heart,Away,,1,4.0,1.0,1.0,11.0,3.0,33.0,,1.0,1.0,4.0,5.0,15.0,10.0,25.0,,,1.0
81,2019-10-20,Bryant,Northeastern,Away,,1,3.0,1.0,,3.0,2.0,,,,,3.0,,29.0,18.0,,,,
81,2019-10-25,Bryant,Rider,Away,,0,2.0,,,1.0,1.0,,,,1.0,2.0,1.0,19.0,10.0,,,,2.0
81,2019-10-27,Bryant,LIU,Home,,0,1.0,,,10.0,7.0,,,,,1.0,,11.0,5.0,,,,2.0
81,2019-11-03,Bryant,Colgate,Home,,0,1.0,,,12.0,7.0,,,,,1.0,,20.0,10.0,,,,1.0
83,2019-08-30,Bucknell,James Madison,Home,,2,3.0,2.0,2.0,8.0,6.0,,,,,3.0,2.0,15.0,12.0,,,,2.0
83,2019-09-01,Bucknell,Lock Haven,Away,,1,0.0,1.0,1.0,11.0,5.0,,,,1.0,,,11.0,2.0,,,,
83,2019-09-07,Bucknell,VCU,Away,,2,1.0,2.0,1.0,12.0,5.0,41.0,,,1.0,1.0,1.0,14.0,9.0,48.0,,,2.0
83,2019-09-08,Bucknell,Richmond,Away,,2,,2.0,2.0,12.0,7.0,,,,3.0,3.0,3.0,15.0,9.0,,,,2.0
83,2019-09-15,Bucknell,Syracuse,Home,,1,3.0,1.0,1.0,6.0,1.0,,,,2.0,3.0,3.0,23.0,12.0,,,,1.0
83,2019-09-21,Bucknell,Boston U.,Away,,1,0.0,1.0,,9.0,6.0,,,,1.0,,,13.0,5.0,,,,1.0
83,2019-09-22,Bucknell,Sacred Heart,Away,,2,1.0,2.0,2.0,9.0,7.0,10.0,,1.0,1.0,1.0,,6.0,3.0,29.0,,,1.0
83,2019-09-28,Bucknell,American,Away,,1,3.0,1.0,,6.0,2.0,9.0,,,2.0,3.0,1.0,11.0,8.0,14.0,,1.0,2.0
83,2019-09-29,Bucknell,Towson,Away,,3,0.0,3.0,1.0,17.0,11.0,6.0,,,,,,4.0,3.0,4.0,,,1.0
83,2019-10-06,Bucknell,Villanova,Away,,2,,2.0,1.0,16.0,11.0,23.0,,1.0,1.0,3.0,2.0,16.0,7.0,28.0,,,4.0
83,2019-10-12,Bucknell,Lehigh,Home,,8,2.0,8.0,7.0,19.0,15.0,,,,1.0,2.0,2.0,10.0,6.0,,,,1.0
83,2019-10-14,Bucknell,Yale,Away,,3,2.0,3.0,3.0,12.0,7.0,,,,2.0,2.0,1.0,22.0,16.0,,,,2.0
83,2019-10-15,Bucknell,Cornell,Away,,0,1.0,,,8.0,3.0,,,,1.0,1.0,,15.0,11.0,,,,
83,2019-10-19,Bucknell,Colgate,Home,,6,1.0,6.0,9.0,16.0,10.0,,,,1.0,1.0,,7.0,2.0,,,,1.0
83,2019-10-26,Bucknell,Lafayette,Away,,1,2.0,1.0,1.0,9.0,7.0,37.0,,,3.0,2.0,2.0,10.0,8.0,42.0,,1.0,
83,2019-10-30,Bucknell,Penn St.,Home,,0,3.0,,,1.0,1.0,,,1.0,,3.0,1.0,17.0,9.0,,,,
83,2019-11-02,Bucknell,Holy Cross,Home,,2,1.0,2.0,2.0,14.0,9.0,,,,2.0,1.0,1.0,2.0,1.0,,,2.0,2.0
83,2019-11-08,Bucknell,Lafayette,Home,,0,1.0,,,2.0,1.0,21.0,,,1.0,1.0,,15.0,8.0,20.0,,,
107,2019-08-30,California,Quinnipiac,Home,,5,1.0,5.0,3.0,29.0,22.0,,,,,1.0,1.0,8.0,7.0,,,,
107,2019-09-02,California,Northwestern,Home,,0,3.0,,,5.0,3.0,,,,1.0,3.0,3.0,18.0,11.0,,,,2.0
107,2019-09-08,California,Michigan,Home,,1,2.0,1.0,,7.0,3.0,,,,1.0,2.0,1.0,11.0,7.0,,,,1.0
107,2019-09-13,California,Iowa,Away,,2,4.0,2.0,1.0,4.0,4.0,,,,2.0,4.0,2.0,24.0,18.0,,,,
107,2019-09-14,California,Duke,Home,,1,4.0,1.0,1.0,5.0,2.0,,,,,4.0,1.0,23.0,14.0,,,,
107,2019-09-20,California,Stanford,Away,,0,2.0,,,13.0,7.0,,,,,2.0,4.0,10.0,8.0,,,,1.0
107,2019-09-26,California,Penn St.,Home,,4,,4.0,4.0,12.0,9.0,,,,,3.0,2.0,17.0,12.0,,,,1.0
107,2019-09-27,California,Delaware,Away,,1,4.0,1.0,1.0,4.0,4.0,,,,,4.0,1.0,10.0,7.0,,,,2.0
107,2019-09-29,California,Drexel,Away,,2,1.0,2.0,2.0,12.0,5.0,,,,2.0,1.0,1.0,5.0,5.0,,,,2.0
107,2019-10-04,California,Syracuse,Home,,3,,3.0,3.0,15.0,7.0,18.0,,1.0,1.0,4.0,,17.0,9.0,16.0,,,3.0
107,2019-10-06,California,Central Mich.,Home,,8,1.0,8.0,6.0,30.0,18.0,,,,,1.0,2.0,3.0,3.0,,,,
107,2019-10-10,California,Brown,Away,,2,3.0,2.0,1.0,12.0,7.0,,,1.0,1.0,3.0,3.0,9.0,6.0,,,,2.0
107,2019-10-11,California,Sacred Heart,Away,,6,0.0,6.0,4.0,23.0,16.0,12.0,,1.0,1.0,,,6.0,1.0,16.0,,,
107,2019-10-13,California,Cornell,Home,,3,1.0,3.0,4.0,23.0,18.0,,,,,1.0,1.0,10.0,6.0,,,,1.0
107,2019-10-18,California,UC Davis,Home,,3,,3.0,4.0,15.0,8.0,,,,,2.0,1.0,6.0,5.0,,,1.0,2.0
107,2019-10-22,California,Stanford,Home,,2,3.0,2.0,,10.0,5.0,,,,,3.0,3.0,10.0,7.0,,,,
107,2019-10-30,California,UC Davis,Away,,1,,1.0,,20.0,10.0,,,,1.0,1.0,,15.0,5.0,,,,2.0
107,2019-11-07,California,New Hampshire,Home,,2,1.0,2.0,2.0,13.0,9.0,,,,,1.0,,9.0,3.0,,,,1.0
107,2019-11-08,California,Monmouth,Away,,3,4.0,3.0,,10.0,7.0,,,,,4.0,4.0,19.0,11.0,,,,
129,2019-08-30,Central Mich.,Colgate,Home,,4,1.0,4.0,5.0,10.0,5.0,,,1.0,,1.0,1.0,11.0,2.0,,,,
129,2019-09-02,Central Mich.,Saint Louis,Home,,3,0.0,3.0,2.0,16.0,6.0,,,,2.0,,,3.0,2.0,,,,2.0
129,2019-09-06,Central Mich.,Iowa,Away,,0,11.0,,,,,,,,,11.0,9.0,36.0,24.0,,,,
129,2019-09-07,Central Mich.,Columbia,Home,,3,5.0,3.0,2.0,8.0,5.0,,,,1.0,5.0,3.0,25.0,14.0,,,,1.0
129,2019-09-10,Central Mich.,UC Davis,Home,,0,2.0,,,6.0,3.0,,,1.0,,2.0,1.0,20.0,12.0,,,1.0,1.0
129,2019-09-13,Central Mich.,Ohio St.,Away,,0,11.0,,,4.0,,18.0,,,,11.0,11.0,29.0,20.0,15.0,,,
129,2019-09-15,Central Mich.,Michigan,Home,,0,3.0,,,3.0,2.0,,,,,3.0,1.0,31.0,19.0,,,,
129,2019-09-20,Central Mich.,Longwood,Away,,0,1.0,,,2.0,1.0,33.0,,1.0,1.0,1.0,,32.0,16.0,26.0,,,1.0
129,2019-09-22,Central Mich.,Saint Francis,Away,,2,3.0,2.0,1.0,17.0,10.0,45.0,,,3.0,3.0,3.0,29.0,18.0,39.0,,,1.0
129,2019-09-28,Central Mich.,Ball St.,Away,,0,2.0,,,7.0,4.0,,,,1.0,2.0,1.0,11.0,6.0,,,,
129,2019-10-04,Central Mich.,App State,Home,,2,5.0,2.0,1.0,9.0,5.0,,,,,5.0,4.0,14.0,11.0,,,,
129,2019-10-06,Central Mich.,California,Away,,1,8.0,1.0,2.0,3.0,3.0,,,,,8.0,6.0,30.0,18.0,,,,
129,2019-10-08,Central Mich.,UC Davis,Away,,0,1.0,,,1.0,,,,,,1.0,,16.0,10.0,,,,
129,2019-10-13,Central Mich.,Ohio,Home,,1,6.0,1.0,,14.0,11.0,,,,,6.0,3.0,18.0,14.0,,,,
129,2019-10-18,Central Mich.,Kent St.,Home,,2,3.0,2.0,1.0,5.0,5.0,,,,,3.0,3.0,25.0,14.0,,,,
129,2019-10-25,Central Mich.,Indiana,Home,,2,3.0,2.0,1.0,9.0,4.0,,,,2.0,3.0,,21.0,15.0,,,1.0,
129,2019-10-27,Central Mich.,Michigan St.,Away,,0,3.0,,,4.0,2.0,,,,,3.0,1.0,36.0,21.0,,,,1.0
129,2019-11-02,Central Mich.,Miami (OH),Away,,0,5.0,,,5.0,3.0,,,,1.0,5.0,3.0,22.0,14.0,,,,
129,2019-11-06,Central Mich.,App State,Home,,0,2.0,,,6.0,3.0,,,,1.0,2.0,3.0,15.0,10.0,,,,1.0
153,2019-08-30,Colgate,Central Mich.,Away,,1,4.0,1.0,1.0,11.0,2.0,,,,,4.0,5.0,10.0,5.0,,,1.0,
153,2019-08-31,Colgate,Saint Louis,Home,,4,1.0,4.0,3.0,27.0,9.0,,,,1.0,1.0,,1.0,1.0,,,,1.0
153,2019-09-06,Colgate,Lock Haven,Home,,2,3.0,2.0,2.0,11.0,8.0,27.0,,,1.0,3.0,5.0,16.0,8.0,30.0,,,1.0
153,2019-09-08,Colgate,Towson,Home,,4,,4.0,2.0,20.0,11.0,27.0,,,,3.0,3.0,12.0,10.0,19.0,,,
153,2019-09-15,Colgate,Rider,Away,,1,5.0,1.0,1.0,8.0,6.0,,,,,5.0,5.0,24.0,18.0,,,,1.0
153,2019-09-17,Colgate,UAlbany,Home,,0,4.0,,,8.0,5.0,54.0,,,,4.0,5.0,19.0,11.0,46.0,,,
153,2019-09-21,Colgate,Lehigh,Home,,1,2.0,1.0,2.0,8.0,5.0,45.0,,,,2.0,2.0,15.0,9.0,40.0,,,
153,2019-09-22,Colgate,Syracuse,Home,,1,3.0,1.0,,6.0,3.0,23.0,,1.0,1.0,3.0,5.0,21.0,15.0,23.0,,,3.0
153,2019-09-28,Colgate,Lafayette,Away,,0,4.0,,,2.0,,35.0,,,2.0,4.0,6.0,15.0,11.0,35.0,,,1.0
153,2019-10-01,Colgate,Cornell,Home,,1,4.0,1.0,1.0,8.0,6.0,30.0,,,1.0,4.0,4.0,14.0,12.0,58.0,,,1.0
153,2019-10-05,Colgate,Holy Cross,Away,,0,2.0,,,9.0,4.0,23.0,,,1.0,2.0,1.0,13.0,5.0,23.0,,2.0,1.0
153,2019-10-06,Colgate,UMass Lowell,Away,,0,4.0,,,4.0,2.0,,,,,4.0,6.0,19.0,12.0,,,,1.0
153,2019-10-11,Colgate,Boston U.,Home,,1,6.0,1.0,,3.0,2.0,23.0,,,,6.0,5.0,21.0,15.0,34.0,,1.0,
153,2019-10-19,Colgate,Bucknell,Away,,1,6.0,1.0,,7.0,2.0,,,,1.0,6.0,9.0,16.0,10.0,,,,1.0
153,2019-10-26,Colgate,American,Home,,1,7.0,1.0,2.0,2.0,2.0,20.0,,,,7.0,6.0,21.0,12.0,22.0,,1.0,
153,2019-10-27,Colgate,Vermont,Home,,1,4.0,1.0,,9.0,3.0,22.0,,,,4.0,6.0,16.0,10.0,33.0,,,
153,2019-11-03,Colgate,Bryant,Away,,1,0.0,1.0,,20.0,10.0,,,,1.0,,,12.0,7.0,,,,
158,2019-09-07,Columbia,Central Mich.,Home,,5,3.0,5.0,3.0,25.0,14.0,,,,1.0,3.0,2.0,8.0,5.0,,,,1.0
158,2019-09-08,Columbia,Iowa,Away,,1,3.0,1.0,,4.0,1.0,,,,,3.0,2.0,33.0,17.0,,,,2.0
158,2019-09-14,Columbia,Boston U.,Home,,4,,4.0,3.0,8.0,5.0,34.0,,,1.0,3.0,1.0,16.0,11.0,32.0,,,2.0
158,2019-09-15,Columbia,Maine,Away,,3,2.0,3.0,2.0,11.0,11.0,29.0,,1.0,2.0,2.0,2.0,12.0,5.0,18.0,,2.0,1.0
158,2019-09-20,Columbia,Fairfield,Away,,0,1.0,,,4.0,1.0,23.0,,1.0,2.0,1.0,1.0,14.0,5.0,20.0,,1.0,2.0
158,2019-09-22,Columbia,UMass Lowell,Home,,1,2.0,1.0,1.0,9.0,6.0,,,2.0,1.0,2.0,1.0,9.0,5.0,,,,2.0
158,2019-09-27,Columbia,Brown,Home,,4,2.0,4.0,2.0,13.0,9.0,,,,1.0,2.0,3.0,13.0,7.0,,,,
158,2019-09-29,Columbia,Quinnipiac,Away,,2,1.0,2.0,2.0,6.0,3.0,44.0,,,,1.0,1.0,6.0,3.0,51.0,,,1.0
158,2019-10-05,Columbia,Cornell,Away,,0,,,,15.0,6.0,,,1.0,2.0,,,10.0,2.0,,,1.0,1.0
158,2019-10-06,Columbia,UAlbany,Home,,1,3.0,1.0,1.0,16.0,5.0,,,,1.0,3.0,3.0,13.0,10.0,,,,2.0
158,2019-10-12,Columbia,Princeton,Away,,1,8.0,1.0,1.0,10.0,4.0,,,,1.0,8.0,6.0,26.0,17.0,,,,
158,2019-10-18,Columbia,Penn,Home,,6,,6.0,5.0,12.0,8.0,,,,2.0,5.0,7.0,20.0,13.0,,,1.0,2.0
158,2019-10-20,Columbia,Monmouth,Away,,1,,1.0,1.0,15.0,6.0,,,,2.0,1.0,1.0,21.0,12.0,,,,3.0
158,2019-10-26,Columbia,Dartmouth,Away,,4,,4.0,3.0,20.0,11.0,,,,1.0,3.0,3.0,18.0,10.0,,,,4.0
158,2019-11-01,Columbia,Yale,Home,,3,,3.0,3.0,16.0,7.0,,,,,4.0,3.0,23.0,16.0,,,,1.0
158,2019-11-09,Columbia,Harvard,Home,,1,2.0,1.0,1.0,9.0,4.0,,,,1.0,2.0,2.0,13.0,6.0,,,,
167,2019-09-07,Cornell,Syracuse,Home,,2,1.0,2.0,3.0,10.0,6.0,,,,,1.0,,17.0,7.0,,,,
167,2019-09-08,Cornell,Lock Haven,Home,,3,,3.0,1.0,12.0,7.0,,,1.0,2.0,2.0,1.0,11.0,5.0,,,1.0,2.0
167,2019-09-15,Cornell,Saint Joseph's,Home,,2,4.0,2.0,1.0,9.0,5.0,,,,1.0,4.0,2.0,12.0,9.0,,,,
167,2019-09-23,Cornell,Lafayette,Home,,4,1.0,4.0,3.0,5.0,5.0,,,,1.0,1.0,1.0,17.0,7.0,,,,2.0
167,2019-09-28,Cornell,Penn,Away,,2,5.0,2.0,2.0,9.0,6.0,,,2.0,1.0,5.0,3.0,18.0,13.0,,,1.0,
167,2019-10-01,Cornell,Colgate,Away,,4,1.0,4.0,4.0,14.0,12.0,58.0,,,1.0,1.0,1.0,8.0,6.0,30.0,,,1.0
167,2019-10-05,Cornell,Columbia,Home,,1,,,,10.0,2.0,,,1.0,1.0,,,15.0,6.0,,,1.0,2.0
167,2019-10-12,Cornell,Yale,Away,,2,1.0,2.0,3.0,16.0,8.0,,,,2.0,1.0,,12.0,7.0,,,,1.0
167,2019-10-13,Cornell,California,Home,,1,3.0,1.0,1.0,10.0,6.0,,,,1.0,3.0,4.0,23.0,18.0,,,,
167,2019-10-15,Cornell,Bucknell,Home,,1,0.0,1.0,,15.0,11.0,,,,,,,8.0,3.0,,,,1.0
167,2019-10-19,Cornell,Harvard,Home,,0,2.0,,,9.0,4.0,,,,1.0,2.0,1.0,12.0,7.0,,,,3.0
167,2019-10-20,Cornell,UAlbany,Away,,0,5.0,,,13.0,6.0,,,1.0,,5.0,3.0,15.0,12.0,,,,
167,2019-10-23,Cornell,Lehigh,Home,,4,0.0,4.0,4.0,25.0,12.0,,,,1.0,,,6.0,4.0,,,,
167,2019-10-26,Cornell,Brown,Home,,4,0.0,4.0,5.0,13.0,9.0,,,,1.0,,,9.0,4.0,,,,1.0
167,2019-10-27,Cornell,Syracuse,Away,,1,3.0,1.0,2.0,4.0,2.0,13.0,,,3.0,3.0,2.0,19.0,10.0,10.0,,,1.0
167,2019-11-03,Cornell,Princeton,Away,,0,3.0,,,5.0,3.0,,,,1.0,3.0,2.0,26.0,14.0,,,,2.0
167,2019-11-09,Cornell,Dartmouth,Away,,3,2.0,3.0,6.0,16.0,10.0,,,,1.0,2.0,1.0,10.0,7.0,,,,2.0
172,2019-09-06,Dartmouth,Northeastern,Away,,1,8.0,1.0,1.0,4.0,2.0,,,,,8.0,6.0,26.0,18.0,,,,1.0
172,2019-09-08,Dartmouth,Massachusetts,Home,,0,,,,3.0,1.0,,,3.0,1.0,1.0,1.0,17.0,9.0,,,1.0,2.0
172,2019-09-13,Dartmouth,Boston College,Away,,2,5.0,2.0,3.0,4.0,3.0,,,,,5.0,3.0,33.0,26.0,,,,
172,2019-09-15,Dartmouth,Holy Cross,Away,,2,,2.0,2.0,24.0,14.0,16.0,,,2.0,1.0,1.0,17.0,8.0,12.0,,,1.0
172,2019-09-20,Dartmouth,New Hampshire,Home,,3,,3.0,1.0,10.0,6.0,,,,1.0,4.0,4.0,26.0,17.0,,,1.0,1.0
172,2019-09-22,Dartmouth,Merrimack,Home,,4,1.0,4.0,4.0,24.0,14.0,,,,1.0,1.0,1.0,5.0,2.0,,,,1.0
172,2019-09-28,Dartmouth,Princeton,Home,,0,4.0,,,4.0,2.0,,,,,4.0,5.0,25.0,16.0,,,,
172,2019-09-29,Dartmouth,UMass Lowell,Home,,4,,4.0,1.0,14.0,7.0,,,,,3.0,3.0,9.0,6.0,,,,3.0
172,2019-10-05,Dartmouth,Brown,Away,,1,3.0,1.0,1.0,10.0,4.0,,,,1.0,3.0,3.0,17.0,10.0,,,1.0,2.0
172,2019-10-06,Dartmouth,Providence,Away,,1,5.0,1.0,1.0,10.0,5.0,,,,1.0,5.0,4.0,24.0,17.0,,,,
172,2019-10-12,Dartmouth,Penn,Away,,3,,3.0,2.0,9.0,6.0,,,,2.0,4.0,4.0,22.0,17.0,,,,
172,2019-10-19,Dartmouth,Yale,Away,,0,6.0,,,20.0,10.0,,,,2.0,6.0,6.0,25.0,17.0,,,,
172,2019-10-20,Dartmouth,Maine,Home,,1,2.0,1.0,1.0,8.0,2.0,,,,,2.0,1.0,13.0,7.0,,,,
172,2019-10-26,Dartmouth,Columbia,Home,,3,,3.0,3.0,18.0,10.0,,,,4.0,4.0,3.0,20.0,11.0,,,,1.0
172,2019-11-02,Dartmouth,Harvard,Away,,1,7.0,1.0,1.0,4.0,3.0,16.0,,1.0,2.0,7.0,5.0,19.0,13.0,14.0,,,
172,2019-11-03,Dartmouth,Vermont,Away,,3,2.0,3.0,5.0,7.0,5.0,,,,1.0,2.0,2.0,16.0,11.0,,,,2.0
172,2019-11-09,Dartmouth,Cornell,Home,,2,3.0,2.0,1.0,10.0,7.0,,,,2.0,3.0,6.0,16.0,10.0,,,,1.0
173,2019-08-30,Davidson,Georgetown,Away,,2,5.0,2.0,,7.0,6.0,5.0,,,,5.0,2.0,22.0,16.0,3.0,,,
173,2019-09-01,Davidson,Ball St.,Home,,0,1.0,,,5.0,3.0,,,,2.0,1.0,1.0,8.0,8.0,,,2.0,1.0
173,2019-09-06,Davidson,Ohio,Home,,0,3.0,,,4.0,1.0,,,,,3.0,2.0,18.0,11.0,,,,
173,2019-09-08,Davidson,App State,Away,,0,3.0,,,9.0,5.0,,,,1.0,3.0,3.0,9.0,7.0,,,1.0,1.0
173,2019-09-14,Davidson,Merrimack,Home,,3,2.0,3.0,3.0,18.0,9.0,23.0,,,,2.0,2.0,13.0,4.0,12.0,,,1.0
173,2019-09-15,Davidson,Longwood,Away,,0,3.0,,,16.0,6.0,31.0,,,,3.0,1.0,19.0,12.0,36.0,,,
173,2019-09-20,Davidson,Saint Francis,Away,,2,,2.0,2.0,18.0,10.0,36.0,,,,3.0,2.0,20.0,8.0,39.0,,,1.0
173,2019-09-22,Davidson,Lock Haven,Away,,1,,1.0,1.0,3.0,2.0,,,,2.0,1.0,1.0,17.0,13.0,,,,
173,2019-09-27,Davidson,La Salle,Home,,0,3.0,,,3.0,1.0,,,,1.0,3.0,3.0,13.0,7.0,,,,
173,2019-09-29,Davidson,Miami (OH),Home,,0,1.0,,,4.0,1.0,,,,2.0,1.0,2.0,11.0,7.0,,,,
173,2019-10-04,Davidson,VCU,Away,,1,3.0,1.0,,8.0,2.0,25.0,,,1.0,3.0,3.0,14.0,10.0,32.0,,,1.0
173,2019-10-06,Davidson,Towson,Away,,3,2.0,3.0,3.0,7.0,4.0,3.0,,1.0,1.0,2.0,2.0,8.0,6.0,2.0,,,
173,2019-10-11,Davidson,Massachusetts,Home,,1,3.0,1.0,,8.0,6.0,,,,,3.0,3.0,14.0,9.0,,,,3.0
173,2019-10-13,Davidson,William & Mary,Home,,0,5.0,,,2.0,,,,1.0,1.0,5.0,5.0,23.0,12.0,,,,
173,2019-10-18,Davidson,Saint Louis,Home,,2,0.0,2.0,3.0,5.0,3.0,,,,,,,8.0,5.0,,,,
173,2019-10-20,Davidson,Wake Forest,Home,,1,2.0,1.0,1.0,4.0,3.0,,,,,2.0,2.0,8.0,5.0,,,,1.0
173,2019-10-25,Davidson,Saint Joseph's,Away,,0,5.0,,,2.0,1.0,,,,,5.0,3.0,24.0,13.0,,,,
173,2019-10-27,Davidson,Villanova,Away,,2,7.0,2.0,2.0,15.0,9.0,28.0,,,1.0,7.0,4.0,15.0,10.0,31.0,,,
173,2019-11-01,Davidson,Richmond,Home,,0,4.0,,,1.0,,,,,,4.0,3.0,21.0,16.0,,,,1.0
180,2019-08-30,Delaware,UAlbany,Home,,1,0.0,1.0,,6.0,4.0,,,,3.0,,,4.0,3.0,,,1.0,2.0
180,2019-09-02,Delaware,Miami (OH),Home,,2,1.0,2.0,1.0,17.0,11.0,,,,,1.0,1.0,5.0,5.0,,,,
180,2019-09-06,Delaware,American,Home,,4,0.0,4.0,3.0,9.0,4.0,,,1.0,1.0,,,4.0,4.0,,,,
180,2019-09-08,Delaware,Penn St.,Home,,3,1.0,3.0,4.0,15.0,9.0,,,,3.0,1.0,,3.0,3.0,,,,2.0
180,2019-09-13,Delaware,Rutgers,Away,,1,0.0,1.0,,11.0,4.0,,,,1.0,,,6.0,5.0,,,,2.0
180,2019-09-20,Delaware,Saint Joseph's,Away,,2,4.0,2.0,2.0,9.0,6.0,,,,1.0,4.0,3.0,13.0,8.0,,,,1.0
180,2019-09-27,Delaware,California,Home,,4,1.0,4.0,1.0,10.0,7.0,,,,2.0,1.0,1.0,4.0,4.0,,,,
180,2019-10-01,Delaware,Princeton,Home,,0,1.0,,,3.0,1.0,,,,2.0,1.0,,6.0,3.0,,,1.0,3.0
180,2019-10-04,Delaware,Richmond,Away,,1,0.0,1.0,1.0,11.0,8.0,,,,2.0,,,5.0,3.0,,,,
180,2019-10-06,Delaware,Northeastern,Away,,5,1.0,5.0,2.0,10.0,9.0,,,,2.0,1.0,1.0,10.0,4.0,,,1.0,1.0
180,2019-10-13,Delaware,UConn,Away,,0,3.0,,,8.0,4.0,,,,1.0,3.0,4.0,11.0,7.0,,,1.0,1.0
180,2019-10-18,Delaware,Towson,Home,,2,1.0,2.0,2.0,21.0,15.0,,,,2.0,1.0,1.0,4.0,3.0,,,1.0,
180,2019-10-20,Delaware,Penn,Away,,1,0.0,1.0,1.0,14.0,11.0,,,2.0,1.0,,,7.0,2.0,,,,1.0
180,2019-10-25,Delaware,Hofstra,Away,,8,4.0,8.0,5.0,26.0,19.0,,,,,4.0,5.0,9.0,6.0,,,,
180,2019-10-27,Delaware,Drexel,Away,,7,0.0,7.0,6.0,25.0,13.0,,,,,,,5.0,4.0,,,,
180,2019-11-01,Delaware,William & Mary,Home,,5,1.0,5.0,2.0,13.0,7.0,,,,,1.0,,4.0,2.0,,,,1.0
180,2019-11-03,Delaware,James Madison,Home,,1,0.0,1.0,2.0,8.0,7.0,,,,2.0,,,4.0,3.0,,,,2.0
180,2019-11-08,Delaware,James Madison,Home,,5,3.0,5.0,8.0,16.0,12.0,,,,1.0,3.0,4.0,9.0,7.0,,,,3.0
180,2019-11-10,Delaware,Northeastern,Home,,2,1.0,2.0,1.0,15.0,6.0,,,,,1.0,1.0,2.0,2.0,,,,1.0
180,2019-11-15,Delaware,Virginia,Away,,1,4.0,1.0,1.0,7.0,5.0,,,,2.0,4.0,2.0,18.0,11.0,,,,2.0
191,2019-08-30,Drexel,Ohio,Away,,2,4.0,2.0,2.0,9.0,6.0,,,,,4.0,3.0,14.0,9.0,,,,
191,2019-09-01,Drexel,Indiana,Away,,3,,3.0,2.0,14.0,8.0,8.0,,,2.0,4.0,3.0,25.0,14.0,11.0,,,1.0
191,2019-09-06,Drexel,Saint Joseph's,Away,,1,4.0,1.0,1.0,2.0,1.0,,,1.0,1.0,4.0,4.0,13.0,10.0,,,,1.0
191,2019-09-10,Drexel,Rider,Home,,1,3.0,1.0,1.0,12.0,5.0,,,,,3.0,2.0,7.0,5.0,,,,1.0
191,2019-09-15,Drexel,Bryant,Home,,6,0.0,6.0,8.0,25.0,16.0,,,,,,,5.0,3.0,,,,1.0
191,2019-09-20,Drexel,Monmouth,Away,,0,5.0,,,12.0,3.0,,,,1.0,5.0,5.0,16.0,11.0,,,,
191,2019-09-22,Drexel,Temple,Away,,2,3.0,2.0,1.0,18.0,7.0,,,,1.0,3.0,3.0,7.0,4.0,,,,3.0
191,2019-09-29,Drexel,California,Home,,1,2.0,1.0,1.0,5.0,5.0,,,,2.0,2.0,2.0,12.0,5.0,,,,2.0
191,2019-10-04,Drexel,Hofstra,Away,,1,0.0,1.0,,9.0,5.0,,,,,,,4.0,1.0,,,1.0,3.0
191,2019-10-06,Drexel,Yale,Home,,2,1.0,2.0,2.0,9.0,5.0,,,,1.0,1.0,,5.0,2.0,,,,1.0
191,2019-10-11,Drexel,James Madison,Away,,0,1.0,,,4.0,3.0,,,,,1.0,,13.0,10.0,,,1.0,1.0
191,2019-10-13,Drexel,Penn,Home,,1,,1.0,1.0,2.0,1.0,,,,1.0,2.0,1.0,17.0,9.0,,,,2.0
191,2019-10-18,Drexel,William & Mary,Home,,2,3.0,2.0,1.0,11.0,4.0,,,,2.0,3.0,1.0,17.0,9.0,,,1.0,1.0
191,2019-10-20,Drexel,Virginia,Home,,2,3.0,2.0,,8.0,5.0,,,,1.0,3.0,2.0,21.0,10.0,,,,1.0
191,2019-10-25,Drexel,Towson,Home,,4,3.0,4.0,4.0,24.0,12.0,,,,1.0,3.0,3.0,7.0,4.0,,,,1.0
191,2019-10-27,Drexel,Delaware,Home,,0,7.0,,,5.0,4.0,,,,,7.0,6.0,25.0,13.0,,,,
191,2019-11-01,Drexel,Northeastern,Away,,1,2.0,1.0,1.0,7.0,4.0,,,,1.0,2.0,2.0,13.0,7.0,,,,1.0
191,2019-11-03,Drexel,Fairfield,Away,,1,3.0,1.0,1.0,16.0,6.0,26.0,,,1.0,3.0,3.0,14.0,9.0,29.0,,,1.0
193,2019-08-30,Duke,Penn St.,Home,,4,1.0,4.0,1.0,17.0,11.0,,,,,1.0,1.0,9.0,3.0,,,1.0,
193,2019-09-01,Duke,William & Mary,Away,,4,0.0,4.0,3.0,17.0,9.0,,,,1.0,,,5.0,2.0,,,,1.0
193,2019-09-06,Duke,Northwestern,Away,,2,,2.0,1.0,15.0,8.0,,,,3.0,1.0,1.0,2.0,2.0,,,,3.0
193,2019-09-08,Duke,Maryland,Home,,1,0.0,1.0,1.0,8.0,6.0,,,1.0,2.0,,,9.0,5.0,,,,
193,2019-09-14,Duke,California,Home,,4,1.0,4.0,1.0,23.0,14.0,,,,,1.0,1.0,5.0,2.0,,,,
193,2019-09-15,Duke,Iowa,Away,,2,,2.0,,11.0,9.0,,,,1.0,1.0,1.0,12.0,5.0,,,,2.0
193,2019-09-22,Duke,Ohio,Home,,7,0.0,7.0,6.0,24.0,15.0,,,,1.0,,,8.0,3.0,,,,
193,2019-09-27,Duke,Syracuse,Home,,1,,1.0,,28.0,9.0,,,2.0,3.0,2.0,2.0,11.0,5.0,,,1.0,
193,2019-09-29,Duke,Stanford,Home,,1,0.0,1.0,1.0,11.0,4.0,,,,1.0,,,7.0,3.0,,,1.0,
193,2019-10-04,Duke,North Carolina,Away,,0,2.0,,,6.0,5.0,,,,,2.0,3.0,14.0,7.0,,,1.0,2.0
193,2019-10-06,Duke,Princeton,Home,,4,,4.0,2.0,13.0,7.0,,,,2.0,5.0,3.0,13.0,7.0,,,,2.0
193,2019-10-11,Duke,Wake Forest,Home,,4,0.0,4.0,1.0,12.0,7.0,,,,2.0,,,4.0,2.0,,,,1.0
193,2019-10-13,Duke,Old Dominion,Home,,1,0.0,1.0,,12.0,6.0,,,,2.0,,,3.0,2.0,,,,
193,2019-10-18,Duke,Virginia,Away,,2,,2.0,,12.0,7.0,,,,2.0,3.0,2.0,13.0,8.0,,,,3.0
193,2019-10-20,Duke,James Madison,Away,,2,0.0,2.0,,4.0,4.0,,,,,,,6.0,2.0,,,,1.0
193,2019-10-26,Duke,Louisville,Home,,0,1.0,,,7.0,2.0,,,,1.0,1.0,,9.0,4.0,,,,1.0
193,2019-10-27,Duke,Richmond,Home,,3,0.0,3.0,2.0,16.0,8.0,,,,2.0,,,13.0,5.0,,,1.0,2.0
193,2019-11-01,Duke,Boston College,Away,,0,1.0,,,5.0,3.0,,,,1.0,1.0,2.0,11.0,5.0,,,,2.0
193,2019-11-03,Duke,Liberty,Away,,3,,3.0,2.0,18.0,11.0,,,,1.0,2.0,1.0,8.0,7.0,,,,1.0
193,2019-11-07,Duke,Virginia,Home,,1,2.0,1.0,2.0,20.0,7.0,,,,1.0,2.0,2.0,4.0,2.0,,,1.0,3.0
193,2019-11-15,Duke,Iowa,Home,,2,3.0,2.0,,11.0,7.0,,,,1.0,3.0,2.0,9.0,3.0,,,,
220,2019-08-30,Fairfield,UMass Lowell,Away,,0,3.0,,,6.0,3.0,,,1.0,,3.0,1.0,16.0,10.0,,,,1.0
220,2019-09-01,Fairfield,Boston College,Away,,3,,3.0,3.0,12.0,7.0,,,,,2.0,1.0,35.0,17.0,,,,
220,2019-09-06,Fairfield,Vermont,Home,,2,1.0,2.0,2.0,12.0,9.0,25.0,,,2.0,1.0,1.0,1.0,1.0,19.0,,,1.0
220,2019-09-08,Fairfield,Saint Francis,Home,,5,0.0,5.0,5.0,18.0,11.0,17.0,,,1.0,,,4.0,,14.0,,,
220,2019-09-13,Fairfield,Kent St.,Home,,2,1.0,2.0,1.0,11.0,6.0,,,,,1.0,,7.0,3.0,,,,1.0
220,2019-09-15,Fairfield,Indiana,Home,,3,0.0,3.0,3.0,16.0,11.0,,,,2.0,,,4.0,2.0,,,,3.0
220,2019-09-20,Fairfield,Columbia,Home,,1,0.0,1.0,1.0,14.0,5.0,20.0,,1.0,2.0,,,4.0,1.0,23.0,,1.0,2.0
220,2019-09-22,Fairfield,Providence,Home,,2,1.0,2.0,1.0,8.0,4.0,29.0,,,1.0,1.0,2.0,21.0,9.0,22.0,,,1.0
220,2019-09-27,Fairfield,Northeastern,Home,,4,6.0,4.0,4.0,15.0,9.0,21.0,,,,6.0,2.0,14.0,12.0,27.0,,,1.0
220,2019-10-04,Fairfield,Sacred Heart,Home,,1,,1.0,1.0,22.0,16.0,37.0,,,,,,1.0,1.0,35.0,,,
220,2019-10-06,Fairfield,Holy Cross,Away,,3,1.0,3.0,3.0,17.0,9.0,21.0,,,1.0,1.0,1.0,12.0,6.0,14.0,,,
220,2019-10-11,Fairfield,Bryant,Away,,2,1.0,2.0,1.0,13.0,6.0,,,,1.0,1.0,,8.0,3.0,,,,
220,2019-10-18,Fairfield,Rider,Home,,2,,2.0,2.0,14.0,9.0,31.0,,,2.0,1.0,1.0,2.0,1.0,25.0,,,
220,2019-10-20,Fairfield,Villanova,Away,,2,,2.0,1.0,15.0,6.0,44.0,,,1.0,1.0,1.0,15.0,7.0,32.0,,,1.0
220,2019-10-24,Fairfield,Wagner,Away,,3,1.0,3.0,2.0,11.0,5.0,,,,2.0,1.0,,15.0,9.0,,,,2.0
220,2019-10-26,Fairfield,Merrimack,Away,,3,1.0,3.0,1.0,25.0,17.0,,,,1.0,1.0,1.0,5.0,4.0,,,1.0,
220,2019-11-01,Fairfield,LIU,Home,,6,0.0,6.0,3.0,15.0,9.0,19.0,,,1.0,,,2.0,2.0,18.0,,,1.0
220,2019-11-03,Fairfield,Drexel,Home,,3,1.0,3.0,3.0,14.0,9.0,29.0,,,1.0,1.0,1.0,16.0,6.0,26.0,,,1.0
220,2019-11-08,Fairfield,Sacred Heart,Home,,2,1.0,2.0,1.0,15.0,9.0,42.0,,1.0,4.0,1.0,1.0,5.0,3.0,45.0,,,1.0
220,2019-11-10,Fairfield,Rider,Home,,2,,2.0,2.0,8.0,5.0,44.0,,1.0,2.0,1.0,1.0,8.0,6.0,41.0,,2.0,2.0
220,2019-11-13,Fairfield,American,Home,,3,1.0,3.0,3.0,7.0,6.0,24.0,,,3.0,1.0,1.0,8.0,4.0,28.0,,,
220,2019-11-15,Fairfield,UConn,Away,,1,,1.0,1.0,2.0,2.0,,,,,2.0,,14.0,4.0,,,,
251,2019-08-30,Georgetown,Davidson,Home,,5,2.0,5.0,2.0,22.0,16.0,3.0,,,,2.0,,7.0,6.0,5.0,,,
251,2019-09-01,Georgetown,App State,Home,,0,1.0,,,10.0,7.0,,,,1.0,1.0,1.0,11.0,6.0,,,,2.0
251,2019-09-06,Georgetown,Longwood,Away,,2,1.0,2.0,1.0,11.0,6.0,17.0,,,,1.0,,22.0,14.0,15.0,,,1.0
251,2019-09-08,Georgetown,James Madison,Away,,2,3.0,2.0,1.0,4.0,3.0,,,,,3.0,3.0,12.0,7.0,,,,
251,2019-09-13,Georgetown,Rider,Away,,1,0.0,1.0,1.0,4.0,2.0,,,1.0,2.0,,,10.0,6.0,,,1.0,1.0
251,2019-09-15,Georgetown,Lehigh,Away,,0,3.0,,,12.0,6.0,,,,3.0,3.0,1.0,14.0,10.0,,,1.0,
251,2019-09-20,Georgetown,Villanova,Home,,3,2.0,3.0,1.0,6.0,5.0,,,1.0,1.0,2.0,,6.0,4.0,,,,1.0
251,2019-09-22,Georgetown,La Salle,Home,,2,1.0,2.0,,10.0,7.0,,,,,1.0,1.0,6.0,4.0,,,,
251,2019-09-27,Georgetown,Quinnipiac,Home,,1,,1.0,1.0,8.0,5.0,,,,1.0,1.0,1.0,6.0,5.0,,,1.0,3.0
251,2019-09-29,Georgetown,American,Away,,1,2.0,1.0,1.0,5.0,2.0,14.0,,,,2.0,2.0,14.0,7.0,11.0,,,
251,2019-10-04,Georgetown,Old Dominion,Away,,0,3.0,,,4.0,2.0,,,,,3.0,4.0,26.0,15.0,,,1.0,1.0
251,2019-10-06,Georgetown,William & Mary,Away,,2,7.0,2.0,3.0,10.0,7.0,,,,,7.0,6.0,37.0,25.0,,,,1.0
251,2019-10-11,Georgetown,Temple,Home,,1,,1.0,,7.0,6.0,,,,,2.0,1.0,10.0,5.0,,,,1.0
251,2019-10-13,Georgetown,Towson,Away,,2,,2.0,1.0,12.0,4.0,6.0,,,2.0,3.0,,9.0,6.0,4.0,,,2.0
251,2019-10-15,Georgetown,Saint Francis,Away,,1,,1.0,1.0,27.0,14.0,35.0,,,2.0,2.0,2.0,10.0,3.0,53.0,,,1.0
251,2019-10-18,Georgetown,Liberty,Home,,0,4.0,,,2.0,1.0,,,,,4.0,3.0,22.0,13.0,,,,
251,2019-10-25,Georgetown,Providence,Away,,0,2.0,,,7.0,5.0,,,,,2.0,1.0,12.0,7.0,,,,1.0
251,2019-11-01,Georgetown,UConn,Away,,0,5.0,,,3.0,2.0,,,,,5.0,4.0,21.0,12.0,,,,1.0
251,2019-11-03,Georgetown,Sacred Heart,Away,,2,0.0,2.0,1.0,11.0,4.0,,,,2.0,,,5.0,5.0,,,1.0,2.0
275,2019-09-06,Harvard,UAlbany,Away,,2,,2.0,3.0,17.0,12.0,37.0,,,2.0,1.0,1.0,5.0,2.0,48.0,,,3.0
275,2019-09-08,Harvard,UConn,Away,,0,3.0,,,9.0,5.0,,,,1.0,3.0,4.0,10.0,6.0,,,,1.0
275,2019-09-12,Harvard,Stanford,Home,,1,,1.0,,19.0,10.0,14.0,,,4.0,1.0,,8.0,7.0,21.0,,,1.0
275,2019-09-16,Harvard,Massachusetts,Away,,3,2.0,3.0,1.0,14.0,7.0,,,,1.0,2.0,3.0,5.0,5.0,,,,1.0
275,2019-09-22,Harvard,Maine,Home,,4,1.0,4.0,5.0,17.0,10.0,24.0,,,,1.0,,4.0,3.0,19.0,,,2.0
275,2019-09-28,Harvard,Yale,Away,,2,1.0,2.0,2.0,14.0,8.0,,,,1.0,1.0,,6.0,6.0,,,,
275,2019-09-29,Harvard,New Hampshire,Home,,5,0.0,5.0,4.0,22.0,14.0,18.0,,1.0,2.0,,,5.0,3.0,14.0,,,1.0
275,2019-10-05,Harvard,Penn,Home,,6,2.0,6.0,5.0,17.0,10.0,27.0,,,2.0,2.0,2.0,11.0,6.0,26.0,,,1.0
275,2019-10-06,Harvard,Liberty,Home,,2,,2.0,2.0,11.0,4.0,35.0,,,1.0,1.0,,12.0,5.0,35.0,,,2.0
275,2019-10-10,Harvard,Boston College,Away,,0,1.0,,,6.0,3.0,,,,2.0,1.0,1.0,7.0,5.0,,,,
275,2019-10-13,Harvard,Brown,Home,,9,1.0,9.0,6.0,24.0,18.0,21.0,,,1.0,1.0,1.0,7.0,5.0,17.0,,,
275,2019-10-15,Harvard,UMass Lowell,Home,,4,0.0,4.0,2.0,21.0,12.0,22.0,1.0,,1.0,,,8.0,4.0,17.0,,,2.0
275,2019-10-19,Harvard,Cornell,Away,,2,0.0,2.0,1.0,12.0,7.0,,,,3.0,,,9.0,4.0,,,,1.0
275,2019-10-26,Harvard,Princeton,Home,,2,3.0,2.0,2.0,7.0,3.0,27.0,,,1.0,3.0,3.0,12.0,8.0,25.0,,,2.0
275,2019-10-30,Harvard,Boston U.,Home,,4,1.0,4.0,3.0,18.0,11.0,25.0,,,1.0,1.0,,7.0,4.0,26.0,,,
275,2019-11-02,Harvard,Dartmouth,Home,,7,1.0,7.0,5.0,19.0,13.0,14.0,,,,1.0,1.0,4.0,3.0,16.0,,1.0,2.0
275,2019-11-09,Harvard,Columbia,Away,,2,1.0,2.0,2.0,13.0,6.0,,,,,1.0,1.0,9.0,4.0,,,,1.0
283,2019-08-30,Hofstra,Wagner,Home,,0,3.0,,,14.0,6.0,,,,,3.0,2.0,11.0,4.0,,,,
283,2019-09-01,Hofstra,Saint Joseph's,Home,,1,9.0,1.0,,1.0,1.0,,,1.0,1.0,9.0,5.0,30.0,16.0,,,,
283,2019-09-04,Hofstra,Monmouth,Home,,0,6.0,,,6.0,1.0,,,,,6.0,5.0,32.0,18.0,,,,
283,2019-09-08,Hofstra,Vermont,Home,,0,1.0,,,6.0,3.0,,,2.0,2.0,1.0,,14.0,8.0,,,,1.0
283,2019-09-11,Hofstra,Sacred Heart,Home,,3,1.0,3.0,2.0,22.0,13.0,,,1.0,2.0,1.0,,17.0,6.0,,,,2.0
283,2019-09-16,Hofstra,Quinnipiac,Home,,3,2.0,3.0,1.0,14.0,9.0,,,,1.0,2.0,4.0,16.0,11.0,,,,
283,2019-09-20,Hofstra,Bryant,Away,,4,,2.0,3.0,9.0,5.0,,,,1.0,2.0,2.0,11.0,7.0,,,,1.0
283,2019-09-22,Hofstra,Brown,Away,,0,3.0,,,7.0,5.0,,,,,3.0,1.0,13.0,8.0,,,,3.0
283,2019-09-29,Hofstra,Yale,Home,,2,1.0,2.0,2.0,8.0,3.0,,,,2.0,1.0,2.0,11.0,5.0,,,,
283,2019-10-04,Hofstra,Drexel,Home,,0,1.0,,,4.0,1.0,,,1.0,3.0,1.0,,9.0,5.0,,,,
283,2019-10-06,Hofstra,Merrimack,Home,,4,0.0,4.0,3.0,22.0,15.0,,,2.0,1.0,,,4.0,1.0,,,,
283,2019-10-11,Hofstra,William & Mary,Away,,2,4.0,2.0,3.0,7.0,5.0,,,,,4.0,4.0,25.0,13.0,,,,
283,2019-10-13,Hofstra,James Madison,Away,,0,4.0,,,2.0,,,,,,4.0,4.0,16.0,14.0,,,,
283,2019-10-19,Hofstra,LIU,Home,,3,1.0,3.0,3.0,11.0,6.0,,,,,1.0,1.0,13.0,10.0,,,,
283,2019-10-20,Hofstra,Rider,Home,,1,4.0,1.0,2.0,7.0,4.0,,,3.0,1.0,4.0,3.0,15.0,9.0,,,,
283,2019-10-25,Hofstra,Delaware,Home,,4,8.0,4.0,5.0,9.0,6.0,,,,,8.0,5.0,26.0,19.0,,,,
283,2019-10-27,Hofstra,Towson,Home,,3,0.0,3.0,4.0,13.0,8.0,,,1.0,2.0,,,6.0,1.0,,,,2.0
283,2019-11-03,Hofstra,Northeastern,Away,,4,,4.0,4.0,10.0,8.0,,,,,3.0,1.0,19.0,10.0,,,,1.0
285,2019-08-30,Holy Cross,Northeastern,Home,,0,3.0,,,11.0,6.0,20.0,,,,3.0,3.0,25.0,17.0,18.0,,,
285,2019-09-06,Holy Cross,Merrimack,Home,,4,1.0,4.0,4.0,31.0,19.0,15.0,,,,1.0,,11.0,6.0,10.0,,,
285,2019-09-08,Holy Cross,New Hampshire,Away,,1,2.0,1.0,1.0,11.0,6.0,,,1.0,1.0,2.0,1.0,12.0,10.0,,,1.0,2.0
285,2019-09-13,Holy Cross,Sacred Heart,Away,,2,0.0,2.0,2.0,31.0,23.0,28.0,,,1.0,,,10.0,4.0,35.0,,,
285,2019-09-15,Holy Cross,Dartmouth,Home,,1,,1.0,1.0,17.0,8.0,12.0,,,1.0,2.0,2.0,24.0,14.0,16.0,,,2.0
285,2019-09-21,Holy Cross,Lafayette,Away,,0,8.0,,,7.0,2.0,23.0,,,,8.0,4.0,34.0,23.0,23.0,,,
285,2019-09-24,Holy Cross,Bryant,Home,,2,,2.0,1.0,21.0,8.0,15.0,,,,1.0,,18.0,12.0,16.0,,,
285,2019-09-28,Holy Cross,Lehigh,Home,,4,2.0,4.0,4.0,17.0,13.0,25.0,,,,2.0,1.0,15.0,10.0,22.0,,,1.0
285,2019-10-05,Holy Cross,Colgate,Home,,2,0.0,2.0,1.0,13.0,5.0,23.0,,2.0,1.0,,,9.0,4.0,23.0,,,1.0
285,2019-10-06,Holy Cross,Fairfield,Home,,1,3.0,1.0,1.0,12.0,6.0,14.0,,,,3.0,3.0,17.0,9.0,21.0,,,1.0
285,2019-10-11,Holy Cross,American,Away,,2,3.0,2.0,1.0,3.0,3.0,12.0,,,2.0,3.0,3.0,21.0,14.0,14.0,,,4.0
285,2019-10-13,Holy Cross,Vermont,Home,,2,1.0,2.0,2.0,7.0,4.0,24.0,,,1.0,1.0,1.0,16.0,7.0,20.0,,1.0,
285,2019-10-16,Holy Cross,Brown,Away,,0,1.0,,,12.0,9.0,,,,1.0,1.0,1.0,15.0,8.0,,,,
285,2019-10-20,Holy Cross,UMass Lowell,Away,,1,2.0,1.0,1.0,5.0,2.0,,,,2.0,2.0,2.0,23.0,14.0,,,,1.0
285,2019-10-26,Holy Cross,Boston U.,Home,,4,5.0,4.0,3.0,18.0,9.0,24.0,,1.0,,5.0,7.0,18.0,11.0,32.0,,1.0,1.0
285,2019-10-27,Holy Cross,Monmouth,Home,,1,2.0,1.0,1.0,10.0,4.0,18.0,,,,2.0,2.0,30.0,18.0,17.0,,,
285,2019-11-02,Holy Cross,Bucknell,Away,,1,2.0,1.0,1.0,2.0,1.0,,,2.0,2.0,2.0,2.0,14.0,9.0,,,,2.0
285,2019-11-08,Holy Cross,American,Away,,1,5.0,1.0,1.0,2.0,1.0,22.0,,,,5.0,5.0,10.0,8.0,25.0,,,2.0
306,2019-08-30,Indiana,Louisville,Away,,0,5.0,,,2.0,2.0,,,,,5.0,3.0,21.0,14.0,,,,
306,2019-09-01,Indiana,Drexel,Home,,4,,4.0,3.0,25.0,14.0,11.0,,,1.0,3.0,2.0,14.0,8.0,8.0,,,2.0
306,2019-09-06,Indiana,Miami (OH),Home,,2,5.0,2.0,1.0,8.0,3.0,,,,1.0,5.0,2.0,20.0,9.0,,,1.0,1.0
306,2019-09-08,Indiana,Ball St.,Home,,2,1.0,2.0,1.0,9.0,5.0,,,,1.0,1.0,2.0,15.0,6.0,,,1.0,1.0
306,2019-09-13,Indiana,Saint Louis,Away,,3,0.0,3.0,1.0,16.0,11.0,,,,,,,3.0,1.0,,,,1.0
306,2019-09-15,Indiana,Fairfield,Home,,0,3.0,,,4.0,2.0,,,,3.0,3.0,3.0,16.0,11.0,,,,2.0
306,2019-09-20,Indiana,Michigan St.,Away,,4,2.0,4.0,4.0,13.0,8.0,,,,4.0,2.0,3.0,15.0,8.0,,,,4.0
306,2019-09-27,Indiana,Michigan,Home,,0,5.0,,,1.0,1.0,8.0,,,1.0,5.0,3.0,21.0,14.0,12.0,,,1.0
306,2019-09-29,Indiana,Ohio St.,Home,,2,6.0,2.0,2.0,5.0,4.0,,,,,6.0,1.0,34.0,19.0,,,1.0,1.0
306,2019-10-04,Indiana,Penn St.,Home,,1,3.0,1.0,1.0,5.0,2.0,1.0,,,2.0,3.0,3.0,22.0,15.0,1.0,,,
306,2019-10-06,Indiana,Kent St.,Home,,1,5.0,1.0,1.0,6.0,2.0,,,,1.0,5.0,2.0,14.0,9.0,,,,2.0
306,2019-10-11,Indiana,Rutgers,Away,,2,3.0,2.0,1.0,5.0,4.0,,,,2.0,3.0,2.0,20.0,14.0,,,,1.0
306,2019-10-13,Indiana,Maryland,Away,,0,6.0,,,6.0,5.0,,,,1.0,6.0,6.0,19.0,17.0,,,,1.0
306,2019-10-18,Indiana,Iowa,Home,,1,6.0,1.0,,5.0,4.0,,,1.0,1.0,6.0,5.0,19.0,9.0,,,,
306,2019-10-20,Indiana,Ohio,Away,,1,,1.0,,16.0,9.0,,,2.0,2.0,2.0,,19.0,8.0,,,1.0,2.0
306,2019-10-25,Indiana,Central Mich.,Away,,3,2.0,3.0,,21.0,15.0,,,1.0,,2.0,1.0,9.0,4.0,,,,2.0
306,2019-11-01,Indiana,Northwestern,Away,,0,6.0,,,6.0,5.0,,,,,6.0,6.0,30.0,19.0,,,,1.0
312,2019-08-30,Iowa,Wake Forest,Home,,2,,2.0,1.0,11.0,4.0,,,,1.0,1.0,1.0,7.0,3.0,,,,
312,2019-09-01,Iowa,North Carolina,Home,,1,2.0,1.0,1.0,7.0,3.0,,,1.0,1.0,2.0,2.0,10.0,7.0,,,,1.0
312,2019-09-06,Iowa,Central Mich.,Home,,11,0.0,11.0,9.0,36.0,24.0,,,,,,,,,,,,
312,2019-09-08,Iowa,Columbia,Home,,3,1.0,3.0,2.0,33.0,17.0,,,,2.0,1.0,,4.0,1.0,,,,
312,2019-09-13,Iowa,California,Home,,4,2.0,4.0,2.0,24.0,18.0,,,,,2.0,1.0,4.0,4.0,,,,2.0
312,2019-09-15,Iowa,Duke,Home,,1,,1.0,1.0,12.0,5.0,,,,2.0,2.0,,11.0,9.0,,,,1.0
312,2019-09-21,Iowa,Kent St.,Home,,5,1.0,5.0,3.0,13.0,11.0,,,,,1.0,1.0,7.0,5.0,,,,
312,2019-09-27,Iowa,Ohio St.,Home,,2,1.0,2.0,1.0,15.0,4.0,,,,1.0,1.0,1.0,5.0,3.0,,,,2.0
312,2019-09-29,Iowa,Michigan St.,Home,,5,0.0,5.0,2.0,32.0,18.0,,,,1.0,,,7.0,2.0,,,,
312,2019-10-04,Iowa,Rutgers,Home,,2,1.0,2.0,4.0,8.0,8.0,,,,1.0,1.0,1.0,7.0,4.0,,,,1.0
312,2019-10-06,Iowa,UC Davis,Home,,3,1.0,3.0,3.0,24.0,14.0,,,,,1.0,1.0,1.0,1.0,,,,
312,2019-10-11,Iowa,Maryland,Away,,0,3.0,,,12.0,7.0,,,1.0,1.0,3.0,2.0,13.0,7.0,,,,2.0
312,2019-10-13,Iowa,Penn St.,Away,,4,1.0,4.0,4.0,11.0,9.0,,,1.0,1.0,1.0,1.0,6.0,2.0,,,2.0,1.0
312,2019-10-18,Iowa,Indiana,Away,,6,1.0,6.0,5.0,19.0,9.0,,,,,1.0,,5.0,4.0,,,1.0,1.0
312,2019-10-20,Iowa,Louisville,Away,,2,,2.0,3.0,15.0,11.0,,,,1.0,3.0,1.0,11.0,8.0,,,,1.0
312,2019-10-26,Iowa,Northwestern,Home,,2,1.0,2.0,1.0,9.0,5.0,,,,,1.0,1.0,2.0,1.0,,,,3.0
312,2019-11-03,Iowa,Michigan,Away,,1,0.0,1.0,2.0,3.0,2.0,,,1.0,2.0,,,9.0,6.0,,,,1.0
312,2019-11-07,Iowa,Ohio St.,Home,,4,1.0,4.0,5.0,15.0,8.0,,,,2.0,1.0,,5.0,2.0,,,,1.0
312,2019-11-09,Iowa,Northwestern,Home,,2,1.0,2.0,2.0,12.0,7.0,,,1.0,2.0,1.0,2.0,7.0,3.0,,,,
312,2019-11-10,Iowa,Penn St.,Away,,1,,1.0,1.0,5.0,3.0,,,,3.0,,,6.0,5.0,,,1.0,2.0
312,2019-11-15,Iowa,Duke,Home,,3,2.0,3.0,2.0,9.0,3.0,,,,,2.0,,11.0,7.0,,,,1.0
312,2019-11-17,Iowa,North Carolina,Away,,1,2.0,1.0,1.0,7.0,3.0,,,,2.0,2.0,2.0,2.0,2.0,,,,
317,2019-08-30,James Madison,Bucknell,Away,,3,2.0,3.0,2.0,15.0,12.0,,,,2.0,2.0,2.0,8.0,6.0,,,,
317,2019-09-01,James Madison,Liberty,Away,,1,5.0,1.0,,4.0,2.0,,,,1.0,5.0,4.0,16.0,12.0,,,,1.0
317,2019-09-06,James Madison,Ohio St.,Home,,0,3.0,,,7.0,4.0,,,,2.0,3.0,,7.0,6.0,,,,
317,2019-09-08,James Madison,Georgetown,Home,,3,2.0,3.0,3.0,12.0,7.0,,,,,2.0,1.0,4.0,3.0,,,,
317,2019-09-13,James Madison,American,Home,,1,2.0,1.0,,7.0,3.0,,,1.0,1.0,2.0,1.0,9.0,7.0,,,2.0,2.0
317,2019-09-15,James Madison,Maryland,Away,,0,4.0,,,11.0,5.0,,,1.0,2.0,4.0,3.0,25.0,17.0,,,,2.0
317,2019-09-22,James Madison,Old Dominion,Home,,3,1.0,3.0,2.0,9.0,6.0,,,,,1.0,,8.0,8.0,,,,1.0
317,2019-09-24,James Madison,Virginia,Away,,0,2.0,,,6.0,2.0,,,,,2.0,1.0,11.0,6.0,,,,1.0
317,2019-09-29,James Madison,North Carolina,Home,,0,9.0,,,5.0,2.0,,,,2.0,9.0,3.0,18.0,14.0,,,,
317,2019-10-04,James Madison,William & Mary,Away,,2,5.0,2.0,1.0,14.0,7.0,,,,,5.0,5.0,19.0,10.0,,,,
317,2019-10-06,James Madison,Richmond,Away,,2,1.0,2.0,1.0,20.0,9.0,,,1.0,3.0,1.0,1.0,10.0,7.0,,,,3.0
317,2019-10-11,James Madison,Drexel,Home,,1,0.0,1.0,,13.0,10.0,,,1.0,1.0,,,4.0,3.0,,,,
317,2019-10-13,James Madison,Hofstra,Home,,4,0.0,4.0,4.0,16.0,14.0,,,,,,,2.0,,,,,
317,2019-10-20,James Madison,Duke,Home,,0,2.0,,,6.0,2.0,,,,1.0,2.0,,4.0,4.0,,,,
317,2019-10-25,James Madison,Northeastern,Home,,1,3.0,1.0,1.0,12.0,8.0,,,,1.0,3.0,2.0,9.0,7.0,,,,1.0
317,2019-10-27,James Madison,Saint Francis,Home,,4,1.0,4.0,6.0,18.0,12.0,,,,1.0,1.0,1.0,5.0,4.0,,,,1.0
317,2019-11-01,James Madison,Towson,Away,,3,1.0,3.0,1.0,24.0,12.0,1.0,,,,1.0,,2.0,1.0,,,,
317,2019-11-03,James Madison,Delaware,Away,,0,1.0,,,4.0,3.0,,,,2.0,1.0,2.0,8.0,7.0,,,,2.0
317,2019-11-08,James Madison,Delaware,Away,,3,5.0,3.0,4.0,9.0,7.0,,,,3.0,5.0,8.0,16.0,12.0,,,,1.0
331,2019-08-30,Kent St.,Saint Francis,Home,,5,2.0,5.0,4.0,20.0,13.0,,,,1.0,2.0,2.0,6.0,5.0,,,,
331,2019-09-01,Kent St.,Michigan St.,Home,,0,1.0,,,13.0,4.0,,,1.0,2.0,1.0,,6.0,6.0,,,1.0,1.0
331,2019-09-04,Kent St.,Louisville,Away,,2,4.0,2.0,1.0,7.0,4.0,,,,,4.0,2.0,14.0,9.0,,,,
331,2019-09-06,Kent St.,Temple,Home,,3,0.0,3.0,3.0,17.0,5.0,,,,2.0,,,12.0,7.0,,,,
331,2019-09-08,Kent St.,Maine,Home,,2,1.0,2.0,2.0,10.0,4.0,,,1.0,2.0,1.0,1.0,16.0,13.0,,,,
331,2019-09-13,Kent St.,Fairfield,Home,,1,2.0,1.0,,7.0,3.0,,,,1.0,2.0,1.0,11.0,6.0,,,,
331,2019-09-15,Kent St.,Saint Louis,Away,,5,0.0,5.0,5.0,23.0,15.0,,,,,,,4.0,2.0,,,,
331,2019-09-21,Kent St.,Iowa,Home,,1,5.0,1.0,1.0,7.0,5.0,,,,,5.0,3.0,13.0,11.0,,,,
331,2019-09-22,Kent St.,Michigan,Away,,0,4.0,,,3.0,2.0,,,,1.0,4.0,2.0,23.0,15.0,,,,1.0
331,2019-09-28,Kent St.,Ohio,Home,,5,1.0,5.0,3.0,28.0,13.0,,,,1.0,1.0,1.0,10.0,7.0,,,,1.0
331,2019-10-04,Kent St.,Ball St.,Away,,1,0.0,1.0,1.0,16.0,10.0,,,,,,,8.0,6.0,,,,
331,2019-10-06,Kent St.,Indiana,Away,,5,1.0,5.0,2.0,14.0,9.0,,,,2.0,1.0,1.0,6.0,2.0,,,,1.0
331,2019-10-11,Kent St.,Miami (OH),Home,,3,2.0,3.0,1.0,10.0,7.0,,,,1.0,2.0,4.0,22.0,15.0,,,,1.0
331,2019-10-18,Kent St.,Central Mich.,Away,,3,2.0,3.0,3.0,25.0,14.0,,,,,2.0,1.0,5.0,5.0,,,,
331,2019-10-20,Kent St.,Northwestern,Away,,0,5.0,,,1.0,1.0,,,,1.0,5.0,6.0,18.0,12.0,,,,1.0
331,2019-10-25,Kent St.,App State,Away,,3,0.0,3.0,3.0,17.0,13.0,,,,,,,8.0,6.0,,,,
331,2019-10-27,Kent St.,Ohio St.,Home,,0,4.0,,,6.0,4.0,,,,,4.0,2.0,18.0,11.0,,,,1.0
331,2019-11-02,Kent St.,Longwood,Home,,1,,1.0,2.0,11.0,5.0,,,,2.0,2.0,2.0,12.0,8.0,,,1.0,1.0
331,2019-11-08,Kent St.,Longwood,Home,,2,1.0,2.0,,21.0,7.0,,,,1.0,1.0,,7.0,3.0,,,,4.0
331,2019-11-09,Kent St.,Miami (OH),Home,,1,2.0,1.0,,9.0,3.0,,,1.0,3.0,2.0,1.0,11.0,6.0,,,,2.0
361,2019-08-31,LIU,Longwood,Home,,0,4.0,,,16.0,9.0,,,,,4.0,1.0,8.0,6.0,,,1.0,2.0
361,2019-09-06,LIU,VCU,Away,,1,3.0,1.0,,7.0,3.0,45.0,,,2.0,3.0,2.0,20.0,10.0,54.0,,,
361,2019-09-08,LIU,William & Mary,Away,,0,2.0,,,6.0,3.0,,,1.0,2.0,2.0,1.0,26.0,11.0,,,2.0,2.0
361,2019-09-15,LIU,La Salle,Away,,2,,2.0,2.0,19.0,12.0,69.0,,,1.0,2.0,2.0,20.0,11.0,47.0,,1.0,1.0
361,2019-09-22,LIU,Towson,Home,,3,2.0,3.0,3.0,10.0,6.0,,,1.0,3.0,2.0,1.0,6.0,4.0,,,,
361,2019-09-27,LIU,Saint Francis,Away,,1,,1.0,1.0,10.0,5.0,56.0,,,1.0,2.0,2.0,23.0,18.0,44.0,,,2.0
361,2019-09-29,LIU,Lock Haven,Away,,1,0.0,1.0,1.0,3.0,2.0,,,,,,,11.0,6.0,,,,
361,2019-10-06,LIU,Lehigh,Away,,2,1.0,2.0,1.0,14.0,10.0,,,,1.0,1.0,1.0,12.0,6.0,,,,
361,2019-10-11,LIU,Wagner,Home,,2,1.0,2.0,2.0,9.0,5.0,,,,1.0,1.0,1.0,5.0,4.0,,,,
361,2019-10-13,LIU,Rider,Away,,1,2.0,1.0,2.0,4.0,4.0,,,1.0,2.0,2.0,1.0,10.0,9.0,,,1.0,1.0
361,2019-10-18,LIU,Merrimack,Home,,4,1.0,4.0,2.0,15.0,12.0,,,,,1.0,1.0,10.0,6.0,,,1.0,
361,2019-10-19,LIU,Hofstra,Away,,1,3.0,1.0,1.0,13.0,10.0,,,,,3.0,3.0,11.0,6.0,,,,
361,2019-10-25,LIU,Sacred Heart,Home,,3,,3.0,2.0,18.0,12.0,,,,2.0,2.0,1.0,10.0,7.0,,,,2.0
361,2019-10-27,LIU,Bryant,Away,,1,0.0,1.0,,11.0,5.0,,,,2.0,,,10.0,7.0,,,,
361,2019-11-01,LIU,Fairfield,Away,,0,6.0,,,2.0,2.0,18.0,,,1.0,6.0,3.0,15.0,9.0,19.0,,,1.0
361,2019-11-03,LIU,Temple,Away,,0,3.0,,,4.0,1.0,,,,1.0,3.0,3.0,14.0,10.0,,,,
361,2019-11-08,LIU,Rider,Home,,0,3.0,,,3.0,2.0,45.0,,,,3.0,2.0,13.0,10.0,50.0,,,2.0
340,2019-08-30,La Salle,Sacred Heart,Home,,3,0.0,3.0,3.0,16.0,9.0,62.0,,,2.0,,,4.0,2.0,48.0,,,2.0
340,2019-09-01,La Salle,Temple,Away,,0,3.0,,,8.0,3.0,1.0,,2.0,1.0,3.0,4.0,11.0,10.0,,,2.0,2.0
340,2019-09-06,La Salle,Rider,Away,,1,,1.0,,14.0,10.0,,,1.0,1.0,2.0,2.0,17.0,10.0,,,1.0,2.0
340,2019-09-08,La Salle,Wagner,Away,,6,0.0,6.0,4.0,34.0,19.0,,,,,,,3.0,2.0,,,1.0,1.0
340,2019-09-15,La Salle,LIU,Home,,3,,2.0,2.0,20.0,11.0,47.0,,1.0,1.0,2.0,2.0,19.0,12.0,69.0,,,1.0
340,2019-09-20,La Salle,Towson,Away,,1,3.0,1.0,1.0,8.0,2.0,2.0,,,1.0,3.0,3.0,6.0,4.0,3.0,,1.0,2.0
340,2019-09-22,La Salle,Georgetown,Away,,1,2.0,1.0,1.0,6.0,4.0,,,,,2.0,,10.0,7.0,,,,
340,2019-09-27,La Salle,Davidson,Away,,3,0.0,3.0,3.0,13.0,7.0,,,,,,,3.0,1.0,,,,1.0
340,2019-09-29,La Salle,App State,Away,,0,1.0,,,4.0,3.0,,,,1.0,1.0,1.0,16.0,9.0,,,1.0,
340,2019-10-04,La Salle,Saint Louis,Home,,5,2.0,5.0,4.0,26.0,17.0,45.0,,,,2.0,2.0,6.0,4.0,60.0,,,3.0
340,2019-10-06,La Salle,Lock Haven,Home,,0,1.0,,,5.0,3.0,68.0,,,,1.0,,7.0,4.0,73.0,,,1.0
340,2019-10-11,La Salle,Saint Francis,Home,,3,2.0,3.0,3.0,28.0,16.0,45.0,,,,2.0,,3.0,3.0,59.0,,1.0,5.0
340,2019-10-13,La Salle,Villanova,Away,,3,8.0,3.0,3.0,19.0,10.0,29.0,,,1.0,8.0,4.0,19.0,15.0,28.0,,,2.0
340,2019-10-18,La Salle,Richmond,Away,,1,3.0,1.0,1.0,4.0,2.0,,,,,3.0,1.0,22.0,15.0,,,1.0,2.0
340,2019-10-20,La Salle,VCU,Away,,0,5.0,,,3.0,2.0,46.0,,,,5.0,5.0,18.0,14.0,35.0,,,
340,2019-10-25,La Salle,Massachusetts,Away,,1,,1.0,,10.0,6.0,,,,,2.0,2.0,16.0,10.0,,,,
340,2019-10-27,La Salle,Lehigh,Home,,3,2.0,3.0,4.0,13.0,8.0,54.0,,,2.0,2.0,,10.0,8.0,57.0,,,
340,2019-10-31,La Salle,Saint Joseph's,Home,,2,4.0,2.0,2.0,4.0,3.0,52.0,,,1.0,4.0,2.0,20.0,17.0,61.0,,,1.0
342,2019-08-30,Lafayette,VCU,Home,,2,1.0,2.0,1.0,11.0,10.0,33.0,,1.0,2.0,1.0,1.0,12.0,7.0,23.0,,,
342,2019-09-02,Lafayette,Syracuse,Away,,2,,2.0,2.0,8.0,5.0,15.0,,1.0,,3.0,3.0,18.0,10.0,16.0,,,1.0
342,2019-09-06,Lafayette,App State,Home,,2,3.0,2.0,1.0,13.0,6.0,,,,,3.0,2.0,13.0,7.0,,,,2.0
342,2019-09-08,Lafayette,Liberty,Away,,0,5.0,,,7.0,1.0,,,,,5.0,1.0,20.0,14.0,,,,2.0
342,2019-09-13,Lafayette,Providence,Home,,0,,,,11.0,6.0,56.0,,,1.0,,,12.0,6.0,39.0,,,2.0
342,2019-09-15,Lafayette,Richmond,Home,,2,,2.0,3.0,5.0,3.0,43.0,,,2.0,1.0,1.0,11.0,8.0,28.0,,,
342,2019-09-21,Lafayette,Holy Cross,Home,,8,0.0,8.0,4.0,34.0,23.0,23.0,,,,,,7.0,2.0,23.0,,,
342,2019-09-23,Lafayette,Cornell,Away,,1,4.0,1.0,1.0,17.0,7.0,,,,2.0,4.0,3.0,5.0,5.0,,,,1.0
342,2019-09-28,Lafayette,Colgate,Home,,4,0.0,4.0,6.0,15.0,11.0,35.0,,,1.0,,,2.0,,35.0,,,2.0
342,2019-09-29,Lafayette,Monmouth,Home,,2,,2.0,1.0,16.0,8.0,40.0,,,,1.0,2.0,10.0,5.0,50.0,,,1.0
342,2019-10-05,Lafayette,Boston U.,Away,,3,2.0,3.0,2.0,14.0,8.0,,,,,2.0,3.0,9.0,6.0,,,,1.0
342,2019-10-06,Lafayette,Bryant,Away,,6,0.0,6.0,6.0,25.0,15.0,,,,1.0,,,6.0,2.0,,,,1.0
342,2019-10-13,Lafayette,Temple,Home,,1,,1.0,1.0,6.0,2.0,41.0,,1.0,,,,5.0,3.0,36.0,,,
342,2019-10-18,Lafayette,Lehigh,Away,,1,0.0,1.0,,18.0,15.0,,,,,,,2.0,1.0,,,,
342,2019-10-20,Lafayette,William & Mary,Home,,2,,2.0,2.0,3.0,2.0,39.0,,,,3.0,2.0,18.0,13.0,41.0,,,
342,2019-10-26,Lafayette,Bucknell,Home,,2,1.0,2.0,2.0,10.0,8.0,42.0,,1.0,,1.0,1.0,9.0,7.0,37.0,,,3.0
342,2019-10-27,Lafayette,Penn,Away,,1,0.0,1.0,1.0,4.0,4.0,,,,3.0,,,7.0,4.0,,,2.0,5.0
342,2019-11-02,Lafayette,American,Away,,0,1.0,,,4.0,3.0,24.0,,,2.0,1.0,,11.0,4.0,19.0,,,
342,2019-11-08,Lafayette,Bucknell,Home,,1,0.0,1.0,,15.0,8.0,20.0,,,,,,2.0,1.0,21.0,,,1.0
342,2019-11-10,Lafayette,American,Away,,2,3.0,2.0,3.0,5.0,2.0,10.0,,1.0,2.0,3.0,3.0,13.0,9.0,8.0,,,3.0
352,2019-08-30,Lehigh,Rider,Away,,1,0.0,1.0,2.0,10.0,9.0,,,,4.0,,,14.0,9.0,,,,
352,2019-09-06,Lehigh,Towson,Home,,4,1.0,4.0,3.0,21.0,11.0,,,,1.0,1.0,1.0,6.0,3.0,,,1.0,1.0
352,2019-09-13,Lehigh,Richmond,Home,,2,4.0,2.0,1.0,15.0,12.0,,,,2.0,4.0,4.0,23.0,13.0,,,,2.0
352,2019-09-15,Lehigh,Georgetown,Home,,3,0.0,3.0,1.0,14.0,10.0,,,1.0,,,,12.0,6.0,,,,3.0
352,2019-09-21,Lehigh,Colgate,Away,,2,1.0,2.0,2.0,15.0,9.0,40.0,,,,1.0,2.0,8.0,5.0,45.0,,,
352,2019-09-22,Lehigh,Wagner,Away,,5,1.0,5.0,2.0,26.0,19.0,,,1.0,,1.0,1.0,8.0,5.0,,1.0,,3.0
352,2019-09-28,Lehigh,Holy Cross,Away,,2,4.0,2.0,1.0,15.0,10.0,22.0,,,1.0,4.0,4.0,17.0,13.0,25.0,,,
352,2019-09-29,Lehigh,Bryant,Away,,1,2.0,1.0,1.0,21.0,8.0,,,,,2.0,,19.0,9.0,,,,
352,2019-10-05,Lehigh,American,Home,,1,4.0,1.0,1.0,6.0,3.0,,,,,4.0,4.0,25.0,16.0,,,,1.0
352,2019-10-06,Lehigh,LIU,Home,,1,2.0,1.0,1.0,12.0,6.0,,,,,2.0,1.0,14.0,10.0,,,,1.0
352,2019-10-12,Lehigh,Bucknell,Away,,2,8.0,2.0,2.0,10.0,6.0,,,,1.0,8.0,7.0,19.0,15.0,,,,1.0
352,2019-10-13,Lehigh,Lock Haven,Away,,1,4.0,1.0,,7.0,6.0,,,,,4.0,3.0,14.0,11.0,,,,1.0
352,2019-10-18,Lehigh,Lafayette,Home,,0,1.0,,,2.0,1.0,,,,,1.0,,18.0,15.0,,,,
352,2019-10-20,Lehigh,Sacred Heart,Away,,2,3.0,2.0,2.0,28.0,19.0,,,,,3.0,3.0,18.0,11.0,,,1.0,2.0
352,2019-10-23,Lehigh,Cornell,Away,,0,4.0,,,6.0,4.0,,,,,4.0,4.0,25.0,12.0,,,,1.0
352,2019-10-27,Lehigh,La Salle,Away,,2,3.0,2.0,,10.0,8.0,57.0,,,,3.0,4.0,13.0,8.0,54.0,,,2.0
352,2019-11-01,Lehigh,Saint Louis,Home,,4,0.0,4.0,2.0,19.0,10.0,,,,,,,4.0,3.0,,,,1.0
352,2019-11-02,Lehigh,Boston U.,Home,,2,,2.0,1.0,19.0,10.0,,,,,1.0,,16.0,11.0,,,,2.0
355,2019-09-01,Liberty,James Madison,Home,,5,1.0,5.0,4.0,16.0,12.0,,,,1.0,1.0,,4.0,2.0,,,,1.0
355,2019-09-06,Liberty,Richmond,Home,,3,0.0,3.0,4.0,13.0,11.0,,,,1.0,,,9.0,6.0,,,,
355,2019-09-08,Liberty,Lafayette,Home,,5,0.0,5.0,1.0,20.0,14.0,,,,2.0,,,7.0,1.0,,,,
355,2019-09-14,Liberty,Yale,Home,,4,2.0,4.0,3.0,24.0,16.0,,,1.0,1.0,2.0,3.0,9.0,5.0,,,,1.0
355,2019-09-20,Liberty,Temple,Away,,4,0.0,4.0,3.0,16.0,8.0,,,1.0,2.0,,,4.0,1.0,,,,
355,2019-09-22,Liberty,Wake Forest,Away,,0,1.0,,,9.0,4.0,,,,1.0,1.0,1.0,2.0,2.0,,,1.0,1.0
355,2019-09-27,Liberty,Villanova,Home,,5,0.0,5.0,6.0,25.0,16.0,,,,,,,2.0,1.0,,,,2.0
355,2019-10-04,Liberty,Quinnipiac,Away,,5,1.0,5.0,5.0,20.0,13.0,26.0,,,,1.0,2.0,4.0,3.0,33.0,,,1.0
355,2019-10-06,Liberty,Harvard,Away,,1,,1.0,,12.0,5.0,35.0,,,2.0,2.0,2.0,11.0,4.0,35.0,,,1.0
355,2019-10-11,Liberty,Old Dominion,Home,,2,3.0,2.0,2.0,16.0,10.0,,,,,3.0,2.0,5.0,5.0,,,,
355,2019-10-13,Liberty,Longwood,Away,,3,0.0,3.0,2.0,21.0,12.0,21.0,,,1.0,,,2.0,,21.0,,,
355,2019-10-18,Liberty,Georgetown,Away,,4,0.0,4.0,3.0,22.0,13.0,,,,,,,2.0,1.0,,,,
355,2019-10-20,Liberty,North Carolina,Away,,2,3.0,2.0,,7.0,4.0,,,,2.0,3.0,1.0,16.0,11.0,,,,1.0
355,2019-10-26,Liberty,UConn,Home,,3,6.0,3.0,2.0,10.0,7.0,,,,2.0,6.0,8.0,12.0,9.0,,,,2.0
355,2019-10-28,Liberty,Virginia,Away,,0,1.0,,,6.0,2.0,,,,,1.0,1.0,14.0,4.0,,,,
355,2019-11-01,Liberty,Providence,Home,,2,0.0,2.0,1.0,18.0,9.0,,,,,,,12.0,4.0,,,,1.0
355,2019-11-03,Liberty,Duke,Home,,2,,2.0,1.0,8.0,7.0,,,,1.0,3.0,2.0,18.0,11.0,,,,1.0
355,2019-11-08,Liberty,Old Dominion,Home,,1,3.0,1.0,1.0,8.0,4.0,46.0,,,1.0,3.0,2.0,11.0,5.0,40.0,,,2.0
360,2019-08-30,Lock Haven,Bryant,Home,,1,0.0,1.0,,16.0,8.0,,,1.0,,,,3.0,1.0,,,,
360,2019-09-01,Lock Haven,Bucknell,Home,,0,1.0,,,11.0,2.0,,,,,1.0,1.0,11.0,5.0,,,,1.0
360,2019-09-06,Lock Haven,Colgate,Away,,3,2.0,3.0,5.0,16.0,8.0,30.0,,,1.0,2.0,2.0,11.0,8.0,27.0,,,1.0
360,2019-09-08,Lock Haven,Cornell,Away,,2,,2.0,1.0,11.0,5.0,,,1.0,2.0,3.0,1.0,12.0,7.0,,,1.0,2.0
360,2019-09-13,Lock Haven,Ohio,Away,,0,4.0,,,3.0,3.0,,,,1.0,4.0,2.0,19.0,12.0,,,,
360,2019-09-15,Lock Haven,App State,Home,,0,,,,11.0,7.0,,,,2.0,,,10.0,5.0,,,,1.0
360,2019-09-22,Lock Haven,Davidson,Home,,2,,1.0,1.0,17.0,13.0,,,,,1.0,1.0,3.0,2.0,,,,2.0
360,2019-09-27,Lock Haven,Richmond,Home,,2,,2.0,1.0,10.0,5.0,,,,,1.0,2.0,5.0,3.0,,,,2.0
360,2019-09-29,Lock Haven,LIU,Home,,0,1.0,,,11.0,6.0,,,,,1.0,1.0,3.0,2.0,,,,
360,2019-10-04,Lock Haven,Saint Joseph's,Away,,0,4.0,,,6.0,3.0,,,,1.0,4.0,3.0,12.0,9.0,,,,2.0
360,2019-10-06,Lock Haven,La Salle,Away,,1,0.0,1.0,,7.0,4.0,73.0,,,1.0,,,5.0,3.0,68.0,,,
360,2019-10-11,Lock Haven,VCU,Home,,1,0.0,1.0,,8.0,2.0,,,,1.0,,,9.0,5.0,,,,
360,2019-10-13,Lock Haven,Lehigh,Home,,4,1.0,4.0,3.0,14.0,11.0,,,,1.0,1.0,,7.0,6.0,,,,
360,2019-10-18,Lock Haven,Massachusetts,Home,,0,3.0,,,8.0,3.0,,,1.0,,3.0,3.0,7.0,4.0,,,,1.0
360,2019-10-20,Lock Haven,Wagner,Home,,4,0.0,4.0,4.0,23.0,14.0,,,,,,,2.0,1.0,,,,1.0
360,2019-10-27,Lock Haven,Saint Louis,Away,,4,0.0,4.0,2.0,19.0,10.0,,,,1.0,,,4.0,1.0,,,,1.0
360,2019-11-01,Lock Haven,Saint Francis,Away,,2,0.0,2.0,,18.0,10.0,44.0,,,2.0,,,7.0,3.0,39.0,,,
360,2019-11-03,Lock Haven,Rider,Away,,1,0.0,1.0,1.0,3.0,3.0,,,,,,,4.0,3.0,,,,2.0
360,2019-11-08,Lock Haven,Saint Joseph's,Home,,1,2.0,1.0,,7.0,3.0,,,,1.0,2.0,2.0,14.0,7.0,,,,1.0
363,2019-08-30,Longwood,Monmouth,Away,,1,3.0,1.0,1.0,6.0,1.0,,,,2.0,3.0,3.0,21.0,15.0,,,,2.0
363,2019-08-31,Longwood,LIU,Away,,4,0.0,4.0,1.0,8.0,6.0,,,1.0,2.0,,,16.0,9.0,,,,
363,2019-09-06,Longwood,Georgetown,Home,,1,2.0,1.0,,22.0,14.0,15.0,,,1.0,2.0,1.0,11.0,6.0,17.0,,,
363,2019-09-13,Longwood,Merrimack,Home,,3,0.0,3.0,3.0,19.0,12.0,31.0,,,,,,11.0,7.0,26.0,,,
363,2019-09-15,Longwood,Davidson,Home,,3,0.0,3.0,1.0,19.0,12.0,36.0,,,,,,16.0,6.0,31.0,,,
363,2019-09-20,Longwood,Central Mich.,Home,,1,0.0,1.0,,32.0,16.0,26.0,,,1.0,,,2.0,1.0,33.0,,1.0,1.0
363,2019-09-27,Longwood,Vermont,Home,,0,1.0,,,5.0,1.0,25.0,,,1.0,1.0,1.0,6.0,4.0,26.0,,,2.0
363,2019-09-29,Longwood,Virginia,Home,,1,3.0,1.0,1.0,7.0,3.0,24.0,,1.0,,3.0,2.0,20.0,12.0,21.0,,,2.0
363,2019-10-01,Longwood,William & Mary,Away,,1,0.0,1.0,,5.0,2.0,,,,1.0,,,22.0,12.0,,,,2.0
363,2019-10-05,Longwood,Ohio,Away,,1,2.0,1.0,1.0,8.0,4.0,,,,2.0,2.0,2.0,13.0,9.0,,,,
363,2019-10-12,Longwood,App State,Home,,2,,2.0,1.0,11.0,7.0,17.0,,,3.0,1.0,2.0,13.0,7.0,24.0,,1.0,1.0
363,2019-10-13,Longwood,Liberty,Home,,0,3.0,,,2.0,,21.0,,,,3.0,2.0,21.0,12.0,21.0,,,1.0
363,2019-10-18,Longwood,Miami (OH),Away,,2,4.0,2.0,1.0,7.0,6.0,,,,1.0,4.0,3.0,10.0,7.0,,,1.0,
363,2019-10-19,Longwood,Louisville,Away,,2,4.0,2.0,2.0,3.0,2.0,,,,2.0,4.0,2.0,17.0,11.0,,,,1.0
363,2019-10-22,Longwood,Saint Louis,Home,,2,0.0,2.0,1.0,25.0,7.0,16.0,,,,,,,,17.0,,,1.0
363,2019-10-25,Longwood,Ball St.,Home,,1,,1.0,1.0,6.0,3.0,34.0,,,1.0,2.0,4.0,4.0,2.0,27.0,,,
363,2019-11-02,Longwood,Kent St.,Away,,2,,2.0,2.0,12.0,8.0,,,1.0,1.0,1.0,2.0,11.0,5.0,,,,2.0
363,2019-11-07,Longwood,Ball St.,Home,,3,0.0,3.0,2.0,12.0,6.0,,,,,,,7.0,3.0,,,1.0,2.0
363,2019-11-08,Longwood,Kent St.,Home,,1,2.0,1.0,,7.0,3.0,,,,4.0,2.0,,21.0,7.0,,,,1.0
367,2019-08-30,Louisville,Indiana,Home,,5,0.0,5.0,3.0,21.0,14.0,,,,,,,2.0,2.0,,,,
367,2019-09-01,Louisville,Massachusetts,Home,,1,0.0,1.0,,11.0,6.0,,,,,,,4.0,2.0,,,,
367,2019-09-04,Louisville,Kent St.,Home,,4,2.0,4.0,2.0,14.0,9.0,,,,,2.0,1.0,7.0,4.0,,,,
367,2019-09-08,Louisville,Michigan St.,Away,,4,1.0,4.0,2.0,24.0,14.0,,,,2.0,1.0,2.0,4.0,2.0,,,,
367,2019-09-09,Louisville,UC Davis,Home,,2,,2.0,1.0,29.0,16.0,,,,1.0,1.0,,2.0,1.0,,,,
367,2019-09-15,Louisville,Ohio St.,Away,,2,1.0,2.0,3.0,10.0,5.0,,,,,1.0,,6.0,4.0,,,,1.0
367,2019-09-20,Louisville,North Carolina,Away,,1,4.0,1.0,1.0,16.0,8.0,,,,1.0,4.0,4.0,12.0,8.0,,,1.0,1.0
367,2019-09-27,Louisville,Boston College,Away,,3,2.0,3.0,,10.0,5.0,,,,2.0,2.0,2.0,8.0,3.0,,,1.0,2.0
367,2019-09-29,Louisville,Providence,Away,,2,0.0,2.0,3.0,9.0,6.0,,,,2.0,,,2.0,,,,,
367,2019-10-04,Louisville,Wake Forest,Home,,3,0.0,3.0,4.0,8.0,6.0,,,1.0,2.0,,,6.0,,,,,
367,2019-10-06,Louisville,Penn St.,Home,,3,0.0,3.0,2.0,15.0,8.0,,,,1.0,,,10.0,6.0,,,,1.0
367,2019-10-11,Louisville,Virginia,Home,,1,2.0,1.0,2.0,7.0,4.0,,,,1.0,2.0,1.0,11.0,7.0,,,,
367,2019-10-15,Louisville,Stanford,Home,,3,0.0,3.0,1.0,19.0,15.0,,,,2.0,,,4.0,2.0,,,1.0,1.0
367,2019-10-19,Louisville,Longwood,Home,,4,2.0,4.0,2.0,17.0,11.0,,,,1.0,2.0,2.0,3.0,2.0,,,,2.0
367,2019-10-20,Louisville,Iowa,Home,,3,,3.0,1.0,11.0,8.0,,,,1.0,2.0,3.0,15.0,11.0,,,,1.0
367,2019-10-24,Louisville,William & Mary,Away,,1,,1.0,,18.0,11.0,,,,1.0,2.0,2.0,8.0,6.0,,,,
367,2019-10-26,Louisville,Duke,Away,,1,0.0,1.0,,9.0,4.0,,,,1.0,,,7.0,2.0,,,,1.0
367,2019-11-02,Louisville,Syracuse,Home,,1,,1.0,1.0,8.0,5.0,,,,2.0,2.0,2.0,5.0,3.0,,,,
367,2019-11-07,Louisville,Syracuse,Home,,1,0.0,1.0,1.0,13.0,8.0,,,1.0,2.0,,,3.0,1.0,,,,1.0
367,2019-11-08,Louisville,North Carolina,Home,,1,3.0,1.0,1.0,12.0,8.0,,,,2.0,3.0,2.0,14.0,7.0,,,,
367,2019-11-15,Louisville,Michigan,Home,,2,,2.0,1.0,10.0,4.0,,,,1.0,1.0,1.0,8.0,7.0,,,,2.0
367,2019-11-17,Louisville,Boston College,Home,,1,,1.0,,20.0,9.0,,,,1.0,1.0,1.0,9.0,3.0,,,,1.0
380,2019-08-30,Maine,Rutgers,Away,,0,3.0,,,5.0,3.0,,,,,3.0,4.0,23.0,14.0,,,,1.0
380,2019-09-01,Maine,Providence,Home,,4,,4.0,4.0,19.0,11.0,50.0,,,1.0,5.0,2.0,23.0,10.0,41.0,,,2.0
380,2019-09-08,Maine,Kent St.,Away,,1,2.0,1.0,1.0,16.0,13.0,,,,,2.0,2.0,10.0,4.0,,,1.0,2.0
380,2019-09-13,Maine,Boston U.,Home,,2,1.0,2.0,1.0,6.0,4.0,36.0,,,,1.0,1.0,11.0,6.0,33.0,,,1.0
380,2019-09-15,Maine,Columbia,Home,,2,3.0,2.0,2.0,12.0,5.0,18.0,,2.0,1.0,3.0,2.0,11.0,11.0,29.0,,1.0,2.0
380,2019-09-20,Maine,Northeastern,Home,,3,6.0,3.0,,7.0,5.0,13.0,,,,6.0,4.0,10.0,8.0,20.0,,,1.0
380,2019-09-22,Maine,Harvard,Away,,1,4.0,1.0,,4.0,3.0,19.0,,,2.0,4.0,5.0,17.0,10.0,24.0,,,
380,2019-09-28,Maine,Merrimack,Home,,1,2.0,1.0,1.0,32.0,16.0,31.0,,,,2.0,2.0,6.0,5.0,34.0,,,1.0
380,2019-10-04,Maine,UMass Lowell,Home,,1,0.0,1.0,1.0,19.0,6.0,22.0,,,,,,2.0,1.0,35.0,,,
380,2019-10-06,Maine,Northwestern,Home,,4,,4.0,2.0,10.0,7.0,,,,2.0,3.0,2.0,15.0,11.0,,,,2.0
380,2019-10-11,Maine,Monmouth,Away,,2,4.0,2.0,1.0,11.0,5.0,,,,1.0,4.0,5.0,6.0,5.0,,,,2.0
380,2019-10-13,Maine,Quinnipiac,Home,,4,0.0,4.0,3.0,19.0,11.0,37.0,,,1.0,,,2.0,1.0,20.0,,,
380,2019-10-18,Maine,Vermont,Home,,2,1.0,2.0,,17.0,10.0,23.0,,1.0,3.0,1.0,,4.0,3.0,24.0,,,1.0
380,2019-10-20,Maine,Dartmouth,Away,,2,1.0,2.0,1.0,13.0,7.0,,,,,1.0,1.0,8.0,2.0,,,,
380,2019-10-25,Maine,UAlbany,Home,,2,0.0,2.0,2.0,8.0,4.0,54.0,,,2.0,,,9.0,7.0,34.0,,,1.0
380,2019-11-01,Maine,New Hampshire,Away,,2,0.0,2.0,1.0,7.0,5.0,,,,1.0,,,9.0,1.0,,,,
380,2019-11-03,Maine,VCU,Home,,1,2.0,1.0,,5.0,2.0,,,,1.0,2.0,2.0,7.0,4.0,,,,
380,2019-11-08,Maine,Stanford,Home,,0,,,,6.0,3.0,,,,2.0,,,19.0,9.0,,,,
392,2019-08-30,Maryland,Richmond,Home,,5,1.0,5.0,6.0,20.0,10.0,,,,1.0,1.0,,10.0,4.0,,,,1.0
392,2019-09-01,Maryland,New Hampshire,Home,,5,0.0,5.0,4.0,25.0,18.0,,,,,,,6.0,2.0,,,,
392,2019-09-06,Maryland,Boston College,Home,,3,1.0,3.0,3.0,14.0,10.0,,,,2.0,1.0,2.0,8.0,4.0,,,,
392,2019-09-08,Maryland,Duke,Home,,0,1.0,,,9.0,5.0,,,,,1.0,1.0,8.0,6.0,,,1.0,2.0
392,2019-09-11,Maryland,Towson,Away,,5,0.0,5.0,5.0,27.0,12.0,,,,,,,,,,,,1.0
392,2019-09-13,Maryland,Virginia,Home,,3,,2.0,1.0,25.0,11.0,,,,1.0,2.0,2.0,15.0,9.0,,,,1.0
392,2019-09-15,Maryland,James Madison,Home,,4,0.0,4.0,3.0,25.0,17.0,,,,2.0,,,11.0,5.0,,,1.0,2.0
392,2019-09-20,Maryland,Penn St.,Home,,3,1.0,3.0,4.0,19.0,11.0,,,,,1.0,,14.0,9.0,,,,
392,2019-09-24,Maryland,Princeton,Home,,4,,4.0,3.0,22.0,11.0,,,,1.0,3.0,,7.0,5.0,,,,2.0
392,2019-09-28,Maryland,Rutgers,Away,,2,1.0,2.0,2.0,17.0,10.0,,,,1.0,1.0,1.0,9.0,5.0,,,,
392,2019-10-03,Maryland,Northwestern,Away,,2,,2.0,,20.0,11.0,,,1.0,2.0,1.0,,5.0,3.0,,,1.0,
392,2019-10-06,Maryland,UConn,Home,,2,0.0,2.0,2.0,13.0,10.0,,,1.0,1.0,,,10.0,3.0,,,,2.0
392,2019-10-11,Maryland,Iowa,Home,,3,0.0,3.0,2.0,13.0,7.0,,,,2.0,,,12.0,7.0,,,1.0,1.0
392,2019-10-13,Maryland,Indiana,Home,,6,0.0,6.0,6.0,19.0,17.0,,,,1.0,,,6.0,5.0,,,,1.0
392,2019-10-18,Maryland,Michigan,Away,,0,1.0,,,10.0,4.0,,,,3.0,1.0,,5.0,4.0,,,1.0,2.0
392,2019-10-20,Maryland,Ohio St.,Away,,6,3.0,6.0,4.0,16.0,10.0,,,,3.0,3.0,1.0,9.0,7.0,,,,2.0
392,2019-10-25,Maryland,Michigan St.,Home,,5,1.0,5.0,4.0,27.0,15.0,,,,,1.0,1.0,5.0,3.0,,,,
392,2019-10-29,Maryland,American,Away,,1,0.0,1.0,1.0,8.0,4.0,23.0,,,1.0,,,4.0,2.0,16.0,,,
392,2019-11-08,Maryland,Penn St.,Away,,0,1.0,,,15.0,9.0,,,,1.0,1.0,1.0,7.0,5.0,,,,1.0
392,2019-11-15,Maryland,Saint Joseph's,Home,,4,0.0,4.0,5.0,14.0,6.0,,,,1.0,,,11.0,6.0,,,,1.0
392,2019-11-17,Maryland,Virginia,Away,,0,,,,6.0,2.0,,,,2.0,1.0,1.0,17.0,12.0,,,,2.0
400,2019-08-30,Massachusetts,Ohio St.,Away,,0,7.0,,,6.0,3.0,,,,,7.0,4.0,19.0,16.0,,,,
400,2019-09-01,Massachusetts,Louisville,Away,,0,1.0,,,4.0,2.0,,,,,1.0,,11.0,6.0,,,,
400,2019-09-06,Massachusetts,Yale,Away,,4,1.0,4.0,1.0,23.0,15.0,,,1.0,1.0,1.0,,8.0,3.0,,,,
400,2019-09-08,Massachusetts,Dartmouth,Away,,1,,1.0,1.0,17.0,9.0,,,1.0,2.0,,,3.0,1.0,,,3.0,1.0
400,2019-09-14,Massachusetts,UAlbany,Home,,1,2.0,1.0,,9.0,8.0,,,2.0,2.0,2.0,1.0,9.0,6.0,,,1.0,1.0
400,2019-09-16,Massachusetts,Harvard,Home,,2,3.0,2.0,3.0,5.0,5.0,,,,1.0,3.0,1.0,14.0,7.0,,,,1.0
400,2019-09-21,Massachusetts,Saint Louis,Away,,2,0.0,2.0,2.0,14.0,5.0,,,,1.0,,,3.0,3.0,,,1.0,
400,2019-09-27,Massachusetts,Saint Joseph's,Home,,1,4.0,1.0,1.0,9.0,6.0,,,,1.0,4.0,5.0,16.0,13.0,,,,1.0
400,2019-09-29,Massachusetts,Richmond,Home,,1,2.0,1.0,1.0,6.0,5.0,,,,2.0,2.0,1.0,12.0,9.0,,,,2.0
400,2019-10-04,Massachusetts,Northeastern,Home,,2,0.0,2.0,,16.0,9.0,,,,,,,9.0,3.0,,,,1.0
400,2019-10-06,Massachusetts,New Hampshire,Home,,1,2.0,1.0,1.0,19.0,9.0,,,,,2.0,,10.0,6.0,,,,
400,2019-10-11,Massachusetts,Davidson,Away,,3,1.0,3.0,3.0,14.0,9.0,,,,3.0,1.0,,8.0,6.0,,,,
400,2019-10-18,Massachusetts,Lock Haven,Away,,3,0.0,3.0,3.0,7.0,4.0,,,,1.0,,,8.0,3.0,,,1.0,
400,2019-10-20,Massachusetts,Saint Francis,Away,,2,0.0,2.0,1.0,18.0,9.0,44.0,,,,,,5.0,4.0,47.0,,,
400,2019-10-25,Massachusetts,La Salle,Home,,2,,2.0,2.0,16.0,10.0,,,,,1.0,,10.0,6.0,,,,
400,2019-10-27,Massachusetts,Boston U.,Away,,0,2.0,,,4.0,2.0,,,,1.0,2.0,1.0,11.0,7.0,,,,1.0
400,2019-10-29,Massachusetts,UMass Lowell,Away,,2,1.0,2.0,1.0,7.0,5.0,,,,,1.0,1.0,10.0,2.0,,,,
400,2019-11-01,Massachusetts,VCU,Home,,1,,,,7.0,5.0,,,,1.0,,,5.0,3.0,,,,1.0
400,2019-11-03,Massachusetts,UConn,Away,,1,5.0,1.0,1.0,3.0,3.0,,,,,5.0,3.0,18.0,10.0,,,,1.0
400,2019-11-08,Massachusetts,Richmond,Away,,1,3.0,1.0,,8.0,3.0,,,,2.0,3.0,2.0,14.0,9.0,,,,
410,2019-08-30,Merrimack,Temple,Away,,0,3.0,,,5.0,4.0,,,,3.0,3.0,3.0,28.0,17.0,,,,
410,2019-09-06,Merrimack,Holy Cross,Away,,1,4.0,1.0,,11.0,6.0,10.0,,,,4.0,4.0,31.0,19.0,15.0,,,
410,2019-09-13,Merrimack,Longwood,Away,,0,3.0,,,11.0,7.0,26.0,,,,3.0,3.0,19.0,12.0,31.0,,,
410,2019-09-14,Merrimack,Davidson,Home,,2,3.0,2.0,2.0,13.0,4.0,12.0,,,1.0,3.0,3.0,18.0,9.0,23.0,,,
410,2019-09-20,Merrimack,Vermont,Away,,1,4.0,1.0,1.0,5.0,4.0,,,,,4.0,3.0,26.0,18.0,,,,1.0
410,2019-09-22,Merrimack,Dartmouth,Away,,1,4.0,1.0,1.0,5.0,2.0,,,,1.0,4.0,4.0,24.0,14.0,,,,1.0
410,2019-09-25,Merrimack,Northeastern,Away,,0,7.0,,,5.0,4.0,,,,1.0,7.0,3.0,30.0,19.0,,,1.0,1.0
410,2019-09-28,Merrimack,Maine,Away,,2,1.0,2.0,2.0,6.0,5.0,34.0,,,1.0,1.0,1.0,32.0,16.0,31.0,,,
410,2019-10-04,Merrimack,Bryant,Home,,2,,2.0,2.0,6.0,5.0,,,,,1.0,,22.0,11.0,,,,
410,2019-10-06,Merrimack,Hofstra,Away,,0,4.0,,,4.0,1.0,,,,,4.0,3.0,22.0,15.0,,,2.0,1.0
410,2019-10-11,Merrimack,Rider,Home,,2,4.0,2.0,2.0,5.0,4.0,,,,1.0,4.0,3.0,29.0,22.0,,,,
410,2019-10-13,Merrimack,Sacred Heart,Away,,0,4.0,,,6.0,5.0,26.0,,,,4.0,2.0,18.0,16.0,29.0,,,2.0
410,2019-10-18,Merrimack,LIU,Away,,1,4.0,1.0,1.0,10.0,6.0,,,1.0,,4.0,2.0,15.0,12.0,,,,
410,2019-10-20,Merrimack,Providence,Away,,1,5.0,1.0,1.0,5.0,2.0,,,,,5.0,3.0,32.0,21.0,,,,
410,2019-10-26,Merrimack,Fairfield,Home,,1,3.0,1.0,1.0,5.0,4.0,,,1.0,,3.0,1.0,25.0,17.0,,,,1.0
410,2019-11-01,Merrimack,Wagner,Away,,0,5.0,,,6.0,3.0,,,,,5.0,2.0,20.0,13.0,,,2.0,2.0
410,2019-11-03,Merrimack,Yale,Away,,1,8.0,1.0,,13.0,5.0,,,,,8.0,3.0,37.0,26.0,,,,1.0
414,2019-08-31,Miami (OH),UAlbany,Home,,0,2.0,,,4.0,3.0,,,,2.0,2.0,1.0,4.0,4.0,,,,2.0
414,2019-09-02,Miami (OH),Delaware,Away,,1,2.0,1.0,1.0,5.0,5.0,,,,,2.0,1.0,17.0,11.0,,,,
414,2019-09-06,Miami (OH),Indiana,Away,,5,2.0,5.0,2.0,20.0,9.0,,,1.0,1.0,2.0,1.0,8.0,3.0,,,,1.0
414,2019-09-08,Miami (OH),Saint Louis,Home,,3,0.0,3.0,,26.0,10.0,,,,,,,1.0,1.0,,,,
414,2019-09-13,Miami (OH),Michigan St.,Away,,2,,2.0,2.0,19.0,9.0,,,,2.0,2.0,,17.0,9.0,,,,2.0
414,2019-09-15,Miami (OH),Saint Francis,Home,,5,1.0,5.0,2.0,46.0,21.0,,,,,1.0,1.0,3.0,2.0,,,,1.0
414,2019-09-20,Miami (OH),Ball St.,Home,,1,,1.0,1.0,22.0,13.0,,,,,,,1.0,,,,,
414,2019-09-22,Miami (OH),Northwestern,Home,,2,5.0,2.0,2.0,10.0,4.0,,,,4.0,5.0,3.0,19.0,15.0,,,1.0,4.0
414,2019-09-27,Miami (OH),App State,Away,,2,0.0,2.0,3.0,13.0,9.0,,,,,,,5.0,4.0,,,,1.0
414,2019-09-29,Miami (OH),Davidson,Away,,1,0.0,1.0,2.0,11.0,7.0,,,,,,,4.0,1.0,,,,2.0
414,2019-10-03,Miami (OH),Towson,Home,,5,2.0,5.0,5.0,16.0,11.0,7.0,,,2.0,2.0,1.0,4.0,4.0,5.0,,1.0,
414,2019-10-06,Miami (OH),Wake Forest,Home,,0,2.0,,,5.0,2.0,,,,1.0,2.0,2.0,13.0,8.0,,,2.0,3.0
414,2019-10-11,Miami (OH),Kent St.,Away,,2,3.0,2.0,4.0,22.0,15.0,,,,1.0,3.0,1.0,10.0,7.0,,,,1.0
414,2019-10-13,Miami (OH),Virginia,Home,,0,1.0,,,,,,,,1.0,1.0,2.0,14.0,7.0,,,,1.0
414,2019-10-18,Miami (OH),Longwood,Home,,4,2.0,4.0,3.0,10.0,7.0,,,1.0,,2.0,1.0,7.0,6.0,,,,1.0
414,2019-10-25,Miami (OH),Ohio,Away,,2,,1.0,1.0,10.0,4.0,,,,,1.0,,8.0,7.0,,,,1.0
414,2019-10-27,Miami (OH),UC Davis,Home,,2,,1.0,,27.0,14.0,,,,2.0,1.0,,8.0,4.0,,,,2.0
414,2019-11-02,Miami (OH),Central Mich.,Home,,5,0.0,5.0,3.0,22.0,14.0,,,,,,,5.0,3.0,,,,1.0
414,2019-11-08,Miami (OH),App State,Home,,2,0.0,2.0,1.0,14.0,8.0,,,1.0,2.0,,,4.0,2.0,,,,2.0
414,2019-11-09,Miami (OH),Kent St.,Home,,2,1.0,2.0,1.0,11.0,6.0,,,,2.0,1.0,,9.0,3.0,,,1.0,3.0
414,2019-11-13,Miami (OH),Stanford,Away,,1,3.0,1.0,,7.0,4.0,,,,1.0,3.0,1.0,11.0,8.0,,,,2.0
418,2019-08-30,Michigan,North Carolina,Home,,2,4.0,2.0,3.0,3.0,3.0,,,1.0,2.0,4.0,4.0,9.0,6.0,,,,1.0
418,2019-09-01,Michigan,Wake Forest,Home,,3,0.0,3.0,4.0,6.0,5.0,,,,3.0,,,1.0,1.0,,,,
418,2019-09-06,Michigan,Stanford,Away,,2,,2.0,2.0,20.0,14.0,,,1.0,4.0,2.0,3.0,6.0,4.0,,,,1.0
418,2019-09-08,Michigan,California,Away,,2,1.0,2.0,1.0,11.0,7.0,,,,1.0,1.0,,7.0,3.0,,,,1.0
418,2019-09-13,Michigan,UConn,Home,,3,2.0,3.0,1.0,11.0,7.0,,,,1.0,2.0,,11.0,7.0,,,,
418,2019-09-15,Michigan,Central Mich.,Away,,3,0.0,3.0,1.0,31.0,19.0,,,,,,,3.0,2.0,,,,
418,2019-09-22,Michigan,Kent St.,Home,,4,0.0,4.0,2.0,23.0,15.0,,,,1.0,,,3.0,2.0,,,,1.0
418,2019-09-27,Michigan,Indiana,Away,,5,0.0,5.0,3.0,21.0,14.0,12.0,,,1.0,,,1.0,1.0,8.0,,,1.0
418,2019-09-29,Michigan,Northwestern,Away,,0,,,,8.0,5.0,,,,2.0,,,8.0,1.0,,,,1.0
418,2019-10-05,Michigan,App State,Home,,1,0.0,1.0,,15.0,10.0,,,,2.0,,,3.0,,,,,1.0
418,2019-10-06,Michigan,Michigan St.,Home,,8,0.0,8.0,9.0,35.0,24.0,,,,2.0,,,1.0,1.0,,,1.0,2.0
418,2019-10-11,Michigan,Ohio St.,Away,,2,,2.0,3.0,24.0,15.0,,,,1.0,1.0,,4.0,3.0,,,3.0,2.0
418,2019-10-13,Michigan,Ball St.,Home,,6,0.0,6.0,6.0,31.0,18.0,,,,,,,5.0,1.0,,,,
418,2019-10-18,Michigan,Maryland,Home,,1,0.0,1.0,,5.0,4.0,,,1.0,2.0,,,10.0,4.0,,,,3.0
418,2019-10-20,Michigan,Penn St.,Home,,3,1.0,3.0,5.0,13.0,6.0,,,,1.0,1.0,2.0,3.0,2.0,,,1.0,1.0
418,2019-10-25,Michigan,Rutgers,Away,,0,3.0,,,10.0,1.0,,,2.0,1.0,3.0,3.0,6.0,6.0,1.0,,1.0,2.0
418,2019-10-27,Michigan,Saint Joseph's,Away,,4,3.0,4.0,3.0,19.0,10.0,,,,1.0,3.0,4.0,9.0,5.0,,,2.0,1.0
418,2019-11-03,Michigan,Iowa,Home,,0,1.0,,,9.0,6.0,,,,1.0,1.0,2.0,3.0,2.0,,,1.0,2.0
418,2019-11-07,Michigan,Penn St.,Away,,1,2.0,1.0,,9.0,9.0,,,,1.0,2.0,2.0,4.0,3.0,,,,2.0
418,2019-11-15,Michigan,Louisville,Away,,1,,1.0,1.0,8.0,7.0,,,,2.0,2.0,1.0,10.0,4.0,,,,1.0
416,2019-08-31,Michigan St.,Saint Francis,Home,,7,0.0,7.0,7.0,24.0,15.0,,,,1.0,,,8.0,4.0,,,1.0,1.0
416,2019-09-01,Michigan St.,Kent St.,Away,,1,0.0,1.0,,6.0,6.0,,,1.0,1.0,,,13.0,4.0,,,1.0,2.0
416,2019-09-06,Michigan St.,UC Davis,Home,,2,,2.0,2.0,11.0,10.0,,,,1.0,1.0,1.0,12.0,6.0,,,,1.0
416,2019-09-08,Michigan St.,Louisville,Home,,1,4.0,1.0,2.0,4.0,2.0,,,,,4.0,2.0,24.0,14.0,,,,2.0
416,2019-09-13,Michigan St.,Miami (OH),Home,,3,,2.0,,17.0,9.0,,,,2.0,2.0,2.0,19.0,9.0,,,,2.0
416,2019-09-15,Michigan St.,UConn,Home,,0,2.0,,,2.0,1.0,,,,1.0,2.0,4.0,30.0,13.0,,,,2.0
416,2019-09-20,Michigan St.,Indiana,Home,,2,4.0,2.0,3.0,15.0,8.0,,,,4.0,4.0,4.0,13.0,8.0,,,,4.0
416,2019-09-22,Michigan St.,Ball St.,Home,,3,1.0,3.0,3.0,11.0,6.0,,,,2.0,1.0,2.0,10.0,7.0,,,,
416,2019-09-27,Michigan St.,Northwestern,Away,,1,4.0,1.0,,10.0,8.0,,,,2.0,4.0,2.0,22.0,19.0,,,1.0,2.0
416,2019-09-29,Michigan St.,Iowa,Away,,0,5.0,,,7.0,2.0,,,,,5.0,2.0,32.0,18.0,,,,1.0
416,2019-10-06,Michigan St.,Michigan,Away,,0,8.0,,,1.0,1.0,,,1.0,2.0,8.0,9.0,35.0,24.0,,,,2.0
416,2019-10-11,Michigan St.,Ohio,Home,,1,0.0,1.0,2.0,8.0,5.0,,,,1.0,,,18.0,12.0,,,,
416,2019-10-13,Michigan St.,Wake Forest,Away,,1,3.0,1.0,,10.0,6.0,,,,1.0,3.0,3.0,27.0,9.0,,,,
416,2019-10-18,Michigan St.,Penn St.,Home,,1,3.0,1.0,,14.0,9.0,,,,,3.0,1.0,17.0,11.0,,,,1.0
416,2019-10-20,Michigan St.,Rutgers,Home,,2,3.0,2.0,2.0,9.0,7.0,,,,2.0,3.0,4.0,16.0,12.0,,,,1.0
416,2019-10-25,Michigan St.,Maryland,Away,,1,5.0,1.0,1.0,5.0,3.0,,,,,5.0,4.0,27.0,15.0,,,,
416,2019-10-27,Michigan St.,Central Mich.,Home,,3,0.0,3.0,1.0,36.0,21.0,,,,1.0,,,4.0,2.0,,,,
416,2019-11-02,Michigan St.,Ohio St.,Home,,0,3.0,,,9.0,4.0,,,1.0,1.0,3.0,3.0,16.0,11.0,,,,1.0
439,2019-08-30,Monmouth,Longwood,Home,,3,1.0,3.0,3.0,21.0,15.0,,,,2.0,1.0,1.0,6.0,1.0,,,,2.0
439,2019-09-01,Monmouth,Northeastern,Away,,2,,2.0,1.0,22.0,10.0,,,,2.0,3.0,3.0,9.0,7.0,,,,2.0
439,2019-09-04,Monmouth,Hofstra,Away,,6,0.0,6.0,5.0,32.0,18.0,,,,,,,6.0,1.0,,,,
439,2019-09-08,Monmouth,Villanova,Away,,5,3.0,5.0,,16.0,10.0,20.0,,,2.0,3.0,1.0,11.0,5.0,14.0,,1.0,1.0
439,2019-09-13,Monmouth,Penn,Home,,4,2.0,4.0,3.0,16.0,10.0,,,,2.0,2.0,2.0,16.0,5.0,,,,
439,2019-09-15,Monmouth,Rutgers,Home,,1,2.0,1.0,2.0,7.0,4.0,,,,2.0,2.0,2.0,8.0,4.0,,,,2.0
439,2019-09-20,Monmouth,Drexel,Home,,5,0.0,5.0,5.0,16.0,11.0,,,,,,,12.0,3.0,,,,1.0
439,2019-09-22,Monmouth,William & Mary,Home,,1,3.0,1.0,,12.0,6.0,,,1.0,2.0,3.0,3.0,13.0,8.0,,,,2.0
439,2019-09-29,Monmouth,Lafayette,Away,,1,,1.0,2.0,10.0,5.0,50.0,,,1.0,2.0,1.0,16.0,8.0,40.0,,,
439,2019-10-04,Monmouth,New Hampshire,Away,,5,1.0,5.0,5.0,12.0,9.0,,,1.0,2.0,1.0,1.0,12.0,5.0,,,,2.0
439,2019-10-06,Monmouth,Rider,Home,,5,1.0,5.0,6.0,15.0,12.0,,,1.0,3.0,1.0,,13.0,8.0,,,,1.0
439,2019-10-11,Monmouth,Maine,Home,,4,2.0,4.0,5.0,6.0,5.0,,,,2.0,2.0,1.0,11.0,5.0,,,,1.0
439,2019-10-18,Monmouth,UAlbany,Home,,1,,1.0,1.0,10.0,7.0,,,,2.0,,,8.0,3.0,,,1.0,2.0
439,2019-10-20,Monmouth,Columbia,Home,,2,,1.0,1.0,21.0,12.0,,,,3.0,1.0,1.0,15.0,6.0,,,,2.0
439,2019-10-25,Monmouth,UMass Lowell,Away,,3,1.0,3.0,2.0,16.0,10.0,,,,1.0,1.0,1.0,7.0,3.0,,,,
439,2019-10-27,Monmouth,Holy Cross,Away,,2,1.0,2.0,2.0,30.0,18.0,17.0,,,,1.0,1.0,10.0,4.0,18.0,,,
439,2019-11-01,Monmouth,Vermont,Away,,4,0.0,4.0,3.0,16.0,9.0,,,,,,,7.0,1.0,,,,2.0
439,2019-11-08,Monmouth,California,Home,,4,3.0,4.0,4.0,19.0,11.0,,,,,3.0,,10.0,7.0,,,,
439,2019-11-10,Monmouth,Stanford,Home,,1,2.0,1.0,1.0,2.0,1.0,,,2.0,1.0,2.0,1.0,16.0,12.0,,,,2.0
469,2019-08-30,New Hampshire,American,Away,,2,4.0,2.0,2.0,6.0,3.0,17.0,,,,4.0,1.0,13.0,8.0,12.0,,,1.0
469,2019-09-01,New Hampshire,Maryland,Away,,0,5.0,,,6.0,2.0,,,,,5.0,4.0,25.0,18.0,,,,
469,2019-09-06,New Hampshire,Boston U.,Away,,1,2.0,1.0,1.0,17.0,12.0,,,1.0,1.0,2.0,3.0,10.0,6.0,,,,1.0
469,2019-09-08,New Hampshire,Holy Cross,Home,,2,1.0,2.0,1.0,12.0,10.0,,,1.0,2.0,1.0,1.0,11.0,6.0,,,1.0,1.0
469,2019-09-13,New Hampshire,Stanford,Home,,3,2.0,3.0,2.0,10.0,7.0,,,,,2.0,2.0,14.0,9.0,,,,
469,2019-09-15,New Hampshire,Brown,Home,,4,2.0,4.0,2.0,16.0,11.0,,,,2.0,2.0,2.0,9.0,5.0,,,1.0,
469,2019-09-20,New Hampshire,Dartmouth,Away,,4,,4.0,4.0,26.0,17.0,,,1.0,1.0,3.0,1.0,10.0,6.0,,,,1.0
469,2019-09-27,New Hampshire,Bryant,Away,,4,0.0,4.0,2.0,17.0,8.0,,,,,,,5.0,3.0,,,,1.0
469,2019-09-29,New Hampshire,Harvard,Away,,0,5.0,,,5.0,3.0,14.0,,,1.0,5.0,4.0,22.0,14.0,18.0,,1.0,2.0
469,2019-10-04,New Hampshire,Monmouth,Home,,1,5.0,1.0,1.0,12.0,5.0,,,,2.0,5.0,5.0,12.0,9.0,,,1.0,2.0
469,2019-10-06,New Hampshire,Massachusetts,Away,,2,1.0,2.0,,10.0,6.0,,,,,1.0,1.0,19.0,9.0,,,,
469,2019-10-11,New Hampshire,UAlbany,Away,,4,,4.0,4.0,18.0,11.0,12.0,,1.0,,3.0,1.0,18.0,12.0,10.0,,,
469,2019-10-13,New Hampshire,Providence,Away,,1,4.0,1.0,,9.0,6.0,,,,1.0,4.0,1.0,14.0,11.0,,,,1.0
469,2019-10-18,New Hampshire,UMass Lowell,Home,,2,,2.0,,10.0,6.0,,,,,3.0,2.0,11.0,8.0,,,,
469,2019-10-20,New Hampshire,Boston College,Home,,0,2.0,,,9.0,6.0,,,1.0,1.0,2.0,1.0,14.0,7.0,,,1.0,
469,2019-10-25,New Hampshire,Vermont,Away,,2,1.0,2.0,2.0,15.0,9.0,,,1.0,2.0,1.0,2.0,2.0,1.0,,,1.0,3.0
469,2019-11-01,New Hampshire,Maine,Home,,0,2.0,,,9.0,1.0,,,,,2.0,1.0,7.0,5.0,,,,1.0
469,2019-11-07,New Hampshire,California,Home,,1,2.0,1.0,,9.0,3.0,,,,1.0,2.0,2.0,13.0,9.0,,,,
457,2019-08-30,North Carolina,Michigan,Away,,4,2.0,4.0,4.0,9.0,6.0,,,,1.0,2.0,3.0,3.0,3.0,,,1.0,2.0
457,2019-09-01,North Carolina,Iowa,Home,,2,1.0,2.0,2.0,10.0,7.0,,,,1.0,1.0,1.0,7.0,3.0,,,1.0,1.0
457,2019-09-06,North Carolina,Princeton,Home,,4,3.0,4.0,2.0,16.0,7.0,,,,,3.0,2.0,16.0,7.0,,,,1.0
457,2019-09-08,North Carolina,Penn,Home,,6,0.0,6.0,6.0,30.0,18.0,,,,3.0,,,2.0,1.0,,,1.0,3.0
457,2019-09-15,North Carolina,William & Mary,Home,,8,0.0,8.0,4.0,26.0,18.0,,,,,,,10.0,4.0,,,,
457,2019-09-20,North Carolina,Louisville,Home,,4,1.0,4.0,4.0,12.0,8.0,,,1.0,1.0,1.0,1.0,16.0,8.0,,,,1.0
457,2019-09-22,North Carolina,App State,Away,,4,1.0,4.0,1.0,27.0,19.0,,,1.0,1.0,1.0,2.0,2.0,1.0,,,,
457,2019-09-27,North Carolina,Virginia,Away,,5,0.0,5.0,2.0,16.0,9.0,,,1.0,1.0,,,15.0,7.0,,,1.0,
457,2019-09-29,North Carolina,James Madison,Away,,9,0.0,9.0,3.0,18.0,14.0,,,,,,,5.0,2.0,,,,2.0
457,2019-10-04,North Carolina,Duke,Home,,2,0.0,2.0,3.0,14.0,7.0,,,1.0,2.0,,,6.0,5.0,,,,
457,2019-10-12,North Carolina,Syracuse,Away,,3,1.0,3.0,2.0,7.0,7.0,12.0,,1.0,1.0,1.0,,5.0,2.0,12.0,,1.0,1.0
457,2019-10-13,North Carolina,UAlbany,Away,,4,1.0,4.0,3.0,13.0,9.0,29.0,,,,1.0,,12.0,5.0,29.0,,2.0,
457,2019-10-18,North Carolina,Wake Forest,Away,,3,1.0,3.0,3.0,16.0,10.0,,,,,1.0,2.0,5.0,2.0,,,,1.0
457,2019-10-20,North Carolina,Liberty,Home,,3,2.0,3.0,1.0,16.0,11.0,,,,1.0,2.0,,7.0,4.0,,,,2.0
457,2019-10-25,North Carolina,Boston College,Home,,3,2.0,3.0,1.0,13.0,7.0,,,,1.0,2.0,1.0,10.0,5.0,,,,1.0
457,2019-10-27,North Carolina,Old Dominion,Home,,1,0.0,1.0,1.0,11.0,8.0,,,,1.0,,,10.0,6.0,,,,2.0
457,2019-11-03,North Carolina,Saint Joseph's,Home,,3,,3.0,2.0,19.0,13.0,,,,2.0,2.0,1.0,12.0,6.0,,,1.0,1.0
457,2019-11-08,North Carolina,Louisville,Home,,3,1.0,3.0,2.0,14.0,7.0,,,,,1.0,1.0,12.0,8.0,,,,2.0
457,2019-11-10,North Carolina,Boston College,Home,,3,1.0,3.0,2.0,12.0,6.0,,,,1.0,1.0,1.0,5.0,3.0,,,3.0,1.0
457,2019-11-15,North Carolina,Stanford,Home,,4,0.0,4.0,3.0,13.0,11.0,,,,1.0,,,6.0,5.0,,,,
457,2019-11-17,North Carolina,Iowa,Home,,2,1.0,2.0,2.0,2.0,2.0,,,,,1.0,1.0,7.0,3.0,,,,2.0
457,2019-11-22,North Carolina,Boston College,Home,,6,3.0,6.0,7.0,12.0,8.0,,,,,3.0,2.0,6.0,4.0,,,,1.0
457,2019-11-24,North Carolina,Princeton,Home,,6,1.0,6.0,2.0,14.0,11.0,,,,3.0,1.0,1.0,15.0,6.0,,,1.0,1.0
500,2019-08-30,Northeastern,Holy Cross,Away,,3,0.0,3.0,3.0,25.0,17.0,18.0,,,,,,11.0,6.0,20.0,,,
500,2019-09-01,Northeastern,Monmouth,Home,,3,,3.0,3.0,9.0,7.0,,,,2.0,2.0,1.0,22.0,10.0,,,,2.0
500,2019-09-06,Northeastern,Dartmouth,Home,,8,1.0,8.0,6.0,26.0,18.0,,,,1.0,1.0,1.0,4.0,2.0,,,,
500,2019-09-08,Northeastern,Boston U.,Away,,4,5.0,4.0,2.0,16.0,9.0,,,,1.0,5.0,4.0,15.0,9.0,,,,1.0
500,2019-09-15,Northeastern,Boston College,Away,,2,6.0,2.0,2.0,9.0,4.0,,,,,6.0,3.0,22.0,16.0,,,,1.0
500,2019-09-20,Northeastern,Maine,Away,,6,3.0,6.0,4.0,10.0,8.0,20.0,,,1.0,3.0,,7.0,5.0,13.0,,,
500,2019-09-25,Northeastern,Merrimack,Home,,7,0.0,7.0,3.0,30.0,19.0,,,1.0,1.0,,,5.0,4.0,,,,1.0
500,2019-09-27,Northeastern,Fairfield,Away,,6,4.0,6.0,2.0,14.0,12.0,27.0,,,1.0,4.0,4.0,15.0,9.0,21.0,,,
500,2019-09-29,Northeastern,Wake Forest,Away,,1,3.0,1.0,,9.0,4.0,,,,,3.0,3.0,23.0,11.0,,,,2.0
500,2019-10-04,Northeastern,Massachusetts,Away,,0,2.0,,,9.0,3.0,,,,1.0,2.0,,16.0,9.0,,,,
500,2019-10-06,Northeastern,Delaware,Home,,1,5.0,1.0,1.0,10.0,4.0,,,1.0,1.0,5.0,2.0,10.0,9.0,,,,2.0
500,2019-10-11,Northeastern,Towson,Away,,2,1.0,2.0,3.0,18.0,11.0,5.0,,1.0,,1.0,1.0,4.0,2.0,2.0,,,
500,2019-10-20,Northeastern,Bryant,Home,,3,1.0,3.0,,29.0,18.0,,,,,1.0,,3.0,2.0,,,,
500,2019-10-25,Northeastern,James Madison,Away,,3,1.0,3.0,2.0,9.0,7.0,,,,1.0,1.0,1.0,12.0,8.0,,,,1.0
500,2019-10-27,Northeastern,William & Mary,Away,,1,,1.0,2.0,9.0,4.0,,,,1.0,2.0,1.0,32.0,20.0,,,,3.0
500,2019-11-01,Northeastern,Drexel,Home,,2,1.0,2.0,2.0,13.0,7.0,,,,1.0,1.0,1.0,7.0,4.0,,,,1.0
500,2019-11-03,Northeastern,Hofstra,Home,,3,,3.0,1.0,19.0,10.0,,,,1.0,4.0,4.0,10.0,8.0,,,,
500,2019-11-08,Northeastern,William & Mary,Home,,1,0.0,1.0,1.0,5.0,5.0,,,,2.0,,,8.0,4.0,,,,
500,2019-11-10,Northeastern,Delaware,Away,,1,2.0,1.0,1.0,2.0,2.0,,,,1.0,2.0,1.0,15.0,6.0,,,,
509,2019-08-30,Northwestern,Stanford,Away,,4,,3.0,4.0,23.0,18.0,25.0,,,1.0,3.0,5.0,14.0,10.0,22.0,,1.0,2.0
509,2019-08-31,Northwestern,UConn,Home,,1,4.0,1.0,1.0,7.0,5.0,18.0,,,,4.0,5.0,18.0,9.0,21.0,,,3.0
509,2019-09-02,Northwestern,California,Home,,3,0.0,3.0,3.0,18.0,11.0,,,,2.0,,,5.0,3.0,,,,1.0
509,2019-09-06,Northwestern,Duke,Home,,1,,1.0,1.0,2.0,2.0,,,,3.0,2.0,1.0,15.0,8.0,,,,3.0
509,2019-09-08,Northwestern,Boston College,Home,,3,2.0,3.0,1.0,9.0,5.0,,,,,2.0,,17.0,9.0,,,,1.0
509,2019-09-13,Northwestern,UMass Lowell,Home,,7,2.0,7.0,8.0,22.0,16.0,,,,,2.0,2.0,7.0,6.0,,,1.0,1.0
509,2019-09-15,Northwestern,Wake Forest,Away,,2,0.0,2.0,2.0,8.0,6.0,,,1.0,,,,9.0,1.0,,,,
509,2019-09-16,Northwestern,Ball St.,Home,,3,0.0,3.0,,16.0,12.0,,,,2.0,,,,,,,,2.0
509,2019-09-20,Northwestern,Ohio St.,Away,,4,1.0,4.0,4.0,12.0,8.0,,,,1.0,1.0,,5.0,3.0,,,,
509,2019-09-22,Northwestern,Miami (OH),Away,,5,2.0,5.0,3.0,19.0,15.0,,,1.0,4.0,2.0,2.0,10.0,4.0,,,,4.0
509,2019-09-27,Northwestern,Michigan St.,Home,,4,1.0,4.0,2.0,22.0,19.0,,,1.0,2.0,1.0,,10.0,8.0,,,,2.0
509,2019-09-29,Northwestern,Michigan,Home,,1,,,,8.0,1.0,,,,1.0,,,8.0,5.0,,,,2.0
509,2019-10-03,Northwestern,Maryland,Home,,1,,1.0,,5.0,3.0,,,1.0,,2.0,,20.0,11.0,,,1.0,2.0
509,2019-10-06,Northwestern,Maine,Home,,3,,3.0,2.0,15.0,11.0,,,,2.0,4.0,2.0,10.0,7.0,,,,2.0
509,2019-10-11,Northwestern,Penn St.,Away,,2,,2.0,,16.0,13.0,,,1.0,2.0,3.0,4.0,20.0,10.0,,,2.0,2.0
509,2019-10-13,Northwestern,Rutgers,Away,,4,1.0,4.0,3.0,14.0,10.0,,,,,1.0,1.0,10.0,5.0,,,1.0,1.0
509,2019-10-20,Northwestern,Kent St.,Home,,5,0.0,5.0,6.0,18.0,12.0,,,,1.0,,,1.0,1.0,,,,1.0
509,2019-10-26,Northwestern,Iowa,Away,,1,2.0,1.0,1.0,2.0,1.0,,,,3.0,2.0,1.0,9.0,5.0,,,,
509,2019-11-01,Northwestern,Indiana,Home,,6,0.0,6.0,6.0,30.0,19.0,,,,1.0,,,6.0,5.0,,,,
509,2019-11-07,Northwestern,Rutgers,Home,,3,1.0,3.0,3.0,13.0,10.0,,,,2.0,1.0,2.0,12.0,5.0,,,,1.0
509,2019-11-09,Northwestern,Iowa,Home,,1,2.0,1.0,2.0,7.0,3.0,,,,,2.0,2.0,12.0,7.0,,,1.0,2.0
509,2019-11-15,Northwestern,Boston College,Home,,1,2.0,1.0,,9.0,5.0,,,,1.0,2.0,2.0,14.0,7.0,,,,
519,2019-08-30,Ohio,Drexel,Home,,4,2.0,4.0,3.0,14.0,9.0,,,,,2.0,2.0,9.0,6.0,,,,
519,2019-08-31,Ohio,Boston U.,Home,,1,4.0,1.0,1.0,4.0,3.0,,,,,4.0,3.0,19.0,13.0,,,1.0,1.0
519,2019-09-06,Ohio,Davidson,Away,,3,0.0,3.0,2.0,18.0,11.0,,,,,,,4.0,1.0,,,,
519,2019-09-13,Ohio,Lock Haven,Home,,4,0.0,4.0,2.0,19.0,12.0,,,,,,,3.0,3.0,,,,1.0
519,2019-09-20,Ohio,App State,Away,,6,5.0,6.0,4.0,23.0,14.0,,,1.0,3.0,5.0,4.0,17.0,13.0,,,,
519,2019-09-22,Ohio,Duke,Away,,0,7.0,,,8.0,3.0,,,,,7.0,6.0,24.0,15.0,,,,1.0
519,2019-09-28,Ohio,Kent St.,Away,,1,5.0,1.0,1.0,10.0,7.0,,,,1.0,5.0,3.0,28.0,13.0,,,,1.0
519,2019-10-05,Ohio,Longwood,Home,,2,1.0,2.0,2.0,13.0,9.0,,,,,1.0,1.0,8.0,4.0,,,,2.0
519,2019-10-06,Ohio,Ohio St.,Home,,1,6.0,1.0,,6.0,2.0,,,,,6.0,7.0,17.0,12.0,,,,
519,2019-10-11,Ohio,Michigan St.,Away,,0,1.0,,,18.0,12.0,,,,,1.0,2.0,8.0,5.0,,,,1.0
519,2019-10-13,Ohio,Central Mich.,Away,,6,1.0,6.0,3.0,18.0,14.0,,,,,1.0,,14.0,11.0,,,,
519,2019-10-18,Ohio,Ball St.,Home,,3,0.0,3.0,2.0,19.0,11.0,,,,,,,3.0,2.0,,,,1.0
519,2019-10-20,Ohio,Indiana,Home,,2,,2.0,,19.0,8.0,,,1.0,2.0,1.0,,16.0,9.0,,,2.0,2.0
519,2019-10-25,Ohio,Miami (OH),Home,,1,,1.0,,8.0,7.0,,,,1.0,1.0,1.0,10.0,4.0,,,,
519,2019-10-26,Ohio,UC Davis,Home,,1,2.0,1.0,2.0,15.0,9.0,,,,,2.0,2.0,11.0,7.0,,,,1.0
519,2019-11-07,Ohio,App State,Home,,4,,4.0,3.0,26.0,12.0,,,,,5.0,1.0,12.0,7.0,,,,2.0
518,2019-08-30,Ohio St.,Massachusetts,Home,,7,0.0,7.0,4.0,19.0,16.0,,,,,,,6.0,3.0,,,,
518,2019-09-02,Ohio St.,Boston U.,Home,,3,2.0,3.0,1.0,21.0,15.0,,,,2.0,2.0,1.0,7.0,3.0,,,,1.0
518,2019-09-06,Ohio St.,James Madison,Away,,3,0.0,3.0,,7.0,6.0,,,,,,,7.0,4.0,,,,2.0
518,2019-09-08,Ohio St.,Virginia,Away,,1,2.0,1.0,1.0,11.0,7.0,,,,,2.0,2.0,31.0,18.0,,,,1.0
518,2019-09-13,Ohio St.,Central Mich.,Home,,11,0.0,11.0,11.0,29.0,20.0,15.0,,,,,,4.0,,18.0,,,
518,2019-09-15,Ohio St.,Louisville,Home,,1,2.0,1.0,,6.0,4.0,,,,1.0,2.0,3.0,10.0,5.0,,,,
518,2019-09-20,Ohio St.,Northwestern,Home,,1,4.0,1.0,,5.0,3.0,,,,,4.0,4.0,12.0,8.0,,,,1.0
518,2019-09-27,Ohio St.,Iowa,Away,,1,2.0,1.0,1.0,5.0,3.0,,,,2.0,2.0,1.0,15.0,4.0,,,,1.0
518,2019-09-29,Ohio St.,Indiana,Away,,6,2.0,6.0,1.0,34.0,19.0,,,1.0,1.0,2.0,2.0,5.0,4.0,,,,
518,2019-10-06,Ohio St.,Ohio,Away,,6,1.0,6.0,7.0,17.0,12.0,,,,,1.0,,6.0,2.0,,,,
518,2019-10-11,Ohio St.,Michigan,Home,,1,,1.0,,4.0,3.0,,,3.0,2.0,2.0,3.0,24.0,15.0,,,,1.0
518,2019-10-13,Ohio St.,Stanford,Home,,1,3.0,1.0,,12.0,6.0,,,,1.0,3.0,6.0,13.0,6.0,,,,
518,2019-10-18,Ohio St.,Rutgers,Home,,0,1.0,,,13.0,5.0,,,,,1.0,1.0,8.0,3.0,,,,2.0
518,2019-10-20,Ohio St.,Maryland,Home,,3,6.0,3.0,1.0,9.0,7.0,,,,2.0,6.0,4.0,16.0,10.0,,,,3.0
518,2019-10-25,Ohio St.,Penn St.,Away,,2,1.0,2.0,2.0,5.0,4.0,,,,,1.0,1.0,15.0,7.0,,,,
518,2019-10-27,Ohio St.,Kent St.,Away,,4,0.0,4.0,2.0,18.0,11.0,,,,1.0,,,6.0,4.0,,,,
518,2019-11-02,Ohio St.,Michigan St.,Away,,3,0.0,3.0,3.0,16.0,11.0,,,,1.0,,,9.0,4.0,,,1.0,1.0
518,2019-11-07,Ohio St.,Iowa,Home,,1,4.0,1.0,,5.0,2.0,,,,1.0,4.0,5.0,15.0,8.0,,,,2.0
523,2019-08-30,Old Dominion,Virginia,Home,,0,3.0,,,2.0,1.0,,,,2.0,3.0,2.0,5.0,5.0,,,,2.0
523,2019-09-08,Old Dominion,American,Home,,1,,,,14.0,5.0,,,,,,,6.0,2.0,,,,1.0
523,2019-09-10,Old Dominion,William & Mary,Home,,3,1.0,3.0,5.0,14.0,11.0,,,,1.0,1.0,,10.0,5.0,,,,1.0
523,2019-09-13,Old Dominion,Penn St.,Away,,2,1.0,2.0,2.0,6.0,4.0,,,1.0,1.0,1.0,1.0,14.0,7.0,,,,1.0
523,2019-09-15,Old Dominion,VCU,Away,,2,0.0,2.0,2.0,8.0,6.0,33.0,,,1.0,,,7.0,3.0,34.0,,,
523,2019-09-20,Old Dominion,Providence,Away,,4,,3.0,2.0,10.0,6.0,,,1.0,1.0,3.0,4.0,13.0,6.0,,,,4.0
523,2019-09-22,Old Dominion,James Madison,Away,,1,3.0,1.0,,8.0,8.0,,,,1.0,3.0,2.0,9.0,6.0,,,,
523,2019-09-27,Old Dominion,UConn,Away,,2,6.0,2.0,3.0,9.0,8.0,,,,,6.0,7.0,23.0,17.0,,,,1.0
523,2019-10-04,Old Dominion,Georgetown,Home,,3,0.0,3.0,4.0,26.0,15.0,,,1.0,1.0,,,4.0,2.0,,,,
523,2019-10-06,Old Dominion,Virginia,Away,,2,,2.0,2.0,4.0,3.0,,,1.0,2.0,3.0,3.0,13.0,6.0,,,1.0,1.0
523,2019-10-11,Old Dominion,Liberty,Away,,3,2.0,3.0,2.0,5.0,5.0,,,,,2.0,2.0,16.0,10.0,,,,
523,2019-10-13,Old Dominion,Duke,Away,,0,1.0,,,3.0,2.0,,,,,1.0,,12.0,6.0,,,,2.0
523,2019-10-18,Old Dominion,Temple,Home,,2,1.0,2.0,4.0,15.0,8.0,,,,1.0,1.0,2.0,3.0,2.0,,,,
523,2019-10-25,Old Dominion,Quinnipiac,Home,,4,0.0,4.0,6.0,21.0,14.0,,,,1.0,,,2.0,1.0,,,,
523,2019-10-27,Old Dominion,North Carolina,Away,,0,1.0,,,10.0,6.0,,,,2.0,1.0,1.0,11.0,8.0,,,,1.0
523,2019-11-01,Old Dominion,Villanova,Away,,6,0.0,6.0,6.0,16.0,12.0,32.0,,,1.0,,,2.0,1.0,33.0,,,1.0
523,2019-11-08,Old Dominion,Liberty,Home,,3,1.0,3.0,2.0,11.0,5.0,40.0,,,2.0,1.0,1.0,8.0,4.0,46.0,,,1.0
523,2019-11-10,Old Dominion,UConn,Home,,0,2.0,,,6.0,4.0,54.0,,1.0,2.0,2.0,2.0,12.0,8.0,51.0,,,3.0
540,2019-09-06,Penn,Wake Forest,Home,,0,2.0,,,9.0,4.0,,,,1.0,2.0,2.0,12.0,7.0,,,,1.0
540,2019-09-08,Penn,North Carolina,Away,,0,6.0,,,2.0,1.0,,,1.0,3.0,6.0,6.0,30.0,18.0,,,,3.0
540,2019-09-13,Penn,Monmouth,Away,,2,4.0,2.0,2.0,16.0,5.0,,,,,4.0,3.0,16.0,10.0,,,,2.0
540,2019-09-15,Penn,Villanova,Home,,2,3.0,2.0,3.0,20.0,10.0,,,2.0,1.0,3.0,2.0,13.0,7.0,,,,1.0
540,2019-09-22,Penn,Saint Joseph's,Away,,0,3.0,,,18.0,6.0,,,,,3.0,3.0,9.0,6.0,,,,1.0
540,2019-09-28,Penn,Cornell,Home,,5,2.0,5.0,3.0,18.0,13.0,,,1.0,,2.0,2.0,9.0,6.0,,,2.0,1.0
540,2019-09-29,Penn,Temple,Away,,2,1.0,2.0,2.0,23.0,11.0,,,1.0,1.0,1.0,1.0,8.0,3.0,,,1.0,1.0
540,2019-10-05,Penn,Harvard,Away,,2,6.0,2.0,2.0,11.0,6.0,26.0,,,1.0,6.0,5.0,17.0,10.0,27.0,,,2.0
540,2019-10-06,Penn,Boston U.,Away,,1,0.0,1.0,1.0,7.0,3.0,,,,1.0,,,7.0,2.0,,,,
540,2019-10-12,Penn,Dartmouth,Home,,4,,4.0,4.0,22.0,17.0,,,,,3.0,2.0,9.0,6.0,,,,2.0
540,2019-10-13,Penn,Drexel,Away,,2,,2.0,1.0,17.0,9.0,,,,2.0,1.0,1.0,2.0,1.0,,,,1.0
540,2019-10-18,Penn,Columbia,Away,,5,,5.0,7.0,20.0,13.0,,,1.0,2.0,6.0,5.0,12.0,8.0,,,,2.0
540,2019-10-20,Penn,Delaware,Home,,0,1.0,,,7.0,2.0,,,,1.0,1.0,1.0,14.0,11.0,,,2.0,1.0
540,2019-10-26,Penn,Yale,Home,,4,2.0,4.0,1.0,17.0,11.0,,,,,2.0,1.0,7.0,4.0,,,,1.0
540,2019-10-27,Penn,Lafayette,Home,,0,1.0,,,7.0,4.0,,,2.0,5.0,1.0,1.0,4.0,4.0,,,,3.0
540,2019-11-02,Penn,Brown,Away,,3,2.0,3.0,1.0,18.0,11.0,,,,,2.0,2.0,9.0,7.0,,,,1.0
540,2019-11-09,Penn,Princeton,Home,,1,3.0,1.0,1.0,8.0,4.0,,,,1.0,3.0,2.0,11.0,9.0,,,1.0,2.0
539,2019-08-30,Penn St.,Duke,Away,,1,4.0,1.0,1.0,9.0,3.0,,,1.0,,4.0,1.0,17.0,11.0,,,,
539,2019-09-01,Penn St.,Virginia,Away,,1,2.0,1.0,1.0,13.0,5.0,,,,2.0,2.0,1.0,14.0,8.0,,,,1.0
539,2019-09-08,Penn St.,Delaware,Away,,1,3.0,1.0,,3.0,3.0,,,,2.0,3.0,4.0,15.0,9.0,,,,3.0
539,2019-09-13,Penn St.,Old Dominion,Home,,1,2.0,1.0,1.0,14.0,7.0,,,,1.0,2.0,2.0,6.0,4.0,,,1.0,1.0
539,2019-09-15,Penn St.,Princeton,Away,,1,2.0,1.0,1.0,3.0,3.0,,,,2.0,2.0,,15.0,10.0,,,,1.0
539,2019-09-20,Penn St.,Maryland,Away,,1,3.0,1.0,,14.0,9.0,,,,,3.0,4.0,19.0,11.0,,,,
539,2019-09-26,Penn St.,California,Home,,3,,3.0,2.0,17.0,12.0,,,,1.0,4.0,4.0,12.0,9.0,,,,
539,2019-09-29,Penn St.,Villanova,Home,,8,2.0,8.0,7.0,26.0,18.0,,,,2.0,2.0,2.0,10.0,7.0,,,,1.0
539,2019-10-04,Penn St.,Indiana,Away,,3,1.0,3.0,3.0,22.0,15.0,1.0,,,,1.0,1.0,5.0,2.0,1.0,,,2.0
539,2019-10-06,Penn St.,Louisville,Away,,0,3.0,,,10.0,6.0,,,,1.0,3.0,2.0,15.0,8.0,,,,1.0
539,2019-10-11,Penn St.,Northwestern,Home,,3,,3.0,4.0,20.0,10.0,,,2.0,2.0,2.0,,16.0,13.0,,,1.0,2.0
539,2019-10-13,Penn St.,Iowa,Home,,1,4.0,1.0,1.0,6.0,2.0,,,2.0,1.0,4.0,4.0,11.0,9.0,,,1.0,1.0
539,2019-10-18,Penn St.,Michigan St.,Away,,3,1.0,3.0,1.0,17.0,11.0,,,,1.0,1.0,,14.0,9.0,,,,
539,2019-10-20,Penn St.,Michigan,Away,,1,3.0,1.0,2.0,3.0,2.0,,,1.0,1.0,3.0,5.0,13.0,6.0,,,,1.0
539,2019-10-25,Penn St.,Ohio St.,Home,,1,2.0,1.0,1.0,15.0,7.0,,,,,2.0,2.0,5.0,4.0,,,,
539,2019-10-30,Penn St.,Bucknell,Away,,3,0.0,3.0,1.0,17.0,9.0,,,,,,,1.0,1.0,,,1.0,
539,2019-11-03,Penn St.,Rutgers,Home,,2,1.0,2.0,1.0,6.0,4.0,,,,1.0,1.0,,11.0,6.0,,,,1.0
539,2019-11-07,Penn St.,Michigan,Home,,2,1.0,2.0,2.0,4.0,3.0,,,,2.0,1.0,,9.0,9.0,,,,1.0
539,2019-11-08,Penn St.,Maryland,Home,,1,0.0,1.0,1.0,7.0,5.0,,,,1.0,,,15.0,9.0,,,,1.0
539,2019-11-10,Penn St.,Iowa,Home,,0,,,,6.0,5.0,,,1.0,2.0,1.0,1.0,5.0,3.0,,,,3.0
554,2019-09-06,Princeton,North Carolina,Away,,3,4.0,3.0,2.0,16.0,7.0,,,,1.0,4.0,2.0,16.0,7.0,,,,
554,2019-09-08,Princeton,Wake Forest,Home,,2,,2.0,3.0,18.0,8.0,,,,2.0,1.0,1.0,8.0,5.0,,,,3.0
554,2019-09-13,Princeton,UAlbany,Home,,4,3.0,4.0,7.0,15.0,6.0,,,,2.0,3.0,3.0,10.0,9.0,,,,2.0
554,2019-09-15,Princeton,Penn St.,Home,,2,1.0,2.0,,15.0,10.0,,,,1.0,1.0,1.0,3.0,3.0,,,,2.0
554,2019-09-20,Princeton,Rutgers,Home,,1,2.0,1.0,2.0,10.0,6.0,,,1.0,1.0,2.0,2.0,4.0,3.0,,,,1.0
554,2019-09-22,Princeton,UConn,Home,,1,,1.0,1.0,11.0,9.0,,,,2.0,2.0,2.0,15.0,9.0,,,1.0,3.0
554,2019-09-24,Princeton,Maryland,Away,,3,,3.0,,7.0,5.0,,,,2.0,4.0,3.0,22.0,11.0,,,,1.0
554,2019-09-28,Princeton,Dartmouth,Away,,4,0.0,4.0,5.0,25.0,16.0,,,,,,,4.0,2.0,,,,
554,2019-10-01,Princeton,Delaware,Away,,1,0.0,1.0,,6.0,3.0,,,1.0,3.0,,,3.0,1.0,,,,2.0
554,2019-10-04,Princeton,Yale,Home,,4,,4.0,2.0,38.0,20.0,,,,,3.0,2.0,6.0,6.0,,,,1.0
554,2019-10-06,Princeton,Duke,Away,,5,,5.0,3.0,13.0,7.0,,,,2.0,4.0,2.0,13.0,7.0,,,,2.0
554,2019-10-12,Princeton,Columbia,Home,,8,1.0,8.0,6.0,26.0,17.0,,,,,1.0,1.0,10.0,4.0,,,,1.0
554,2019-10-19,Princeton,Brown,Away,,6,0.0,6.0,4.0,24.0,18.0,,,,,,,7.0,3.0,,,,
554,2019-10-20,Princeton,Boston U.,Away,,3,1.0,3.0,3.0,24.0,17.0,,,,1.0,1.0,,7.0,5.0,,,,2.0
554,2019-10-26,Princeton,Harvard,Away,,3,2.0,3.0,3.0,12.0,8.0,25.0,,,2.0,2.0,2.0,7.0,3.0,27.0,,,1.0
554,2019-11-03,Princeton,Cornell,Home,,3,0.0,3.0,2.0,26.0,14.0,,,,2.0,,,5.0,3.0,,,,1.0
554,2019-11-09,Princeton,Penn,Away,,3,1.0,3.0,2.0,11.0,9.0,,,1.0,2.0,1.0,1.0,8.0,4.0,,,,1.0
554,2019-11-15,Princeton,Syracuse,Home,,5,1.0,5.0,3.0,12.0,10.0,,,1.0,2.0,1.0,1.0,7.0,6.0,,,,1.0
554,2019-11-17,Princeton,UConn,Away,,2,0.0,2.0,,10.0,9.0,,,1.0,1.0,,,8.0,5.0,,,,1.0
554,2019-11-22,Princeton,Virginia,Home,,2,1.0,2.0,1.0,11.0,6.0,,,1.0,1.0,1.0,2.0,13.0,5.0,,,2.0,2.0
554,2019-11-24,Princeton,North Carolina,Home,,1,6.0,1.0,1.0,15.0,6.0,,,1.0,1.0,6.0,2.0,14.0,11.0,,,,3.0
556,2019-08-30,Providence,Boston College,Home,,1,2.0,1.0,,9.0,4.0,,,,1.0,2.0,3.0,10.0,7.0,,,,
556,2019-09-01,Providence,Maine,Away,,5,,5.0,2.0,23.0,10.0,41.0,,,2.0,4.0,4.0,19.0,11.0,50.0,,,1.0
556,2019-09-06,Providence,Bryant,Home,,2,0.0,2.0,2.0,14.0,7.0,,,,,,,4.0,3.0,,,,
556,2019-09-08,Providence,Brown,Home,,3,0.0,3.0,2.0,13.0,10.0,,,,1.0,,,9.0,6.0,,,,1.0
556,2019-09-13,Providence,Lafayette,Away,,1,,,,12.0,6.0,39.0,,,2.0,,,11.0,6.0,56.0,,,1.0
556,2019-09-20,Providence,Old Dominion,Home,,3,,3.0,4.0,13.0,6.0,,,,4.0,3.0,2.0,10.0,6.0,,,1.0,1.0
556,2019-09-22,Providence,Fairfield,Away,,1,2.0,1.0,2.0,21.0,9.0,22.0,,,1.0,2.0,1.0,8.0,4.0,29.0,,,1.0
556,2019-09-27,Providence,Temple,Home,,1,0.0,1.0,1.0,6.0,3.0,,,,1.0,,,3.0,2.0,,,1.0,1.0
556,2019-09-29,Providence,Louisville,Home,,0,2.0,,,2.0,,,,,,2.0,3.0,9.0,6.0,,,,2.0
556,2019-10-04,Providence,Villanova,Away,,3,1.0,3.0,1.0,19.0,12.0,32.0,,,1.0,1.0,1.0,6.0,1.0,23.0,,,1.0
556,2019-10-06,Providence,Dartmouth,Home,,5,1.0,5.0,4.0,24.0,17.0,,,,,1.0,1.0,10.0,5.0,,,,1.0
556,2019-10-11,Providence,UConn,Away,,0,3.0,,,13.0,8.0,,,,,3.0,,19.0,9.0,,,,1.0
556,2019-10-13,Providence,New Hampshire,Home,,4,1.0,4.0,1.0,14.0,11.0,,,,1.0,1.0,,9.0,6.0,,,,1.0
556,2019-10-18,Providence,Quinnipiac,Home,,3,,2.0,1.0,11.0,7.0,,,1.0,2.0,2.0,,9.0,4.0,,,2.0,1.0
556,2019-10-20,Providence,Merrimack,Home,,5,1.0,5.0,3.0,32.0,21.0,,,,,1.0,1.0,5.0,2.0,,,,
556,2019-10-25,Providence,Georgetown,Home,,2,0.0,2.0,1.0,12.0,7.0,,,,1.0,,,7.0,5.0,,,,
556,2019-10-27,Providence,Rider,Home,,1,0.0,1.0,1.0,6.0,6.0,,,,,,,8.0,3.0,,,,2.0
556,2019-11-01,Providence,Liberty,Away,,0,2.0,,,12.0,4.0,,,,1.0,2.0,1.0,18.0,9.0,,,,
556,2019-11-08,Providence,UConn,Home,,0,2.0,,,5.0,3.0,47.0,,,1.0,2.0,2.0,20.0,8.0,51.0,,,2.0
562,2019-08-30,Quinnipiac,California,Away,,1,5.0,1.0,1.0,8.0,7.0,,,,,5.0,3.0,29.0,22.0,,,,
562,2019-09-01,Quinnipiac,UC Davis,Away,,0,1.0,,,7.0,4.0,,,,1.0,1.0,1.0,10.0,4.0,,,2.0,1.0
562,2019-09-03,Quinnipiac,Stanford,Away,,1,4.0,1.0,,7.0,5.0,,,,,4.0,6.0,22.0,16.0,,,,
562,2019-09-14,Quinnipiac,Sacred Heart,Home,,2,0.0,2.0,1.0,31.0,16.0,41.0,,1.0,2.0,,,15.0,7.0,29.0,,,2.0
562,2019-09-16,Quinnipiac,Hofstra,Away,,2,3.0,2.0,4.0,16.0,11.0,,,,,3.0,1.0,14.0,9.0,,,,1.0
562,2019-09-20,Quinnipiac,UConn,Home,,0,5.0,,,4.0,3.0,21.0,,1.0,2.0,5.0,4.0,25.0,16.0,30.0,,,1.0
562,2019-09-22,Quinnipiac,Vermont,Home,,1,0.0,1.0,2.0,5.0,3.0,48.0,,,1.0,,,4.0,3.0,45.0,,,
562,2019-09-27,Quinnipiac,Georgetown,Away,,2,,1.0,1.0,6.0,5.0,,,1.0,3.0,1.0,1.0,8.0,5.0,,,,1.0
562,2019-09-29,Quinnipiac,Columbia,Home,,1,2.0,1.0,1.0,6.0,3.0,51.0,,,1.0,2.0,2.0,6.0,3.0,44.0,,,
562,2019-10-04,Quinnipiac,Liberty,Home,,1,5.0,1.0,2.0,4.0,3.0,33.0,,,1.0,5.0,5.0,20.0,13.0,26.0,,,
562,2019-10-06,Quinnipiac,Boston College,Away,,0,4.0,,,11.0,7.0,,,,1.0,4.0,4.0,18.0,12.0,,,,
562,2019-10-11,Quinnipiac,Villanova,Home,,1,2.0,1.0,,12.0,5.0,44.0,,1.0,2.0,2.0,1.0,8.0,5.0,45.0,,,1.0
562,2019-10-13,Quinnipiac,Maine,Away,,0,4.0,,,2.0,1.0,20.0,,,,4.0,3.0,19.0,11.0,37.0,,,1.0
562,2019-10-18,Quinnipiac,Providence,Away,,2,,2.0,,9.0,4.0,,,2.0,1.0,2.0,1.0,11.0,7.0,,,1.0,2.0
562,2019-10-20,Quinnipiac,Yale,Home,,1,2.0,1.0,2.0,6.0,5.0,24.0,,,,2.0,3.0,9.0,5.0,27.0,,,
562,2019-10-25,Quinnipiac,Old Dominion,Away,,0,4.0,,,2.0,1.0,,,,,4.0,6.0,21.0,14.0,,,,1.0
562,2019-10-27,Quinnipiac,Brown,Home,,5,2.0,5.0,5.0,17.0,13.0,32.0,,,1.0,2.0,2.0,15.0,10.0,35.0,,,1.0
562,2019-11-01,Quinnipiac,Temple,Home,,3,,3.0,3.0,19.0,10.0,37.0,,1.0,2.0,2.0,2.0,14.0,6.0,42.0,,,1.0
575,2019-08-30,Richmond,Maryland,Away,,1,5.0,1.0,,10.0,4.0,,,,1.0,5.0,6.0,20.0,10.0,,,,1.0
575,2019-09-01,Richmond,American,Away,,3,2.0,3.0,2.0,8.0,5.0,15.0,,,3.0,2.0,1.0,14.0,7.0,11.0,,,2.0
575,2019-09-06,Richmond,Liberty,Away,,0,3.0,,,9.0,6.0,,,,,3.0,4.0,13.0,11.0,,,,1.0
575,2019-09-08,Richmond,Bucknell,Home,,3,,3.0,3.0,15.0,9.0,,,,2.0,2.0,2.0,12.0,7.0,,,,3.0
575,2019-09-13,Richmond,Lehigh,Away,,4,2.0,4.0,4.0,23.0,13.0,,,,2.0,2.0,1.0,15.0,12.0,,,,2.0
575,2019-09-15,Richmond,Lafayette,Away,,1,,1.0,1.0,11.0,8.0,28.0,,,,2.0,3.0,5.0,3.0,43.0,,,2.0
575,2019-09-20,Richmond,VCU,Home,,2,,1.0,1.0,11.0,7.0,,,1.0,2.0,1.0,2.0,9.0,2.0,,,1.0,1.0
575,2019-09-22,Richmond,UC Davis,Home,,2,1.0,2.0,2.0,7.0,4.0,,,1.0,1.0,1.0,1.0,1.0,1.0,,,1.0,
575,2019-09-27,Richmond,Lock Haven,Away,,1,,1.0,2.0,5.0,3.0,,,,2.0,2.0,1.0,10.0,5.0,,,,
575,2019-09-29,Richmond,Massachusetts,Away,,2,1.0,2.0,1.0,12.0,9.0,,,,2.0,1.0,1.0,6.0,5.0,,,,2.0
575,2019-10-04,Richmond,Delaware,Home,,0,1.0,,,5.0,3.0,,,,,1.0,1.0,11.0,8.0,,,,2.0
575,2019-10-06,Richmond,James Madison,Home,,1,2.0,1.0,1.0,10.0,7.0,,,,3.0,2.0,1.0,20.0,9.0,,,1.0,3.0
575,2019-10-12,Richmond,Saint Louis,Away,,4,2.0,4.0,1.0,23.0,10.0,,,,1.0,2.0,1.0,5.0,4.0,,,1.0,2.0
575,2019-10-18,Richmond,La Salle,Home,,3,1.0,3.0,1.0,22.0,15.0,,,1.0,2.0,1.0,1.0,4.0,2.0,,,,
575,2019-10-20,Richmond,Saint Joseph's,Home,,2,3.0,2.0,1.0,7.0,5.0,,,1.0,3.0,3.0,3.0,21.0,15.0,,,,
575,2019-10-25,Richmond,Saint Francis,Home,,2,1.0,2.0,1.0,31.0,18.0,,,,1.0,1.0,1.0,5.0,3.0,,,2.0,1.0
575,2019-10-27,Richmond,Duke,Away,,0,3.0,,,13.0,5.0,,,1.0,2.0,3.0,2.0,16.0,8.0,,,,2.0
575,2019-11-01,Richmond,Davidson,Away,,4,0.0,4.0,3.0,21.0,16.0,,,,1.0,,,1.0,,,,,
575,2019-11-03,Richmond,Wake Forest,Away,,0,4.0,,,10.0,6.0,,,1.0,2.0,4.0,2.0,10.0,5.0,,,,2.0
575,2019-11-08,Richmond,Massachusetts,Home,,3,1.0,3.0,2.0,14.0,9.0,,,,,1.0,,8.0,3.0,,,,2.0
575,2019-11-09,Richmond,Saint Joseph's,Home,,0,1.0,,,9.0,4.0,,,,1.0,1.0,1.0,7.0,2.0,,,,1.0
576,2019-08-30,Rider,Lehigh,Home,,0,1.0,,,14.0,9.0,,,,,1.0,2.0,10.0,9.0,,,,4.0
576,2019-09-06,Rider,La Salle,Home,,2,,2.0,2.0,17.0,10.0,,,1.0,2.0,1.0,,14.0,10.0,,,1.0,1.0
576,2019-09-10,Rider,Drexel,Away,,3,1.0,3.0,2.0,7.0,5.0,,,,1.0,1.0,1.0,12.0,5.0,,,,
576,2019-09-13,Rider,Georgetown,Home,,0,1.0,,,10.0,6.0,,,1.0,1.0,1.0,1.0,4.0,2.0,,,1.0,2.0
576,2019-09-15,Rider,Colgate,Home,,5,1.0,5.0,5.0,24.0,18.0,,,,1.0,1.0,1.0,8.0,6.0,,,,
576,2019-09-22,Rider,Villanova,Away,,4,,4.0,3.0,7.0,4.0,30.0,,2.0,3.0,3.0,2.0,38.0,14.0,24.0,,,2.0
576,2019-09-27,Rider,Towson,Away,,4,1.0,4.0,3.0,18.0,12.0,3.0,,,,1.0,1.0,3.0,2.0,5.0,,,
576,2019-09-29,Rider,Saint Francis,Away,,5,1.0,5.0,3.0,21.0,16.0,33.0,,,2.0,1.0,1.0,15.0,10.0,36.0,,,2.0
576,2019-10-04,Rider,Wagner,Away,,4,1.0,4.0,1.0,15.0,8.0,,,,1.0,1.0,,6.0,1.0,,,,
576,2019-10-06,Rider,Monmouth,Away,,1,5.0,1.0,,13.0,8.0,,,,1.0,5.0,6.0,15.0,12.0,,,1.0,3.0
576,2019-10-11,Rider,Merrimack,Home,,4,2.0,4.0,3.0,29.0,22.0,,,,,2.0,2.0,5.0,4.0,,,,1.0
576,2019-10-13,Rider,LIU,Home,,2,1.0,2.0,1.0,10.0,9.0,,,1.0,1.0,1.0,2.0,4.0,4.0,,,1.0,2.0
576,2019-10-18,Rider,Fairfield,Away,,1,,1.0,1.0,2.0,1.0,25.0,,,,2.0,2.0,14.0,9.0,31.0,,,2.0
576,2019-10-20,Rider,Hofstra,Away,,4,1.0,4.0,3.0,15.0,9.0,,,,,1.0,2.0,7.0,4.0,,,3.0,1.0
576,2019-10-25,Rider,Bryant,Home,,2,0.0,2.0,1.0,19.0,10.0,,,,2.0,,,1.0,1.0,,,,1.0
576,2019-10-27,Rider,Providence,Away,,0,1.0,,,8.0,3.0,,,,2.0,1.0,1.0,6.0,6.0,,,,
576,2019-11-01,Rider,Sacred Heart,Home,,3,0.0,3.0,1.0,28.0,23.0,,,1.0,2.0,,,1.0,1.0,,,1.0,3.0
576,2019-11-03,Rider,Lock Haven,Home,,0,1.0,,,4.0,3.0,,,,2.0,1.0,1.0,3.0,3.0,,,,
576,2019-11-08,Rider,LIU,Home,,3,0.0,3.0,2.0,13.0,10.0,50.0,,,2.0,,,3.0,2.0,45.0,,,
576,2019-11-10,Rider,Fairfield,Home,,1,,1.0,1.0,8.0,6.0,41.0,,2.0,2.0,2.0,2.0,8.0,5.0,44.0,,1.0,2.0
587,2019-08-30,Rutgers,Maine,Home,,3,0.0,3.0,4.0,23.0,14.0,,,,1.0,,,5.0,3.0,,,,
587,2019-08-31,Rutgers,Ball St.,Home,,4,1.0,4.0,3.0,17.0,15.0,,,,2.0,1.0,,3.0,3.0,,,,1.0
587,2019-09-06,Rutgers,UConn,Away,,0,2.0,,,11.0,6.0,,,,2.0,2.0,,21.0,11.0,,,,3.0
587,2019-09-08,Rutgers,Saint Joseph's,Away,,1,2.0,1.0,1.0,13.0,9.0,,,,1.0,2.0,2.0,12.0,4.0,,,,
587,2019-09-13,Rutgers,Delaware,Home,,0,1.0,,,6.0,5.0,,,,2.0,1.0,,11.0,4.0,,,,1.0
587,2019-09-15,Rutgers,Monmouth,Away,,2,1.0,2.0,2.0,8.0,4.0,,,,2.0,1.0,2.0,7.0,4.0,,,,2.0
587,2019-09-20,Rutgers,Princeton,Away,,2,1.0,2.0,2.0,4.0,3.0,,,,1.0,1.0,2.0,10.0,6.0,,,1.0,1.0
587,2019-09-28,Rutgers,Maryland,Home,,1,2.0,1.0,1.0,9.0,5.0,,,,,2.0,2.0,17.0,10.0,,,,1.0
587,2019-10-04,Rutgers,Iowa,Away,,1,2.0,1.0,1.0,7.0,4.0,,,,1.0,2.0,4.0,8.0,8.0,,,,1.0
587,2019-10-05,Rutgers,UC Davis,Home,,1,0.0,1.0,1.0,12.0,8.0,,,,,,,6.0,3.0,,,,1.0
587,2019-10-11,Rutgers,Indiana,Home,,3,2.0,3.0,2.0,20.0,14.0,,,,1.0,2.0,1.0,5.0,4.0,,,,2.0
587,2019-10-13,Rutgers,Northwestern,Home,,1,4.0,1.0,1.0,10.0,5.0,,,1.0,1.0,4.0,3.0,14.0,10.0,,,,
587,2019-10-18,Rutgers,Ohio St.,Away,,1,0.0,1.0,1.0,8.0,3.0,,,,2.0,,,13.0,5.0,,,,
587,2019-10-20,Rutgers,Michigan St.,Away,,3,2.0,3.0,4.0,16.0,12.0,,,,1.0,2.0,2.0,9.0,7.0,,,,2.0
587,2019-10-25,Rutgers,Michigan,Home,,3,0.0,3.0,3.0,6.0,6.0,1.0,,1.0,2.0,,,10.0,1.0,,,2.0,1.0
587,2019-10-27,Rutgers,Temple,Home,,1,0.0,1.0,1.0,19.0,14.0,,,,,,,1.0,1.0,,,,
587,2019-11-03,Rutgers,Penn St.,Away,,1,2.0,1.0,,11.0,6.0,,,,1.0,2.0,1.0,6.0,4.0,,,,1.0
587,2019-11-07,Rutgers,Northwestern,Home,,1,3.0,1.0,2.0,12.0,5.0,,,,1.0,3.0,3.0,13.0,10.0,,,,2.0
590,2019-08-30,Sacred Heart,La Salle,Away,,0,3.0,,,4.0,2.0,48.0,,,2.0,3.0,3.0,16.0,9.0,62.0,,,2.0
590,2019-09-01,Sacred Heart,Villanova,Away,,2,3.0,2.0,2.0,12.0,4.0,16.0,,1.0,2.0,3.0,2.0,25.0,12.0,19.0,,1.0,1.0
590,2019-09-06,Sacred Heart,Saint Francis,Home,,4,,4.0,3.0,24.0,12.0,35.0,,,1.0,3.0,2.0,18.0,8.0,28.0,,,2.0
590,2019-09-08,Sacred Heart,Yale,Away,,0,4.0,,,16.0,10.0,,,,1.0,4.0,,48.0,29.0,,,,
590,2019-09-11,Sacred Heart,Hofstra,Away,,1,3.0,1.0,,17.0,6.0,,,,2.0,3.0,2.0,22.0,13.0,,,1.0,2.0
590,2019-09-13,Sacred Heart,Holy Cross,Home,,0,2.0,,,10.0,4.0,35.0,,,,2.0,2.0,31.0,23.0,28.0,,,1.0
590,2019-09-14,Sacred Heart,Quinnipiac,Away,,0,2.0,,,15.0,7.0,29.0,,,2.0,2.0,1.0,31.0,16.0,41.0,,1.0,2.0
590,2019-09-20,Sacred Heart,UMass Lowell,Away,,2,5.0,2.0,1.0,6.0,4.0,,,,,5.0,4.0,20.0,14.0,,,,1.0
590,2019-09-22,Sacred Heart,Bucknell,Home,,1,2.0,1.0,,6.0,3.0,29.0,,,1.0,2.0,2.0,9.0,7.0,10.0,,1.0,1.0
590,2019-09-27,Sacred Heart,UAlbany,Away,,1,8.0,1.0,1.0,8.0,2.0,37.0,,,,8.0,5.0,36.0,26.0,32.0,,,
590,2019-10-04,Sacred Heart,Fairfield,Away,,0,,,,1.0,1.0,35.0,,,,1.0,1.0,22.0,16.0,37.0,,,
590,2019-10-11,Sacred Heart,California,Home,,0,6.0,,,6.0,1.0,16.0,,,,6.0,4.0,23.0,16.0,12.0,,1.0,1.0
590,2019-10-13,Sacred Heart,Merrimack,Home,,4,0.0,4.0,2.0,18.0,16.0,29.0,,,2.0,,,6.0,5.0,26.0,,,
590,2019-10-18,Sacred Heart,Bryant,Home,,4,1.0,4.0,5.0,15.0,10.0,25.0,,,1.0,1.0,1.0,11.0,3.0,33.0,,1.0,1.0
590,2019-10-20,Sacred Heart,Lehigh,Home,,3,2.0,3.0,3.0,18.0,11.0,,,1.0,2.0,2.0,2.0,28.0,19.0,,,,
590,2019-10-25,Sacred Heart,LIU,Away,,2,,2.0,1.0,10.0,7.0,,,,2.0,3.0,2.0,18.0,12.0,,,,2.0
590,2019-10-27,Sacred Heart,Wagner,Home,,4,0.0,4.0,2.0,13.0,9.0,,,,,,,7.0,6.0,,,,2.0
590,2019-11-01,Sacred Heart,Rider,Away,,0,3.0,,,1.0,1.0,,,1.0,3.0,3.0,1.0,28.0,23.0,,,1.0,2.0
590,2019-11-03,Sacred Heart,Georgetown,Home,,0,2.0,,,5.0,5.0,,,1.0,2.0,2.0,1.0,11.0,4.0,,,,2.0
590,2019-11-08,Sacred Heart,Fairfield,Home,,1,2.0,1.0,1.0,5.0,3.0,45.0,,,1.0,2.0,1.0,15.0,9.0,42.0,,1.0,4.0
600,2019-08-30,Saint Francis,Kent St.,Away,,2,5.0,2.0,2.0,6.0,5.0,,,,,5.0,4.0,20.0,13.0,,,,1.0
600,2019-08-31,Saint Francis,Michigan St.,Home,,0,7.0,,,8.0,4.0,,,1.0,1.0,7.0,7.0,24.0,15.0,,,,1.0
600,2019-09-06,Saint Francis,Sacred Heart,Away,,3,,3.0,2.0,18.0,8.0,28.0,,,2.0,4.0,3.0,24.0,12.0,35.0,,,1.0
600,2019-09-08,Saint Francis,Fairfield,Away,,0,5.0,,,4.0,,14.0,,,,5.0,5.0,18.0,11.0,17.0,,,1.0
600,2019-09-13,Saint Francis,App State,Home,,0,1.0,,,3.0,2.0,22.0,,,1.0,1.0,1.0,24.0,10.0,24.0,,3.0,
600,2019-09-15,Saint Francis,Miami (OH),Away,,1,5.0,1.0,1.0,3.0,2.0,,,,1.0,5.0,2.0,46.0,21.0,,,,
600,2019-09-20,Saint Francis,Davidson,Home,,3,,3.0,2.0,20.0,8.0,39.0,,,1.0,2.0,2.0,18.0,10.0,36.0,,,
600,2019-09-22,Saint Francis,Central Mich.,Home,,3,2.0,3.0,3.0,29.0,18.0,39.0,,,1.0,2.0,1.0,17.0,10.0,45.0,,,3.0
600,2019-09-27,Saint Francis,LIU,Home,,2,,2.0,2.0,23.0,18.0,44.0,,,2.0,1.0,1.0,10.0,5.0,56.0,,,1.0
600,2019-09-29,Saint Francis,Rider,Home,,1,5.0,1.0,1.0,15.0,10.0,36.0,,,2.0,5.0,3.0,21.0,16.0,33.0,,,2.0
600,2019-10-06,Saint Francis,VCU,Away,,1,4.0,1.0,1.0,7.0,5.0,44.0,,,1.0,4.0,2.0,29.0,18.0,28.0,,,
600,2019-10-11,Saint Francis,La Salle,Away,,2,3.0,2.0,,3.0,3.0,59.0,,1.0,5.0,3.0,3.0,28.0,16.0,45.0,,,
600,2019-10-13,Saint Francis,Saint Joseph's,Away,,2,7.0,2.0,1.0,3.0,2.0,,,,1.0,7.0,6.0,32.0,23.0,,,,1.0
600,2019-10-15,Saint Francis,Georgetown,Home,,2,,2.0,2.0,10.0,3.0,53.0,,,1.0,1.0,1.0,27.0,14.0,35.0,,,2.0
600,2019-10-20,Saint Francis,Massachusetts,Home,,0,2.0,,,5.0,4.0,47.0,,,,2.0,1.0,18.0,9.0,44.0,,,
600,2019-10-25,Saint Francis,Richmond,Away,,1,2.0,1.0,1.0,5.0,3.0,,,2.0,1.0,2.0,1.0,31.0,18.0,,,,1.0
600,2019-10-27,Saint Francis,James Madison,Away,,1,4.0,1.0,1.0,5.0,4.0,,,,1.0,4.0,6.0,18.0,12.0,,,,1.0
600,2019-11-01,Saint Francis,Lock Haven,Home,,0,2.0,,,7.0,3.0,39.0,,,,2.0,,18.0,10.0,44.0,,,2.0
600,2019-11-03,Saint Francis,Saint Louis,Home,,3,0.0,3.0,3.0,12.0,6.0,37.0,,,2.0,,,4.0,3.0,31.0,,,4.0
606,2019-09-01,Saint Joseph's,Hofstra,Away,,9,1.0,9.0,5.0,30.0,16.0,,,,,1.0,,1.0,1.0,,,1.0,1.0
606,2019-09-06,Saint Joseph's,Drexel,Home,,4,1.0,4.0,4.0,13.0,10.0,,,,1.0,1.0,1.0,2.0,1.0,,,1.0,1.0
606,2019-09-08,Saint Joseph's,Rutgers,Home,,2,1.0,2.0,2.0,12.0,4.0,,,,,1.0,1.0,13.0,9.0,,,,1.0
606,2019-09-13,Saint Joseph's,Syracuse,Away,,1,,1.0,1.0,4.0,2.0,20.0,,,1.0,2.0,1.0,13.0,11.0,15.0,,,
606,2019-09-15,Saint Joseph's,Cornell,Away,,4,2.0,4.0,2.0,12.0,9.0,,,,,2.0,1.0,9.0,5.0,,,,1.0
606,2019-09-20,Saint Joseph's,Delaware,Home,,4,2.0,4.0,3.0,13.0,8.0,,,,1.0,2.0,2.0,9.0,6.0,,,,1.0
606,2019-09-22,Saint Joseph's,Penn,Home,,3,0.0,3.0,3.0,9.0,6.0,,,,1.0,,,18.0,6.0,,,,
606,2019-09-27,Saint Joseph's,Massachusetts,Away,,4,1.0,4.0,5.0,16.0,13.0,,,,1.0,1.0,1.0,9.0,6.0,,,,1.0
606,2019-09-29,Saint Joseph's,Boston College,Away,,5,4.0,5.0,4.0,16.0,10.0,,,,1.0,4.0,1.0,20.0,12.0,,,,2.0
606,2019-10-04,Saint Joseph's,Lock Haven,Home,,4,0.0,4.0,3.0,12.0,9.0,,,,2.0,,,6.0,3.0,,,,1.0
606,2019-10-06,Saint Joseph's,Saint Louis,Home,,7,1.0,7.0,5.0,26.0,16.0,,,,,1.0,,1.0,1.0,,,,
606,2019-10-13,Saint Joseph's,Saint Francis,Home,,7,2.0,7.0,6.0,32.0,23.0,,,,1.0,2.0,1.0,3.0,2.0,,,,1.0
606,2019-10-18,Saint Joseph's,VCU,Away,,6,1.0,6.0,5.0,15.0,11.0,37.0,,,,1.0,2.0,9.0,3.0,30.0,,,
606,2019-10-20,Saint Joseph's,Richmond,Away,,3,2.0,3.0,3.0,21.0,15.0,,,,,2.0,1.0,7.0,5.0,,,1.0,3.0
606,2019-10-25,Saint Joseph's,Davidson,Home,,5,0.0,5.0,3.0,24.0,13.0,,,,,,,2.0,1.0,,,,
606,2019-10-27,Saint Joseph's,Michigan,Home,,3,4.0,3.0,4.0,9.0,5.0,,,2.0,1.0,4.0,3.0,19.0,10.0,,,,1.0
606,2019-10-31,Saint Joseph's,La Salle,Away,,4,2.0,4.0,2.0,20.0,17.0,61.0,,,1.0,2.0,2.0,4.0,3.0,52.0,,,1.0
606,2019-11-03,Saint Joseph's,North Carolina,Away,,2,,2.0,1.0,12.0,6.0,,,1.0,1.0,3.0,2.0,19.0,13.0,,,,2.0
606,2019-11-08,Saint Joseph's,Lock Haven,Home,,2,1.0,2.0,2.0,14.0,7.0,,,,1.0,1.0,,7.0,3.0,,,,1.0
606,2019-11-09,Saint Joseph's,Richmond,Away,,1,0.0,1.0,1.0,7.0,2.0,,,,1.0,,,9.0,4.0,,,,1.0
606,2019-11-15,Saint Joseph's,Maryland,Home,,0,4.0,,,11.0,6.0,,,,1.0,4.0,5.0,14.0,6.0,,,,1.0
609,2019-08-31,Saint Louis,Colgate,Home,,1,4.0,1.0,,1.0,1.0,,,,1.0,4.0,3.0,27.0,9.0,,,,1.0
609,2019-09-02,Saint Louis,Central Mich.,Away,,0,3.0,,,3.0,2.0,,,,2.0,3.0,2.0,16.0,6.0,,,,2.0
609,2019-09-06,Saint Louis,Ball St.,Away,,0,3.0,,,4.0,3.0,,,,,3.0,5.0,10.0,5.0,,,,
609,2019-09-08,Saint Louis,Miami (OH),Away,,0,3.0,,,1.0,1.0,,,,,3.0,,26.0,10.0,,,,
609,2019-09-13,Saint Louis,Indiana,Home,,0,3.0,,,3.0,1.0,,,,1.0,3.0,1.0,16.0,11.0,,,,
609,2019-09-15,Saint Louis,Kent St.,Home,,0,5.0,,,4.0,2.0,,,,,5.0,5.0,23.0,15.0,,,,
609,2019-09-21,Saint Louis,Massachusetts,Home,,0,2.0,,,3.0,3.0,,,1.0,,2.0,2.0,14.0,5.0,,,,1.0
609,2019-09-29,Saint Louis,VCU,Home,,1,2.0,1.0,,3.0,2.0,,,1.0,1.0,2.0,2.0,11.0,7.0,,,1.0,
609,2019-10-04,Saint Louis,La Salle,Away,,2,5.0,2.0,2.0,6.0,4.0,60.0,,,3.0,5.0,4.0,26.0,17.0,45.0,,,
609,2019-10-06,Saint Louis,Saint Joseph's,Away,,1,7.0,1.0,,1.0,1.0,,,,,7.0,5.0,26.0,16.0,,,,
609,2019-10-12,Saint Louis,Richmond,Home,,2,4.0,2.0,1.0,5.0,4.0,,,1.0,2.0,4.0,1.0,23.0,10.0,,,,1.0
609,2019-10-18,Saint Louis,Davidson,Away,,0,2.0,,,8.0,5.0,,,,,2.0,3.0,5.0,3.0,,,,
609,2019-10-20,Saint Louis,App State,Away,,1,2.0,1.0,1.0,6.0,5.0,,,,1.0,2.0,2.0,11.0,3.0,,,,
609,2019-10-22,Saint Louis,Longwood,Away,,0,2.0,,,,,17.0,,,1.0,2.0,1.0,25.0,7.0,16.0,,,
609,2019-10-27,Saint Louis,Lock Haven,Home,,0,4.0,,,4.0,1.0,,,,1.0,4.0,2.0,19.0,10.0,,,,1.0
609,2019-11-01,Saint Louis,Lehigh,Away,,0,4.0,,,4.0,3.0,,,,1.0,4.0,2.0,19.0,10.0,,,,
609,2019-11-03,Saint Louis,Saint Francis,Away,,0,3.0,,,4.0,3.0,31.0,,,4.0,3.0,3.0,12.0,6.0,37.0,,,2.0
674,2019-08-30,Stanford,Northwestern,Home,,3,,3.0,5.0,14.0,10.0,22.0,,1.0,2.0,3.0,4.0,23.0,18.0,25.0,,,1.0
674,2019-09-01,Stanford,UConn,Home,,2,3.0,2.0,3.0,6.0,6.0,1.0,,,2.0,3.0,2.0,20.0,12.0,1.0,,,2.0
674,2019-09-03,Stanford,Quinnipiac,Home,,4,1.0,4.0,6.0,22.0,16.0,,,,,1.0,,7.0,5.0,,,,
674,2019-09-06,Stanford,Michigan,Home,,3,,2.0,3.0,6.0,4.0,,,,1.0,2.0,2.0,20.0,14.0,,,1.0,4.0
674,2019-09-10,Stanford,Brown,Away,,6,0.0,6.0,5.0,17.0,11.0,,,,2.0,,,17.0,7.0,,,,1.0
674,2019-09-12,Stanford,Harvard,Away,,2,,1.0,,8.0,7.0,21.0,,,1.0,1.0,,19.0,10.0,14.0,,,4.0
674,2019-09-13,Stanford,New Hampshire,Away,,2,3.0,2.0,2.0,14.0,9.0,,,,,3.0,2.0,10.0,7.0,,,,
674,2019-09-15,Stanford,Vermont,Home,,6,2.0,6.0,5.0,14.0,11.0,,,,1.0,2.0,2.0,10.0,7.0,,,,
674,2019-09-20,Stanford,California,Home,,2,0.0,2.0,4.0,10.0,8.0,,,,1.0,,,13.0,7.0,,,,
674,2019-09-27,Stanford,Wake Forest,Away,,1,3.0,1.0,,6.0,4.0,,,,,3.0,2.0,12.0,9.0,,,,
674,2019-09-29,Stanford,Duke,Away,,0,1.0,,,7.0,3.0,,,1.0,,1.0,1.0,11.0,4.0,,,,1.0
674,2019-10-05,Stanford,Syracuse,Home,,3,2.0,3.0,2.0,11.0,5.0,14.0,,,1.0,2.0,,9.0,6.0,14.0,,,
674,2019-10-12,Stanford,Ball St.,Home,,5,0.0,5.0,1.0,17.0,11.0,,,2.0,,,,4.0,3.0,,,,
674,2019-10-13,Stanford,Ohio St.,Away,,3,1.0,3.0,6.0,13.0,6.0,,,,,1.0,,12.0,6.0,,,,1.0
674,2019-10-15,Stanford,Louisville,Away,,0,3.0,,,4.0,2.0,,,1.0,1.0,3.0,1.0,19.0,15.0,,,,2.0
674,2019-10-20,Stanford,UC Davis,Away,,3,1.0,3.0,2.0,16.0,9.0,,,,,1.0,1.0,10.0,5.0,,,,1.0
674,2019-10-22,Stanford,California,Away,,3,2.0,3.0,3.0,10.0,7.0,,,,,2.0,,10.0,5.0,,,,
674,2019-11-01,Stanford,UC Davis,Home,,5,0.0,5.0,3.0,14.0,9.0,,,,2.0,,,9.0,5.0,,,,
674,2019-11-07,Stanford,UAlbany,Home,,1,0.0,1.0,2.0,8.0,5.0,,,,,,,9.0,7.0,,,,
674,2019-11-08,Stanford,Maine,Home,,1,,,,19.0,9.0,,,,,,,6.0,3.0,,,,2.0
674,2019-11-10,Stanford,Monmouth,Away,,2,1.0,2.0,1.0,16.0,12.0,,,,2.0,1.0,1.0,2.0,1.0,,,2.0,1.0
674,2019-11-13,Stanford,Miami (OH),Home,,3,1.0,3.0,1.0,11.0,8.0,,,,2.0,1.0,,7.0,4.0,,,,1.0
674,2019-11-15,Stanford,North Carolina,Away,,0,4.0,,,6.0,5.0,,,,,4.0,3.0,13.0,11.0,,,,1.0
688,2019-08-30,Syracuse,Vermont,Away,,4,,4.0,1.0,18.0,11.0,,,,1.0,3.0,2.0,18.0,10.0,,,,1.0
688,2019-09-01,Syracuse,UMass Lowell,Away,,1,0.0,1.0,,8.0,2.0,,,1.0,1.0,,,14.0,12.0,,,1.0,
688,2019-09-02,Syracuse,Lafayette,Home,,3,,3.0,3.0,18.0,10.0,16.0,,,1.0,2.0,2.0,8.0,5.0,15.0,,1.0,
688,2019-09-07,Syracuse,Cornell,Away,,1,2.0,1.0,,17.0,7.0,,,,,2.0,3.0,10.0,6.0,,,,
688,2019-09-13,Syracuse,Saint Joseph's,Home,,2,,2.0,1.0,13.0,11.0,15.0,,,,1.0,1.0,4.0,2.0,20.0,,,1.0
688,2019-09-15,Syracuse,Bucknell,Away,,3,1.0,3.0,3.0,23.0,12.0,,,,1.0,1.0,1.0,6.0,1.0,,,,2.0
688,2019-09-20,Syracuse,Virginia,Home,,0,2.0,,,10.0,4.0,13.0,,,1.0,2.0,3.0,6.0,4.0,11.0,,2.0,4.0
688,2019-09-22,Syracuse,Colgate,Away,,3,1.0,3.0,5.0,21.0,15.0,23.0,,,3.0,1.0,,6.0,3.0,23.0,,1.0,1.0
688,2019-09-27,Syracuse,Duke,Away,,2,,2.0,2.0,11.0,5.0,,,1.0,,1.0,,28.0,9.0,,,2.0,3.0
688,2019-10-04,Syracuse,California,Away,,4,,4.0,,17.0,9.0,16.0,,,3.0,3.0,3.0,15.0,7.0,18.0,,1.0,1.0
688,2019-10-05,Syracuse,Stanford,Home,,2,3.0,2.0,,9.0,6.0,14.0,,,,3.0,2.0,11.0,5.0,14.0,,,1.0
688,2019-10-12,Syracuse,North Carolina,Home,,1,3.0,1.0,,5.0,2.0,12.0,,1.0,1.0,3.0,2.0,7.0,7.0,12.0,,1.0,1.0
688,2019-10-18,Syracuse,Boston College,Away,,1,2.0,1.0,1.0,6.0,2.0,,,,3.0,2.0,2.0,9.0,5.0,,,,2.0
688,2019-10-20,Syracuse,UConn,Away,,1,,,,8.0,5.0,,,1.0,2.0,,,24.0,11.0,,,,
688,2019-10-25,Syracuse,Wake Forest,Home,,4,2.0,4.0,3.0,13.0,5.0,13.0,,,3.0,2.0,2.0,4.0,3.0,6.0,,3.0,1.0
688,2019-10-27,Syracuse,Cornell,Home,,3,1.0,3.0,2.0,19.0,10.0,10.0,,,1.0,1.0,2.0,4.0,2.0,13.0,,,3.0
688,2019-11-02,Syracuse,Louisville,Away,,2,,2.0,2.0,5.0,3.0,,,,,1.0,1.0,8.0,5.0,,,,2.0
688,2019-11-07,Syracuse,Louisville,Home,,0,1.0,,,3.0,1.0,,,,1.0,1.0,1.0,13.0,8.0,,,1.0,2.0
688,2019-11-15,Syracuse,Princeton,Home,,1,5.0,1.0,1.0,7.0,6.0,,,,1.0,5.0,3.0,12.0,10.0,,,1.0,2.0
690,2019-08-30,Temple,Merrimack,Home,,3,0.0,3.0,3.0,28.0,17.0,,,,,,,5.0,4.0,,,,3.0
690,2019-09-01,Temple,La Salle,Home,,3,0.0,3.0,4.0,11.0,10.0,,,2.0,2.0,,,8.0,3.0,1.0,,2.0,1.0
690,2019-09-06,Temple,Kent St.,Away,,0,3.0,,,12.0,7.0,,,,,3.0,3.0,17.0,5.0,,,,2.0
690,2019-09-13,Temple,Bryant,Home,,2,0.0,2.0,2.0,16.0,9.0,,,,,,,8.0,4.0,,,,1.0
690,2019-09-20,Temple,Liberty,Home,,0,4.0,,,4.0,1.0,,,,,4.0,3.0,16.0,8.0,,,1.0,2.0
690,2019-09-22,Temple,Drexel,Home,,3,2.0,3.0,3.0,7.0,4.0,,,,3.0,2.0,1.0,18.0,7.0,,,,1.0
690,2019-09-27,Temple,Providence,Away,,0,1.0,,,3.0,2.0,,,1.0,1.0,1.0,1.0,6.0,3.0,,,,1.0
690,2019-09-29,Temple,Penn,Home,,1,2.0,1.0,1.0,8.0,3.0,,,1.0,1.0,2.0,2.0,23.0,11.0,,,1.0,1.0
690,2019-10-04,Temple,UConn,Home,,0,5.0,,,3.0,2.0,,,,,5.0,8.0,22.0,13.0,,,,
690,2019-10-11,Temple,Georgetown,Away,,2,,2.0,1.0,10.0,5.0,,,,1.0,1.0,,7.0,6.0,,,,
690,2019-10-13,Temple,Lafayette,Away,,0,,,,5.0,3.0,36.0,,,,1.0,1.0,6.0,2.0,41.0,,1.0,
690,2019-10-18,Temple,Old Dominion,Away,,1,2.0,1.0,2.0,3.0,2.0,,,,,2.0,4.0,15.0,8.0,,,,1.0
690,2019-10-20,Temple,Towson,Away,,0,1.0,,,5.0,3.0,2.0,,,1.0,1.0,1.0,5.0,4.0,2.0,,,
690,2019-10-25,Temple,Villanova,Home,,3,0.0,3.0,3.0,10.0,6.0,,,,1.0,,,7.0,3.0,,,,3.0
690,2019-10-27,Temple,Rutgers,Away,,0,1.0,,,1.0,1.0,,,,,1.0,1.0,19.0,14.0,,,,
690,2019-11-01,Temple,Quinnipiac,Away,,2,,2.0,2.0,14.0,6.0,42.0,,,1.0,3.0,3.0,19.0,10.0,37.0,,1.0,2.0
690,2019-11-03,Temple,LIU,Home,,3,0.0,3.0,3.0,14.0,10.0,,,,,,,4.0,1.0,,,,1.0
711,2019-08-30,Towson,App State,Home,,0,3.0,,,2.0,2.0,,,,1.0,3.0,2.0,12.0,11.0,,,,1.0
711,2019-09-06,Towson,Lehigh,Away,,1,4.0,1.0,1.0,6.0,3.0,,,1.0,1.0,4.0,3.0,21.0,11.0,,,,1.0
711,2019-09-08,Towson,Colgate,Away,,3,,3.0,3.0,12.0,10.0,19.0,,,,4.0,2.0,20.0,11.0,27.0,,,
711,2019-09-11,Towson,Maryland,Home,,0,5.0,,,,,,,,1.0,5.0,5.0,27.0,12.0,,,,
711,2019-09-15,Towson,American,Home,,0,7.0,,,1.0,1.0,,,,1.0,7.0,4.0,28.0,21.0,,,,2.0
711,2019-09-20,Towson,La Salle,Home,,3,1.0,3.0,3.0,6.0,4.0,3.0,,1.0,2.0,1.0,1.0,8.0,2.0,2.0,,,1.0
711,2019-09-22,Towson,LIU,Away,,2,3.0,2.0,1.0,6.0,4.0,,,,,3.0,3.0,10.0,6.0,,,1.0,3.0
711,2019-09-27,Towson,Rider,Home,,1,4.0,1.0,1.0,3.0,2.0,5.0,,,,4.0,3.0,18.0,12.0,3.0,,,
711,2019-09-29,Towson,Bucknell,Home,,0,3.0,,,4.0,3.0,4.0,,,1.0,3.0,1.0,17.0,11.0,6.0,,,
711,2019-10-03,Towson,Miami (OH),Home,,2,5.0,2.0,1.0,4.0,4.0,5.0,,1.0,,5.0,5.0,16.0,11.0,7.0,,,2.0
711,2019-10-06,Towson,Davidson,Home,,2,3.0,2.0,2.0,8.0,6.0,2.0,,,,3.0,3.0,7.0,4.0,3.0,,1.0,1.0
711,2019-10-11,Towson,Northeastern,Home,,1,2.0,1.0,1.0,4.0,2.0,2.0,,,,2.0,3.0,18.0,11.0,5.0,,1.0,
711,2019-10-13,Towson,Georgetown,Home,,3,,3.0,,9.0,6.0,4.0,,,2.0,2.0,1.0,12.0,4.0,6.0,,,2.0
711,2019-10-18,Towson,Delaware,Away,,1,2.0,1.0,1.0,4.0,3.0,,,1.0,,2.0,2.0,21.0,15.0,,,,2.0
711,2019-10-20,Towson,Temple,Home,,1,0.0,1.0,1.0,5.0,4.0,2.0,,,,,,5.0,3.0,2.0,,,1.0
711,2019-10-25,Towson,Drexel,Away,,3,4.0,3.0,3.0,7.0,4.0,,,,1.0,4.0,4.0,24.0,12.0,,,,1.0
711,2019-10-27,Towson,Hofstra,Away,,0,3.0,,,6.0,1.0,,,,2.0,3.0,4.0,13.0,8.0,,,1.0,2.0
711,2019-11-01,Towson,James Madison,Home,,1,3.0,1.0,,2.0,1.0,,,,,3.0,1.0,24.0,12.0,1.0,,,
711,2019-11-03,Towson,William & Mary,Home,,1,3.0,1.0,,3.0,2.0,3.0,,,1.0,3.0,1.0,13.0,8.0,8.0,,,
14,2019-08-30,UAlbany,Delaware,Away,,0,1.0,,,4.0,3.0,,,1.0,2.0,1.0,,6.0,4.0,,,,3.0
14,2019-08-31,UAlbany,Miami (OH),Home,,2,0.0,2.0,1.0,4.0,4.0,,,,2.0,,,4.0,3.0,,,,2.0
14,2019-09-06,UAlbany,Harvard,Home,,1,,1.0,1.0,5.0,2.0,48.0,,,3.0,2.0,3.0,17.0,12.0,37.0,,,2.0
14,2019-09-13,UAlbany,Princeton,Away,,3,4.0,3.0,3.0,10.0,9.0,,,,2.0,4.0,7.0,15.0,6.0,,,,2.0
14,2019-09-14,UAlbany,Massachusetts,Away,,2,1.0,2.0,1.0,9.0,6.0,,,1.0,1.0,1.0,,9.0,8.0,,,2.0,2.0
14,2019-09-17,UAlbany,Colgate,Away,,4,0.0,4.0,5.0,19.0,11.0,46.0,,,,,,8.0,5.0,54.0,,,
14,2019-09-21,UAlbany,Brown,Away,,6,0.0,6.0,4.0,18.0,14.0,,,,2.0,,,10.0,4.0,,,,2.0
14,2019-09-22,UAlbany,Bryant,Away,,1,0.0,1.0,,23.0,10.0,,,,1.0,,,2.0,,,,,
14,2019-09-27,UAlbany,Sacred Heart,Home,,8,1.0,8.0,5.0,36.0,26.0,32.0,,,,1.0,1.0,8.0,2.0,37.0,,,
14,2019-09-29,UAlbany,Wagner,Home,,4,0.0,4.0,4.0,29.0,18.0,36.0,,,,,,1.0,,47.0,,3.0,
14,2019-10-04,UAlbany,Vermont,Away,,2,1.0,2.0,2.0,14.0,13.0,,,,3.0,1.0,1.0,5.0,4.0,,,,1.0
14,2019-10-06,UAlbany,Columbia,Away,,3,1.0,3.0,3.0,13.0,10.0,,,,2.0,1.0,1.0,16.0,5.0,,,,1.0
14,2019-10-11,UAlbany,New Hampshire,Home,,3,,3.0,1.0,18.0,12.0,10.0,,,,4.0,4.0,18.0,11.0,12.0,,1.0,
14,2019-10-13,UAlbany,North Carolina,Home,,1,4.0,1.0,,12.0,5.0,29.0,,2.0,,4.0,3.0,13.0,9.0,29.0,,,
14,2019-10-18,UAlbany,Monmouth,Away,,0,,,,8.0,3.0,,,1.0,2.0,1.0,1.0,10.0,7.0,,,,2.0
14,2019-10-20,UAlbany,Cornell,Home,,5,0.0,5.0,3.0,15.0,12.0,,,,,,,13.0,6.0,,,1.0,
14,2019-10-25,UAlbany,Maine,Away,,0,2.0,,,9.0,7.0,34.0,,,1.0,2.0,2.0,8.0,4.0,54.0,,,2.0
14,2019-11-03,UAlbany,UMass Lowell,Home,,2,1.0,2.0,1.0,12.0,9.0,1.0,,1.0,,1.0,1.0,8.0,4.0,1.0,,,
14,2019-11-07,UAlbany,Stanford,Home,,0,1.0,,,9.0,7.0,,,,,1.0,2.0,8.0,5.0,,,,
108,2019-09-01,UC Davis,Quinnipiac,Home,,1,0.0,1.0,1.0,10.0,4.0,,,2.0,1.0,,,7.0,4.0,,,,1.0
108,2019-09-05,UC Davis,Ball St.,Home,,2,1.0,2.0,1.0,6.0,4.0,,,,,1.0,,6.0,5.0,,,,2.0
108,2019-09-06,UC Davis,Michigan St.,Away,,1,,1.0,1.0,12.0,6.0,,,,1.0,2.0,2.0,11.0,10.0,,,,1.0
108,2019-09-09,UC Davis,Louisville,Home,,1,,1.0,,2.0,1.0,,,,,2.0,1.0,29.0,16.0,,,,1.0
108,2019-09-10,UC Davis,Central Mich.,Away,,2,0.0,2.0,1.0,20.0,12.0,,,1.0,1.0,,,6.0,3.0,,,1.0,
108,2019-09-19,UC Davis,American,Away,,1,0.0,1.0,2.0,4.0,1.0,13.0,,,2.0,,,13.0,5.0,7.0,,,1.0
108,2019-09-21,UC Davis,VCU,Away,,1,0.0,1.0,1.0,6.0,4.0,47.0,,1.0,,,,8.0,2.0,49.0,,1.0,2.0
108,2019-09-22,UC Davis,Richmond,Away,,1,2.0,1.0,1.0,1.0,1.0,,,1.0,,2.0,2.0,7.0,4.0,,,1.0,1.0
108,2019-10-05,UC Davis,Rutgers,Home,,0,1.0,,,6.0,3.0,,,,1.0,1.0,1.0,12.0,8.0,,,,
108,2019-10-06,UC Davis,Iowa,Away,,1,3.0,1.0,1.0,1.0,1.0,,,,,3.0,3.0,24.0,14.0,,,,
108,2019-10-08,UC Davis,Central Mich.,Home,,1,0.0,1.0,,16.0,10.0,,,,,,,1.0,,,,,
108,2019-10-18,UC Davis,California,Away,,2,,2.0,1.0,6.0,5.0,,,1.0,2.0,3.0,4.0,15.0,8.0,,,,
108,2019-10-20,UC Davis,Stanford,Home,,1,3.0,1.0,1.0,10.0,5.0,,,,1.0,3.0,2.0,16.0,9.0,,,,
108,2019-10-26,UC Davis,Ohio,Away,,2,1.0,2.0,2.0,11.0,7.0,,,,1.0,1.0,2.0,15.0,9.0,,,,
108,2019-10-27,UC Davis,Miami (OH),Away,,1,,1.0,,8.0,4.0,,,,2.0,1.0,,27.0,14.0,,,,2.0
108,2019-10-30,UC Davis,California,Home,,2,,1.0,,15.0,5.0,,,,2.0,1.0,,20.0,10.0,,,,1.0
108,2019-11-01,UC Davis,Stanford,Away,,0,5.0,,,9.0,5.0,,,,,5.0,3.0,14.0,9.0,,,,2.0
164,2019-08-31,UConn,Northwestern,Home,,4,1.0,4.0,5.0,18.0,9.0,21.0,,,3.0,1.0,1.0,7.0,5.0,18.0,,,
164,2019-09-01,UConn,Stanford,Away,,3,2.0,3.0,2.0,20.0,12.0,1.0,,,2.0,2.0,3.0,6.0,6.0,1.0,,,2.0
164,2019-09-06,UConn,Rutgers,Home,,2,0.0,2.0,,21.0,11.0,,,,3.0,,,11.0,6.0,,,,2.0
164,2019-09-08,UConn,Harvard,Home,,3,0.0,3.0,4.0,10.0,6.0,,,,1.0,,,9.0,5.0,,,,1.0
164,2019-09-13,UConn,Michigan,Away,,2,3.0,2.0,,11.0,7.0,,,,,3.0,1.0,11.0,7.0,,,,1.0
164,2019-09-15,UConn,Michigan St.,Away,,2,0.0,2.0,4.0,30.0,13.0,,,,2.0,,,2.0,1.0,,,,1.0
164,2019-09-20,UConn,Quinnipiac,Away,,5,0.0,5.0,4.0,25.0,16.0,30.0,,,1.0,,,4.0,3.0,21.0,,1.0,2.0
164,2019-09-22,UConn,Princeton,Away,,2,,2.0,2.0,15.0,9.0,,,1.0,3.0,1.0,1.0,11.0,9.0,,,,2.0
164,2019-09-27,UConn,Old Dominion,Home,,6,2.0,6.0,7.0,23.0,17.0,,,,1.0,2.0,3.0,9.0,8.0,,,,
164,2019-09-29,UConn,Boston U.,Home,,4,0.0,4.0,1.0,20.0,10.0,,,,1.0,,,12.0,9.0,,,1.0,1.0
164,2019-10-04,UConn,Temple,Away,,5,0.0,5.0,8.0,22.0,13.0,,,,,,,3.0,2.0,,,,
164,2019-10-06,UConn,Maryland,Away,,0,2.0,,,10.0,3.0,,,,2.0,2.0,2.0,13.0,10.0,,,1.0,1.0
164,2019-10-11,UConn,Providence,Home,,3,0.0,3.0,,19.0,9.0,,,,1.0,,,13.0,8.0,,,,
164,2019-10-13,UConn,Delaware,Home,,3,0.0,3.0,4.0,11.0,7.0,,,1.0,1.0,,,8.0,4.0,,,,1.0
164,2019-10-18,UConn,Villanova,Away,,7,0.0,7.0,11.0,18.0,15.0,39.0,,1.0,1.0,,,5.0,2.0,18.0,,,
164,2019-10-20,UConn,Syracuse,Home,,0,,,,24.0,11.0,,,,,,,8.0,5.0,,,1.0,2.0
164,2019-10-26,UConn,Liberty,Away,,6,3.0,6.0,8.0,12.0,9.0,,,,2.0,3.0,2.0,10.0,7.0,,,,2.0
164,2019-11-01,UConn,Georgetown,Home,,5,0.0,5.0,4.0,21.0,12.0,,,,1.0,,,3.0,2.0,,,,
164,2019-11-03,UConn,Massachusetts,Home,,5,1.0,5.0,3.0,18.0,10.0,,,,1.0,1.0,1.0,3.0,3.0,,,,
164,2019-11-08,UConn,Providence,Home,,2,0.0,2.0,2.0,20.0,8.0,51.0,,,2.0,,,5.0,3.0,47.0,,,1.0
164,2019-11-10,UConn,Old Dominion,Home,,2,0.0,2.0,2.0,12.0,8.0,51.0,,,3.0,,,6.0,4.0,54.0,,1.0,2.0
164,2019-11-15,UConn,Fairfield,Home,,2,,2.0,,14.0,4.0,,,,,1.0,1.0,2.0,2.0,,,,
164,2019-11-17,UConn,Princeton,Home,,0,2.0,,,8.0,5.0,,,,1.0,2.0,,10.0,9.0,,,1.0,1.0
368,2019-08-30,UMass Lowell,Fairfield,Home,,3,0.0,3.0,1.0,16.0,10.0,,,,1.0,,,6.0,3.0,,,1.0,
368,2019-09-01,UMass Lowell,Syracuse,Home,,0,1.0,,,14.0,12.0,,,1.0,,1.0,,8.0,2.0,,,1.0,1.0
368,2019-09-06,UMass Lowell,Virginia,Away,,1,4.0,1.0,,12.0,6.0,,,,,4.0,2.0,18.0,8.0,,,,
368,2019-09-13,UMass Lowell,Northwestern,Away,,2,7.0,2.0,2.0,7.0,6.0,,,1.0,1.0,7.0,8.0,22.0,16.0,,,,
368,2019-09-15,UMass Lowell,Ball St.,Home,,2,1.0,2.0,3.0,21.0,17.0,,,,1.0,1.0,1.0,3.0,2.0,,,,
368,2019-09-20,UMass Lowell,Sacred Heart,Home,,5,2.0,5.0,4.0,20.0,14.0,,,,1.0,2.0,1.0,6.0,4.0,,,,
368,2019-09-22,UMass Lowell,Columbia,Away,,2,1.0,2.0,1.0,9.0,5.0,,,,2.0,1.0,1.0,9.0,6.0,,,2.0,1.0
368,2019-09-29,UMass Lowell,Dartmouth,Away,,3,,3.0,3.0,9.0,6.0,,,,3.0,4.0,1.0,14.0,7.0,,,,
368,2019-10-04,UMass Lowell,Maine,Away,,0,1.0,,,2.0,1.0,35.0,,,,1.0,1.0,19.0,6.0,22.0,,,
368,2019-10-06,UMass Lowell,Colgate,Home,,4,0.0,4.0,6.0,19.0,12.0,,,,1.0,,,4.0,2.0,,,,
368,2019-10-11,UMass Lowell,Vermont,Home,,1,,1.0,1.0,24.0,11.0,,,1.0,1.0,2.0,1.0,11.0,6.0,,,,1.0
368,2019-10-15,UMass Lowell,Harvard,Away,,0,4.0,,,8.0,4.0,17.0,,,2.0,4.0,2.0,21.0,12.0,22.0,1.0,,1.0
368,2019-10-18,UMass Lowell,New Hampshire,Away,,3,,3.0,2.0,11.0,8.0,,,,,2.0,,10.0,6.0,,,,
368,2019-10-20,UMass Lowell,Holy Cross,Home,,2,1.0,2.0,2.0,23.0,14.0,,,,1.0,1.0,1.0,5.0,2.0,,,,2.0
368,2019-10-25,UMass Lowell,Monmouth,Home,,1,3.0,1.0,1.0,7.0,3.0,,,,,3.0,2.0,16.0,10.0,,,,1.0
368,2019-10-29,UMass Lowell,Massachusetts,Home,,1,2.0,1.0,1.0,10.0,2.0,,,,,2.0,1.0,7.0,5.0,,,,
368,2019-11-03,UMass Lowell,UAlbany,Away,,1,2.0,1.0,1.0,8.0,4.0,1.0,,,,2.0,1.0,12.0,9.0,1.0,,1.0,
740,2019-08-30,VCU,Lafayette,Away,,1,2.0,1.0,1.0,12.0,7.0,23.0,,,,2.0,1.0,11.0,10.0,33.0,,1.0,2.0
740,2019-09-06,VCU,LIU,Home,,3,1.0,3.0,2.0,20.0,10.0,54.0,,,,1.0,,7.0,3.0,45.0,,,2.0
740,2019-09-07,VCU,Bucknell,Home,,1,2.0,1.0,1.0,14.0,9.0,48.0,,,2.0,2.0,1.0,12.0,5.0,41.0,,,1.0
740,2019-09-13,VCU,William & Mary,Home,,1,,,,8.0,5.0,39.0,,1.0,,,,11.0,5.0,56.0,,,3.0
740,2019-09-15,VCU,Old Dominion,Home,,0,2.0,,,7.0,3.0,34.0,,,,2.0,2.0,8.0,6.0,33.0,,,1.0
740,2019-09-20,VCU,Richmond,Away,,1,,1.0,2.0,9.0,2.0,,,1.0,1.0,1.0,1.0,11.0,7.0,,,1.0,2.0
740,2019-09-21,VCU,UC Davis,Home,,0,1.0,,,8.0,2.0,49.0,,1.0,2.0,1.0,1.0,6.0,4.0,47.0,,1.0,
740,2019-09-29,VCU,Saint Louis,Away,,2,1.0,2.0,2.0,11.0,7.0,,,1.0,,1.0,,3.0,2.0,,,1.0,1.0
740,2019-10-04,VCU,Davidson,Home,,3,1.0,3.0,3.0,14.0,10.0,32.0,,,1.0,1.0,,8.0,2.0,25.0,,,1.0
740,2019-10-06,VCU,Saint Francis,Home,,4,1.0,4.0,2.0,29.0,18.0,28.0,,,,1.0,1.0,7.0,5.0,44.0,,,1.0
740,2019-10-11,VCU,Lock Haven,Away,,0,1.0,,,9.0,5.0,,,,,1.0,,8.0,2.0,,,,1.0
740,2019-10-13,VCU,American,Away,,1,4.0,1.0,1.0,10.0,7.0,13.0,,,,4.0,1.0,11.0,8.0,16.0,,,
740,2019-10-18,VCU,Saint Joseph's,Home,,1,6.0,1.0,2.0,9.0,3.0,30.0,,,,6.0,5.0,15.0,11.0,37.0,,,
740,2019-10-20,VCU,La Salle,Home,,5,0.0,5.0,5.0,18.0,14.0,35.0,,,,,,3.0,2.0,46.0,,,
740,2019-10-27,VCU,Ball St.,Home,,2,1.0,2.0,2.0,21.0,16.0,37.0,,,1.0,1.0,,4.0,4.0,38.0,,,2.0
740,2019-11-01,VCU,Massachusetts,Away,,0,,,,5.0,3.0,,,,1.0,,,7.0,5.0,,,,1.0
740,2019-11-03,VCU,Maine,Home,,2,1.0,2.0,2.0,7.0,4.0,,,,,1.0,,5.0,2.0,,,,1.0
738,2019-08-30,Vermont,Syracuse,Home,,3,,3.0,2.0,18.0,10.0,,,,1.0,4.0,1.0,18.0,11.0,,,,1.0
738,2019-09-06,Vermont,Fairfield,Away,,1,2.0,1.0,1.0,1.0,1.0,19.0,,,1.0,2.0,2.0,12.0,9.0,25.0,,,2.0
738,2019-09-08,Vermont,Hofstra,Away,,1,0.0,1.0,,14.0,8.0,,,,1.0,,,6.0,3.0,,,2.0,2.0
738,2019-09-13,Vermont,Brown,Home,,4,2.0,4.0,3.0,14.0,8.0,,,,1.0,2.0,1.0,13.0,9.0,,,1.0,2.0
738,2019-09-15,Vermont,Stanford,Home,,2,6.0,2.0,2.0,10.0,7.0,,,,,6.0,5.0,14.0,11.0,,,,1.0
738,2019-09-20,Vermont,Merrimack,Home,,4,1.0,4.0,3.0,26.0,18.0,,,,1.0,1.0,1.0,5.0,4.0,,,,
738,2019-09-22,Vermont,Quinnipiac,Away,,0,1.0,,,4.0,3.0,45.0,,,,1.0,2.0,5.0,3.0,48.0,,,1.0
738,2019-09-27,Vermont,Longwood,Away,,1,0.0,1.0,1.0,6.0,4.0,26.0,,,2.0,,,5.0,1.0,25.0,,,1.0
738,2019-09-29,Vermont,William & Mary,Away,,1,3.0,1.0,1.0,9.0,3.0,,,,,3.0,4.0,25.0,9.0,,,,
738,2019-10-04,Vermont,UAlbany,Home,,1,2.0,1.0,1.0,5.0,4.0,,,,1.0,2.0,2.0,14.0,13.0,,,,3.0
738,2019-10-11,Vermont,UMass Lowell,Away,,2,,2.0,1.0,11.0,6.0,,,,1.0,1.0,1.0,24.0,11.0,,,1.0,1.0
738,2019-10-13,Vermont,Holy Cross,Away,,1,2.0,1.0,1.0,16.0,7.0,20.0,,1.0,,2.0,2.0,7.0,4.0,24.0,,,1.0
738,2019-10-18,Vermont,Maine,Away,,1,2.0,1.0,,4.0,3.0,24.0,,,1.0,2.0,,17.0,10.0,23.0,,1.0,3.0
738,2019-10-25,Vermont,New Hampshire,Home,,1,2.0,1.0,2.0,2.0,1.0,,,1.0,3.0,2.0,2.0,15.0,9.0,,,1.0,2.0
738,2019-10-27,Vermont,Colgate,Away,,4,1.0,4.0,6.0,16.0,10.0,33.0,,,,1.0,,9.0,3.0,22.0,,,
738,2019-11-01,Vermont,Monmouth,Home,,0,4.0,,,7.0,1.0,,,,2.0,4.0,3.0,16.0,9.0,,,,
738,2019-11-03,Vermont,Dartmouth,Home,,2,3.0,2.0,2.0,16.0,11.0,,,,2.0,3.0,5.0,7.0,5.0,,,,1.0
739,2019-09-01,Villanova,Sacred Heart,Home,,3,2.0,3.0,2.0,25.0,12.0,19.0,,1.0,1.0,2.0,2.0,12.0,4.0,16.0,,1.0,2.0
739,2019-09-08,Villanova,Monmouth,Home,,3,5.0,3.0,1.0,11.0,5.0,14.0,,1.0,1.0,5.0,,16.0,10.0,20.0,,,2.0
739,2019-09-13,Villanova,Wagner,Home,,8,3.0,8.0,8.0,23.0,16.0,34.0,,1.0,1.0,3.0,2.0,13.0,8.0,33.0,,,1.0
739,2019-09-15,Villanova,Penn,Away,,3,2.0,3.0,2.0,13.0,7.0,,,,1.0,2.0,3.0,20.0,10.0,,,2.0,1.0
739,2019-09-20,Villanova,Georgetown,Away,,2,3.0,2.0,,6.0,4.0,,,,1.0,3.0,1.0,6.0,5.0,,,1.0,1.0
739,2019-09-22,Villanova,Rider,Home,,3,,3.0,2.0,38.0,14.0,24.0,,,2.0,4.0,3.0,7.0,4.0,30.0,,2.0,3.0
739,2019-09-27,Villanova,Liberty,Away,,0,5.0,,,2.0,1.0,,,,2.0,5.0,6.0,25.0,16.0,,,,
739,2019-09-29,Villanova,Penn St.,Away,,2,8.0,2.0,2.0,10.0,7.0,,,,1.0,8.0,7.0,26.0,18.0,,,,2.0
739,2019-10-04,Villanova,Providence,Home,,1,3.0,1.0,1.0,6.0,1.0,23.0,,,1.0,3.0,1.0,19.0,12.0,32.0,,,1.0
739,2019-10-06,Villanova,Bucknell,Home,,3,,3.0,2.0,16.0,7.0,28.0,,,4.0,2.0,1.0,16.0,11.0,23.0,,1.0,1.0
739,2019-10-11,Villanova,Quinnipiac,Away,,2,1.0,2.0,1.0,8.0,5.0,45.0,,,1.0,1.0,,12.0,5.0,44.0,,1.0,2.0
739,2019-10-13,Villanova,La Salle,Home,,8,3.0,8.0,4.0,19.0,15.0,28.0,,,2.0,3.0,3.0,19.0,10.0,29.0,,,1.0
739,2019-10-18,Villanova,UConn,Home,,0,7.0,,,5.0,2.0,18.0,,,,7.0,11.0,18.0,15.0,39.0,,1.0,1.0
739,2019-10-20,Villanova,Fairfield,Home,,1,,1.0,1.0,15.0,7.0,32.0,,,1.0,2.0,1.0,15.0,6.0,44.0,,,1.0
739,2019-10-25,Villanova,Temple,Away,,0,3.0,,,7.0,3.0,,,,3.0,3.0,3.0,10.0,6.0,,,,1.0
739,2019-10-27,Villanova,Davidson,Home,,7,2.0,7.0,4.0,15.0,10.0,31.0,,,,2.0,2.0,15.0,9.0,28.0,,,1.0
739,2019-11-01,Villanova,Old Dominion,Home,,0,6.0,,,2.0,1.0,33.0,,,1.0,6.0,6.0,16.0,12.0,32.0,,,1.0
746,2019-08-30,Virginia,Old Dominion,Away,,3,0.0,3.0,2.0,5.0,5.0,,,,2.0,,,2.0,1.0,,,,2.0
746,2019-09-01,Virginia,Penn St.,Home,,2,1.0,2.0,1.0,14.0,8.0,,,,1.0,1.0,1.0,13.0,5.0,,,,2.0
746,2019-09-06,Virginia,UMass Lowell,Home,,4,1.0,4.0,2.0,18.0,8.0,,,,,1.0,,12.0,6.0,,,,
746,2019-09-08,Virginia,Ohio St.,Home,,2,1.0,2.0,2.0,31.0,18.0,,,,1.0,1.0,1.0,11.0,7.0,,,,
746,2019-09-13,Virginia,Maryland,Away,,2,,2.0,2.0,15.0,9.0,,,,1.0,2.0,1.0,25.0,11.0,,,,1.0
746,2019-09-15,Virginia,Yale,Home,,3,0.0,3.0,5.0,19.0,9.0,,,,2.0,,,7.0,2.0,,,,
746,2019-09-20,Virginia,Syracuse,Away,,2,0.0,2.0,3.0,6.0,4.0,11.0,,2.0,4.0,,,10.0,4.0,13.0,,,1.0
746,2019-09-24,Virginia,James Madison,Home,,2,0.0,2.0,1.0,11.0,6.0,,,,1.0,,,6.0,2.0,,,,
746,2019-09-27,Virginia,North Carolina,Home,,0,5.0,,,15.0,7.0,,,1.0,,5.0,2.0,16.0,9.0,,,1.0,1.0
746,2019-09-29,Virginia,Longwood,Away,,3,1.0,3.0,2.0,20.0,12.0,21.0,,,2.0,1.0,1.0,7.0,3.0,24.0,,1.0,
746,2019-10-04,Virginia,Boston College,Home,,0,1.0,,,10.0,3.0,,,,,1.0,2.0,7.0,3.0,,,,
746,2019-10-06,Virginia,Old Dominion,Home,,3,,3.0,3.0,13.0,6.0,,,1.0,1.0,2.0,2.0,4.0,3.0,,,1.0,2.0
746,2019-10-11,Virginia,Louisville,Away,,2,1.0,2.0,1.0,11.0,7.0,,,,,1.0,2.0,7.0,4.0,,,,1.0
746,2019-10-13,Virginia,Miami (OH),Away,,1,0.0,1.0,2.0,14.0,7.0,,,,1.0,,,,,,,,1.0
746,2019-10-18,Virginia,Duke,Home,,3,,3.0,2.0,13.0,8.0,,,,3.0,2.0,,12.0,7.0,,,,2.0
746,2019-10-20,Virginia,Drexel,Away,,3,2.0,3.0,2.0,21.0,10.0,,,,1.0,2.0,,8.0,5.0,,,,1.0
746,2019-10-28,Virginia,Liberty,Home,,1,0.0,1.0,1.0,14.0,4.0,,,,,,,6.0,2.0,,,,
746,2019-11-01,Virginia,Wake Forest,Away,,3,1.0,3.0,5.0,9.0,6.0,,,,2.0,1.0,,3.0,1.0,,,,2.0
746,2019-11-07,Virginia,Duke,Home,,2,1.0,2.0,2.0,4.0,2.0,,,1.0,3.0,1.0,2.0,20.0,7.0,,,,1.0
746,2019-11-08,Virginia,Boston College,Away,,0,,,,11.0,7.0,,,,1.0,1.0,,9.0,2.0,,,,2.0
746,2019-11-15,Virginia,Delaware,Home,,4,1.0,4.0,2.0,18.0,11.0,,,,2.0,1.0,1.0,7.0,5.0,,,,2.0
746,2019-11-17,Virginia,Maryland,Home,,1,,1.0,1.0,17.0,12.0,,,,2.0,,,6.0,2.0,,,,2.0
746,2019-11-22,Virginia,Princeton,Home,,1,2.0,1.0,2.0,13.0,5.0,,,2.0,2.0,2.0,1.0,11.0,6.0,,,1.0,1.0
748,2019-08-30,Wagner,Hofstra,Away,,3,0.0,3.0,2.0,11.0,4.0,,,,,,,14.0,6.0,,,,
748,2019-09-08,Wagner,La Salle,Home,,0,6.0,,,3.0,2.0,,,1.0,1.0,6.0,4.0,34.0,19.0,,,,
748,2019-09-13,Wagner,Villanova,Away,,3,8.0,3.0,2.0,13.0,8.0,33.0,,,1.0,8.0,8.0,23.0,16.0,34.0,,1.0,1.0
748,2019-09-20,Wagner,Yale,Home,,0,6.0,,,9.0,4.0,,,,,6.0,3.0,23.0,15.0,,,,
748,2019-09-22,Wagner,Lehigh,Home,,1,5.0,1.0,1.0,8.0,5.0,,1.0,,3.0,5.0,2.0,26.0,19.0,,,1.0,
748,2019-09-29,Wagner,UAlbany,Away,,0,4.0,,,1.0,,47.0,,3.0,,4.0,4.0,29.0,18.0,36.0,,,
748,2019-10-04,Wagner,Rider,Home,,1,4.0,1.0,,6.0,1.0,,,,,4.0,1.0,15.0,8.0,,,,1.0
748,2019-10-11,Wagner,LIU,Away,,1,2.0,1.0,1.0,5.0,4.0,,,,,2.0,2.0,9.0,5.0,,,,1.0
748,2019-10-13,Wagner,Bryant,Away,,0,4.0,,,12.0,3.0,,,,,4.0,3.0,19.0,15.0,,,,
748,2019-10-20,Wagner,Lock Haven,Away,,0,4.0,,,2.0,1.0,,,,1.0,4.0,4.0,23.0,14.0,,,,
748,2019-10-24,Wagner,Fairfield,Home,,1,3.0,1.0,,15.0,9.0,,,,2.0,3.0,2.0,11.0,5.0,,,,2.0
748,2019-10-27,Wagner,Sacred Heart,Away,,0,4.0,,,7.0,6.0,,,,2.0,4.0,2.0,13.0,9.0,,,,
748,2019-11-01,Wagner,Merrimack,Home,,5,0.0,5.0,2.0,20.0,13.0,,,2.0,2.0,,,6.0,3.0,,,,
749,2019-08-30,Wake Forest,Iowa,Home,,1,,1.0,1.0,7.0,3.0,,,,,2.0,1.0,11.0,4.0,,,,1.0
749,2019-09-01,Wake Forest,Michigan,Away,,0,3.0,,,1.0,1.0,,,,,3.0,4.0,6.0,5.0,,,,3.0
749,2019-09-06,Wake Forest,Penn,Home,,2,0.0,2.0,2.0,12.0,7.0,,,,1.0,,,9.0,4.0,,,,1.0
749,2019-09-08,Wake Forest,Princeton,Home,,1,,1.0,1.0,8.0,5.0,,,,3.0,2.0,3.0,18.0,8.0,,,,2.0
749,2019-09-15,Wake Forest,Northwestern,Home,,0,2.0,,,9.0,1.0,,,,,2.0,2.0,8.0,6.0,,,1.0,
749,2019-09-20,Wake Forest,Boston College,Home,,0,2.0,,,11.0,6.0,,,1.0,1.0,2.0,2.0,10.0,5.0,,,,
749,2019-09-22,Wake Forest,Liberty,Home,,1,0.0,1.0,1.0,2.0,2.0,,,1.0,1.0,,,9.0,4.0,,,,1.0
749,2019-09-27,Wake Forest,Stanford,Home,,3,1.0,3.0,2.0,12.0,9.0,,,,,1.0,,6.0,4.0,,,,
749,2019-09-29,Wake Forest,Northeastern,Home,,3,1.0,3.0,3.0,23.0,11.0,,,,2.0,1.0,,9.0,4.0,,,,
749,2019-10-04,Wake Forest,Louisville,Away,,0,3.0,,,6.0,,,,,,3.0,4.0,8.0,6.0,,,1.0,2.0
749,2019-10-06,Wake Forest,Miami (OH),Away,,2,0.0,2.0,2.0,13.0,8.0,,,2.0,3.0,,,5.0,2.0,,,,1.0
749,2019-10-11,Wake Forest,Duke,Away,,0,4.0,,,4.0,2.0,,,,1.0,4.0,1.0,12.0,7.0,,,,2.0
749,2019-10-13,Wake Forest,Michigan St.,Home,,3,1.0,3.0,3.0,27.0,9.0,,,,,1.0,,10.0,6.0,,,,1.0
749,2019-10-18,Wake Forest,North Carolina,Home,,1,3.0,1.0,2.0,5.0,2.0,,,,1.0,3.0,3.0,16.0,10.0,,,,
749,2019-10-20,Wake Forest,Davidson,Away,,2,1.0,2.0,2.0,8.0,5.0,,,,1.0,1.0,1.0,4.0,3.0,,,,
749,2019-10-25,Wake Forest,Syracuse,Away,,2,4.0,2.0,2.0,4.0,3.0,6.0,,3.0,1.0,4.0,3.0,13.0,5.0,13.0,,,3.0
749,2019-10-27,Wake Forest,App State,Home,,5,0.0,5.0,3.0,17.0,11.0,,,,,,,4.0,4.0,,,,
749,2019-11-01,Wake Forest,Virginia,Home,,1,3.0,1.0,,3.0,1.0,,,,2.0,3.0,5.0,9.0,6.0,,,,2.0
749,2019-11-03,Wake Forest,Richmond,Home,,4,0.0,4.0,2.0,10.0,5.0,,,,2.0,,,10.0,6.0,,,1.0,2.0
749,2019-11-07,Wake Forest,Boston College,Away,,0,2.0,,,,,,,,1.0,2.0,2.0,10.0,6.0,,,,2.0
786,2019-09-01,William & Mary,Duke,Home,,0,4.0,,,5.0,2.0,,,,1.0,4.0,3.0,17.0,9.0,,,,1.0
786,2019-09-08,William & Mary,LIU,Home,,2,0.0,2.0,1.0,26.0,11.0,,,2.0,2.0,,,6.0,3.0,,,1.0,2.0
786,2019-09-10,William & Mary,Old Dominion,Away,,1,3.0,1.0,,10.0,5.0,,,,1.0,3.0,5.0,14.0,11.0,,,,1.0
786,2019-09-13,William & Mary,VCU,Away,,0,,,,11.0,5.0,56.0,,,3.0,,,8.0,5.0,39.0,,1.0,
786,2019-09-15,William & Mary,North Carolina,Away,,0,8.0,,,10.0,4.0,,,,,8.0,4.0,26.0,18.0,,,,
786,2019-09-22,William & Mary,Monmouth,Away,,3,1.0,3.0,3.0,13.0,8.0,,,,2.0,1.0,,12.0,6.0,,,1.0,2.0
786,2019-09-29,William & Mary,Vermont,Home,,3,1.0,3.0,4.0,25.0,9.0,,,,,1.0,1.0,9.0,3.0,,,,
786,2019-10-01,William & Mary,Longwood,Home,,0,1.0,,,22.0,12.0,,,,2.0,1.0,,5.0,2.0,,,,1.0
786,2019-10-04,William & Mary,James Madison,Home,,5,2.0,5.0,5.0,19.0,10.0,,,,,2.0,1.0,14.0,7.0,,,,
786,2019-10-06,William & Mary,Georgetown,Home,,7,2.0,7.0,6.0,37.0,25.0,,,,1.0,2.0,3.0,10.0,7.0,,,,
786,2019-10-11,William & Mary,Hofstra,Home,,4,2.0,4.0,4.0,25.0,13.0,,,,,2.0,3.0,7.0,5.0,,,,
786,2019-10-13,William & Mary,Davidson,Away,,5,0.0,5.0,5.0,23.0,12.0,,,,,,,2.0,,,,1.0,1.0
786,2019-10-18,William & Mary,Drexel,Away,,3,2.0,3.0,1.0,17.0,9.0,,,1.0,1.0,2.0,1.0,11.0,4.0,,,,2.0
786,2019-10-20,William & Mary,Lafayette,Away,,3,,3.0,2.0,18.0,13.0,41.0,,,,2.0,2.0,3.0,2.0,39.0,,,
786,2019-10-24,William & Mary,Louisville,Home,,2,,2.0,2.0,8.0,6.0,,,,,1.0,,18.0,11.0,,,,1.0
786,2019-10-27,William & Mary,Northeastern,Home,,2,,2.0,1.0,32.0,20.0,,,,3.0,1.0,2.0,9.0,4.0,,,,1.0
786,2019-11-01,William & Mary,Delaware,Away,,1,5.0,1.0,,4.0,2.0,,,,1.0,5.0,2.0,13.0,7.0,,,,
786,2019-11-03,William & Mary,Towson,Away,,3,1.0,3.0,1.0,13.0,8.0,8.0,,,,1.0,,3.0,2.0,3.0,,,1.0
786,2019-11-08,William & Mary,Northeastern,Home,,0,1.0,,,8.0,4.0,,,,,1.0,1.0,5.0,5.0,,,,2.0
813,2019-09-06,Yale,Massachusetts,Home,,1,4.0,1.0,,8.0,3.0,,,,,4.0,1.0,23.0,15.0,,,1.0,1.0
813,2019-09-08,Yale,Sacred Heart,Home,,4,0.0,4.0,,48.0,29.0,,,,,,,16.0,10.0,,,,1.0
813,2019-09-14,Yale,Liberty,Away,,2,4.0,2.0,3.0,9.0,5.0,,,,1.0,4.0,3.0,24.0,16.0,,,1.0,1.0
813,2019-09-15,Yale,Virginia,Away,,0,3.0,,,7.0,2.0,,,,,3.0,5.0,19.0,9.0,,,,2.0
813,2019-09-20,Yale,Wagner,Away,,6,0.0,6.0,3.0,23.0,15.0,,,,,,,9.0,4.0,,,,
813,2019-09-28,Yale,Harvard,Home,,1,2.0,1.0,,6.0,6.0,,,,,2.0,2.0,14.0,8.0,,,,1.0
813,2019-09-29,Yale,Hofstra,Away,,1,2.0,1.0,2.0,11.0,5.0,,,,,2.0,2.0,8.0,3.0,,,,2.0
813,2019-10-04,Yale,Princeton,Away,,3,,3.0,2.0,6.0,6.0,,,,1.0,4.0,2.0,38.0,20.0,,,,
813,2019-10-06,Yale,Drexel,Away,,1,2.0,1.0,,5.0,2.0,,,,1.0,2.0,2.0,9.0,5.0,,,,1.0
813,2019-10-12,Yale,Cornell,Home,,1,2.0,1.0,,12.0,7.0,,,,1.0,2.0,3.0,16.0,8.0,,,,2.0
813,2019-10-14,Yale,Bucknell,Home,,2,3.0,2.0,1.0,22.0,16.0,,,,2.0,3.0,3.0,12.0,7.0,,,,2.0
813,2019-10-19,Yale,Dartmouth,Home,,6,0.0,6.0,6.0,25.0,17.0,,,,,,,20.0,10.0,,,,2.0
813,2019-10-20,Yale,Quinnipiac,Away,,2,1.0,2.0,3.0,9.0,5.0,27.0,,,,1.0,2.0,6.0,5.0,24.0,,,
813,2019-10-26,Yale,Penn,Away,,2,4.0,2.0,1.0,7.0,4.0,,,,1.0,4.0,1.0,17.0,11.0,,,,
813,2019-11-01,Yale,Columbia,Away,,4,,4.0,3.0,23.0,16.0,,,,1.0,3.0,3.0,16.0,7.0,,,,
813,2019-11-03,Yale,Merrimack,Home,,8,1.0,8.0,3.0,37.0,26.0,,,,1.0,1.0,,13.0,5.0,,,,
813,2019-11-09,Yale,Brown,Home,,4,1.0,4.0,4.0,13.0,6.0,,,,,1.0,1.0,17.0,6.0,,,,1.0
