ncaa_id,date,team,opponent,home_away,result,team_score,opponent_score,goals,ast,shatt,sog,fouls,rc,yc,gc,dsv,defensive_goals,defensive_ast,defensive_shatt,defensive_sog,defensive_fouls,defensive_rc,defensive_yc,defensive_gc,defensive_dsv
23,2024-08-30,American,VCU,Away,,0,,,,5.0,4.0,46.0,,,1.0,,1.0,,6.0,3.0,43.0,,,2.0,
23,2024-09-01,American,Louisville,Home,,1,3.0,1.0,1.0,4.0,2.0,,,,,,3.0,2.0,13.0,9.0,,,,2.0,
23,2024-09-06,American,James Madison,Away,,2,,2.0,2.0,10.0,7.0,66.0,,,2.0,,3.0,4.0,12.0,11.0,59.0,,1.0,3.0,
23,2024-09-08,American,Longwood,Home,,4,0.0,4.0,1.0,14.0,8.0,,,1.0,1.0,,,,2.0,1.0,,,,,
23,2024-09-13,American,Lock Haven,Home,,4,1.0,4.0,2.0,14.0,11.0,,,,2.0,,1.0,1.0,1.0,1.0,,,,,
23,2024-09-15,American,Virginia,Home,,2,,2.0,1.0,4.0,2.0,,,,1.0,,3.0,2.0,11.0,8.0,,,1.0,2.0,
23,2024-09-20,American,William & Mary,Home,,2,0.0,2.0,1.0,22.0,14.0,,,1.0,3.0,,,,4.0,4.0,,,,2.0,
23,2024-09-22,American,Delaware,Home,,0,1.0,,,17.0,9.0,,,,,,1.0,1.0,9.0,7.0,,,1.0,3.0,2.0
23,2024-09-27,American,Lafayette,Away,,1,,1.0,1.0,9.0,4.0,23.0,,,1.0,,,,8.0,5.0,27.0,,,,
23,2024-09-29,American,Penn,Away,,1,0.0,1.0,,9.0,5.0,,,2.0,,,,,11.0,5.0,,,,2.0,1.0
23,2024-10-05,American,Colgate,Home,,3,2.0,3.0,,20.0,11.0,,,,,,2.0,2.0,6.0,4.0,,,,2.0,1.0
23,2024-10-11,American,Boston U.,Home,,2,0.0,2.0,1.0,26.0,10.0,,,,1.0,,,,9.0,3.0,,,,2.0,
23,2024-10-14,American,Maryland,Away,,1,4.0,1.0,,7.0,4.0,,,,,3.0,4.0,4.0,23.0,16.0,,,,,
23,2024-10-19,American,Holy Cross,Away,,5,1.0,5.0,4.0,17.0,16.0,,,,,,1.0,1.0,6.0,2.0,,,,2.0,
23,2024-10-20,American,Brown,Away,,1,2.0,1.0,1.0,3.0,2.0,,,,,,2.0,1.0,25.0,14.0,,,,,
23,2024-10-25,American,Lehigh,Home,,3,0.0,3.0,3.0,15.0,9.0,,,1.0,1.0,,,,6.0,2.0,,,1.0,1.0,
23,2024-10-27,American,Hofstra,Home,,2,1.0,2.0,,31.0,20.0,,,,,,1.0,1.0,4.0,3.0,,,,1.0,1.0
23,2024-11-02,American,Bucknell,Away,,2,0.0,2.0,2.0,5.0,4.0,,,1.0,1.0,,,,11.0,6.0,,,1.0,3.0,
23,2024-11-07,American,Boston U.,Home,,1,0.0,1.0,,21.0,6.0,,,,,,,,8.0,4.0,,,,,
23,2024-11-09,American,Lafayette,Home,,1,,1.0,2.0,12.0,8.0,,,,1.0,,2.0,1.0,9.0,5.0,,,,2.0,1.0
27,2024-08-30,App State,Towson,Home,,3,0.0,3.0,3.0,23.0,15.0,,,,,,,,4.0,2.0,,,,1.0,
27,2024-09-01,App State,Georgetown,Home,,3,0.0,3.0,1.0,42.0,24.0,,,,1.0,,,,5.0,4.0,,,,,
27,2024-09-06,App State,Richmond,Away,,1,2.0,1.0,,18.0,9.0,,,,1.0,,2.0,2.0,6.0,3.0,,,,,
27,2024-09-08,App State,VCU,Away,,2,,2.0,,10.0,6.0,46.0,,,2.0,,3.0,3.0,15.0,6.0,41.0,,,,
27,2024-09-13,App State,Wake Forest,Home,,1,4.0,1.0,1.0,3.0,1.0,,,1.0,2.0,,4.0,2.0,15.0,12.0,,,,1.0,
27,2024-09-15,App State,Davidson,Away,,7,2.0,7.0,4.0,21.0,16.0,,,,,,2.0,2.0,14.0,9.0,,,,1.0,
27,2024-09-20,App State,Ohio,Away,,2,0.0,2.0,2.0,20.0,12.0,,,,1.0,,,,8.0,4.0,,,,,
27,2024-09-29,App State,Central Mich.,Home,,2,1.0,2.0,1.0,35.0,20.0,,,,2.0,,1.0,1.0,5.0,3.0,,,,,
27,2024-09-30,App State,Bellarmine,Home,,3,0.0,3.0,2.0,28.0,17.0,,,,1.0,,,,,,,,,,
27,2024-10-04,App State,Kent St.,Away,,1,0.0,1.0,1.0,19.0,10.0,,,,2.0,,,,3.0,2.0,,,1.0,1.0,
27,2024-10-06,App State,Liberty,Away,,0,5.0,,,8.0,2.0,,,,,,5.0,6.0,21.0,15.0,,,,1.0,
27,2024-10-11,App State,Miami (OH),Away,,0,1.0,,,4.0,1.0,,,3.0,2.0,1.0,1.0,,8.0,6.0,,,2.0,3.0,
27,2024-10-13,App State,North Carolina,Home,,0,5.0,,,3.0,1.0,,,,,,5.0,5.0,22.0,16.0,,,,,
27,2024-10-18,App State,Ball St.,Home,,3,1.0,3.0,2.0,15.0,10.0,,,,,,1.0,,3.0,2.0,,,1.0,,
27,2024-10-25,App State,Longwood,Home,,2,0.0,2.0,3.0,18.0,6.0,,,,3.0,,,,,,,,,,
27,2024-10-27,App State,Old Dominion,Away,,1,2.0,1.0,1.0,5.0,3.0,,,,1.0,,2.0,3.0,15.0,12.0,,,,,
27,2024-11-01,App State,Queens (NC),Home,,5,0.0,5.0,4.0,30.0,21.0,,,,1.0,,,,1.0,1.0,,,,,
27,2024-11-03,App State,James Madison,Away,,4,3.0,4.0,3.0,17.0,7.0,49.0,,1.0,2.0,,3.0,3.0,7.0,4.0,51.0,,,1.0,
27,2024-11-07,App State,Miami (OH),Home,,2,,2.0,3.0,13.0,8.0,,,,1.0,,3.0,2.0,14.0,8.0,,,1.0,3.0,1.0
47,2024-08-30,Ball St.,Saint Francis,Home,,2,,2.0,1.0,24.0,23.0,,,2.0,2.0,,3.0,1.0,12.0,9.0,,,,,1.0
47,2024-09-01,Ball St.,Stanford,Home,,0,5.0,,,2.0,1.0,,,,,1.0,5.0,4.0,19.0,14.0,,,,1.0,
47,2024-09-11,Ball St.,Saint Louis,Away,,3,,3.0,3.0,14.0,11.0,,,,,,2.0,2.0,13.0,11.0,,,,1.0,
47,2024-09-13,Ball St.,Indiana,Away,,0,2.0,,,3.0,1.0,,,,1.0,,2.0,,24.0,15.0,,,,1.0,
47,2024-09-20,Ball St.,Kent St.,Away,,0,1.0,,,6.0,1.0,,,,,,1.0,1.0,18.0,10.0,,,,1.0,
47,2024-09-22,Ball St.,Louisville,Home,,2,4.0,2.0,3.0,6.0,5.0,,,,,,4.0,5.0,17.0,13.0,,,,2.0,
47,2024-09-27,Ball St.,Miami (OH),Home,,0,3.0,,,2.0,1.0,,,,1.0,2.0,3.0,3.0,20.0,15.0,,,,1.0,
47,2024-09-29,Ball St.,Michigan St.,Home,,1,,1.0,2.0,4.0,2.0,,,,,1.0,2.0,1.0,24.0,15.0,,,,1.0,
47,2024-10-04,Ball St.,Longwood,Home,,3,1.0,3.0,1.0,20.0,11.0,,,,,,1.0,2.0,8.0,7.0,,,,,
47,2024-10-11,Ball St.,Central Mich.,Away,,3,1.0,3.0,2.0,15.0,7.0,37.0,,,1.0,,1.0,1.0,15.0,6.0,50.0,,,,
47,2024-10-13,Ball St.,Michigan,Away,,0,4.0,,,1.0,,,,,1.0,,4.0,4.0,43.0,26.0,,,,,
47,2024-10-18,Ball St.,App State,Away,,1,3.0,1.0,,3.0,2.0,,,1.0,,,3.0,2.0,15.0,10.0,,,,,
47,2024-10-20,Ball St.,Queens (NC),Away,,2,,2.0,2.0,22.0,14.0,26.0,,1.0,2.0,,3.0,3.0,6.0,6.0,28.0,,,1.0,
47,2024-10-22,Ball St.,UC Davis,Home,,1,3.0,1.0,2.0,7.0,7.0,,,,2.0,,3.0,4.0,17.0,11.0,,,,,
47,2024-10-25,Ball St.,Ohio,Home,,2,,2.0,1.0,8.0,6.0,,,,,,1.0,,9.0,3.0,,,,,
47,2024-10-27,Ball St.,James Madison,Home,,0,4.0,,,6.0,2.0,,,,,,4.0,2.0,26.0,20.0,,,,,
47,2024-11-01,Ball St.,Bellarmine,Away,,2,1.0,2.0,1.0,8.0,4.0,,,,,,1.0,,12.0,3.0,,,,3.0,
47,2024-11-06,Ball St.,Kent St.,Home,,0,,,,5.0,1.0,,,,1.0,1.0,1.0,1.0,25.0,13.0,,,,2.0,
52,2024-08-31,Bellarmine,Central Mich.,Home,,1,,1.0,1.0,5.0,4.0,,,,,,2.0,1.0,17.0,14.0,,,,1.0,
52,2024-09-01,Bellarmine,Saint Louis,Away,,2,,2.0,2.0,12.0,7.0,,,,1.0,1.0,1.0,1.0,11.0,6.0,,,,3.0,
52,2024-09-06,Bellarmine,Rider,Away,,2,,2.0,1.0,10.0,6.0,46.0,,,2.0,,1.0,,19.0,10.0,64.0,,,,1.0
52,2024-09-08,Bellarmine,LIU,Home,,0,3.0,,,1.0,,,,,,1.0,3.0,5.0,9.0,8.0,,,,,
52,2024-09-13,Bellarmine,Michigan St.,Home,,2,4.0,2.0,1.0,4.0,4.0,,,,,,4.0,1.0,15.0,8.0,,,,,
52,2024-09-18,Bellarmine,Stanford,Home,,0,4.0,,,2.0,1.0,,,,,,4.0,4.0,14.0,7.0,,,,1.0,
52,2024-09-22,Bellarmine,Miami (OH),Home,,1,6.0,1.0,,2.0,2.0,,,,,,6.0,4.0,19.0,17.0,,,,,
52,2024-09-29,Bellarmine,Davidson,Away,,1,2.0,1.0,1.0,6.0,2.0,,,,1.0,2.0,2.0,2.0,16.0,6.0,,,,,
52,2024-09-30,Bellarmine,App State,Home,,0,3.0,,,,,,,,,,3.0,2.0,28.0,17.0,,,,1.0,
52,2024-10-04,Bellarmine,Central Mich.,Away,,4,3.0,4.0,2.0,8.0,5.0,44.0,,,,,3.0,1.0,16.0,12.0,52.0,,,1.0,
52,2024-10-11,Bellarmine,Ohio,Home,,1,3.0,1.0,,6.0,2.0,,,,,,3.0,1.0,16.0,10.0,,,,,1.0
52,2024-10-13,Bellarmine,Longwood,Home,,1,2.0,1.0,1.0,5.0,2.0,,,,,,2.0,2.0,9.0,4.0,,,,,
52,2024-10-18,Bellarmine,James Madison,Away,,0,6.0,,,3.0,2.0,38.0,,,1.0,,6.0,5.0,24.0,18.0,30.0,,,1.0,
52,2024-10-20,Bellarmine,Towson,Away,,1,2.0,1.0,1.0,6.0,5.0,,,,1.0,,2.0,2.0,23.0,13.0,,,,1.0,
52,2024-10-25,Bellarmine,Kent St.,Away,,2,3.0,2.0,1.0,10.0,6.0,,,,,,3.0,3.0,10.0,6.0,,,,1.0,
52,2024-10-27,Bellarmine,Saint Francis,Away,,2,,2.0,2.0,6.0,4.0,38.0,,,,,1.0,1.0,22.0,14.0,38.0,,,1.0,
52,2024-11-01,Bellarmine,Ball St.,Home,,1,2.0,1.0,,12.0,3.0,,,,3.0,,2.0,1.0,8.0,4.0,,,,,
67,2024-08-30,Boston College,Northeastern,Home,,3,1.0,3.0,4.0,19.0,12.0,,,,1.0,,1.0,1.0,6.0,4.0,,,,,
67,2024-09-01,Boston College,Boston U.,Home,,6,0.0,6.0,7.0,34.0,17.0,,,,1.0,1.0,,,3.0,2.0,,,,,1.0
67,2024-09-06,Boston College,Maryland,Home,,0,2.0,,,9.0,5.0,,,,1.0,,2.0,1.0,11.0,6.0,,,,1.0,
67,2024-09-08,Boston College,Northwestern,Away,,0,1.0,,,5.0,2.0,,,,1.0,,1.0,1.0,15.0,6.0,,,,2.0,
67,2024-09-13,Boston College,Maine,Home,,4,2.0,4.0,5.0,15.0,8.0,,,,,,2.0,,9.0,6.0,,,,1.0,
67,2024-09-15,Boston College,Providence,Away,,3,1.0,3.0,3.0,11.0,7.0,,,,1.0,1.0,1.0,1.0,6.0,4.0,,,,,
67,2024-09-20,Boston College,Wake Forest,Home,,4,1.0,4.0,5.0,13.0,9.0,,,,1.0,,1.0,,5.0,3.0,,,1.0,1.0,
67,2024-09-22,Boston College,New Hampshire,Away,,5,3.0,5.0,4.0,19.0,12.0,,,,1.0,,3.0,1.0,6.0,6.0,,,,,
67,2024-09-28,Boston College,Louisville,Away,,1,0.0,1.0,,12.0,4.0,,,,1.0,,,,9.0,4.0,,,,1.0,
67,2024-10-04,Boston College,Virginia,Home,,3,,3.0,3.0,3.0,3.0,,,1.0,2.0,,2.0,1.0,10.0,6.0,,,1.0,2.0,
67,2024-10-06,Boston College,Massachusetts,Away,,0,1.0,,,13.0,10.0,,,1.0,2.0,,1.0,1.0,6.0,3.0,,,,2.0,
67,2024-10-11,Boston College,California,Home,,4,0.0,4.0,2.0,21.0,13.0,,,,,,,,7.0,5.0,,,,1.0,1.0
67,2024-10-13,Boston College,Stanford,Home,,2,0.0,2.0,3.0,20.0,12.0,,,,1.0,,,,3.0,,,,,,3.0
67,2024-10-20,Boston College,UAlbany,Home,,3,1.0,3.0,2.0,17.0,11.0,,,,2.0,,1.0,1.0,6.0,3.0,,,,,3.0
67,2024-10-25,Boston College,Duke,Away,,0,1.0,,,6.0,2.0,,,,1.0,,1.0,1.0,10.0,5.0,,,,1.0,
67,2024-10-27,Boston College,North Carolina,Away,,0,4.0,,,6.0,5.0,,,1.0,,2.0,4.0,2.0,26.0,18.0,,,,3.0,1.0
67,2024-11-01,Boston College,Syracuse,Away,,1,0.0,1.0,,8.0,6.0,,,,1.0,,,,6.0,3.0,,,,1.0,1.0
67,2024-11-05,Boston College,Stanford,Home,,3,2.0,3.0,5.0,18.0,8.0,,,,1.0,,2.0,2.0,6.0,5.0,,,,,
67,2024-11-06,Boston College,Duke,Home,,2,,1.0,2.0,3.0,1.0,,,2.0,1.0,,1.0,1.0,9.0,6.0,,,1.0,2.0,
67,2024-11-08,Boston College,North Carolina,Home,,1,4.0,1.0,2.0,8.0,3.0,,,,2.0,1.0,4.0,3.0,18.0,9.0,,,,1.0,
67,2024-11-15,Boston College,Princeton,Home,,0,1.0,,,3.0,1.0,,,1.0,1.0,,1.0,2.0,6.0,4.0,,,,,
68,2024-08-30,Boston U.,Providence,Away,,3,0.0,3.0,3.0,10.0,8.0,,,,,,,,10.0,7.0,,,,,
68,2024-09-01,Boston U.,Boston College,Away,,0,6.0,,,3.0,2.0,,,,,1.0,6.0,7.0,34.0,17.0,,,,1.0,1.0
68,2024-09-06,Boston U.,Michigan,Home,,2,5.0,2.0,1.0,4.0,3.0,,,2.0,1.0,,5.0,5.0,21.0,17.0,,,1.0,1.0,1.0
68,2024-09-08,Boston U.,Brown,Away,,3,,2.0,2.0,9.0,8.0,,,2.0,2.0,1.0,2.0,3.0,20.0,7.0,,,2.0,2.0,
68,2024-09-13,Boston U.,Massachusetts,Home,,3,5.0,3.0,4.0,20.0,15.0,,,,,,5.0,4.0,11.0,9.0,,,,,1.0
68,2024-09-15,Boston U.,Maine,Home,,2,1.0,2.0,3.0,9.0,6.0,,,,1.0,,1.0,1.0,13.0,6.0,,,,,
68,2024-09-20,Boston U.,Bucknell,Away,,1,,1.0,,7.0,2.0,,,1.0,1.0,,2.0,2.0,9.0,3.0,,,,2.0,1.0
68,2024-09-28,Boston U.,Lehigh,Home,,3,0.0,3.0,5.0,17.0,12.0,,,,1.0,,,,15.0,7.0,,,,,
68,2024-10-04,Boston U.,Holy Cross,Home,,3,2.0,3.0,3.0,14.0,11.0,,,1.0,,,2.0,1.0,12.0,7.0,,,,1.0,
68,2024-10-06,Boston U.,Harvard,Away,,1,2.0,1.0,,6.0,5.0,24.0,,,1.0,,2.0,1.0,14.0,11.0,31.0,,,1.0,
68,2024-10-11,Boston U.,American,Away,,0,2.0,,,9.0,3.0,,,,2.0,,2.0,1.0,26.0,10.0,,,,1.0,
68,2024-10-13,Boston U.,Northeastern,Home,,2,4.0,2.0,1.0,9.0,7.0,,,,2.0,1.0,4.0,3.0,13.0,10.0,,,,3.0,1.0
68,2024-10-18,Boston U.,Colgate,Home,,3,1.0,3.0,4.0,17.0,12.0,,,,,,1.0,1.0,6.0,3.0,,,,1.0,1.0
68,2024-10-20,Boston U.,New Hampshire,Away,,0,3.0,,,11.0,6.0,,,,,1.0,3.0,2.0,16.0,10.0,,,,2.0,
68,2024-10-25,Boston U.,Lafayette,Away,,0,5.0,,,6.0,5.0,27.0,,,,1.0,5.0,4.0,22.0,18.0,43.0,,,1.0,
68,2024-11-03,Boston U.,Cornell,Home,,1,2.0,1.0,,5.0,3.0,,,,,,2.0,,6.0,4.0,,,,1.0,
68,2024-11-07,Boston U.,American,Away,,0,1.0,,,8.0,4.0,,,,,,1.0,,21.0,6.0,,,,,
80,2024-09-06,Brown,UMass Lowell,Home,,2,3.0,2.0,3.0,28.0,12.0,,,1.0,1.0,,3.0,1.0,16.0,8.0,,,1.0,3.0,
80,2024-09-08,Brown,Boston U.,Home,,2,,2.0,3.0,20.0,7.0,,,2.0,2.0,,2.0,2.0,9.0,8.0,,,2.0,2.0,1.0
80,2024-09-12,Brown,UConn,Home,,0,4.0,,,6.0,2.0,,,,1.0,,4.0,5.0,9.0,5.0,,,1.0,2.0,
80,2024-09-15,Brown,Yale,Away,,2,,2.0,2.0,12.0,5.0,,,,1.0,,1.0,1.0,14.0,7.0,,,1.0,2.0,
80,2024-09-21,Brown,Ohio,Away,,4,1.0,4.0,3.0,24.0,19.0,,,,,,1.0,1.0,4.0,4.0,,,,1.0,1.0
80,2024-09-22,Brown,Ohio St.,Away,,2,5.0,2.0,3.0,11.0,6.0,,,,1.0,2.0,5.0,5.0,24.0,15.0,,,1.0,2.0,
80,2024-09-28,Brown,Harvard,Home,,0,4.0,,,6.0,4.0,,,,1.0,,4.0,4.0,18.0,13.0,,,1.0,3.0,
80,2024-10-04,Brown,Dartmouth,Home,,8,1.0,8.0,6.0,34.0,22.0,,,1.0,2.0,,1.0,,12.0,4.0,,,,1.0,
80,2024-10-06,Brown,Bryant,Away,,5,0.0,5.0,2.0,23.0,17.0,17.0,,,,,,,4.0,4.0,10.0,,1.0,1.0,
80,2024-10-11,Brown,Princeton,Away,,2,4.0,2.0,1.0,15.0,5.0,,,,1.0,,4.0,4.0,11.0,6.0,,,1.0,1.0,1.0
80,2024-10-14,Brown,Quinnipiac,Away,,4,0.0,4.0,3.0,21.0,10.0,25.0,,,1.0,,,,4.0,3.0,37.0,,,1.0,
80,2024-10-18,Brown,Columbia,Home,,2,,1.0,1.0,29.0,14.0,,,,1.0,,1.0,,11.0,5.0,,,1.0,1.0,
80,2024-10-20,Brown,American,Home,,2,1.0,2.0,1.0,25.0,14.0,,,,,,1.0,1.0,3.0,2.0,,,,,
80,2024-10-25,Brown,Cornell,Away,,2,3.0,2.0,2.0,15.0,9.0,,,,2.0,1.0,3.0,5.0,13.0,10.0,,,,,
80,2024-10-27,Brown,Providence,Home,,2,1.0,2.0,1.0,29.0,17.0,,,,1.0,,1.0,2.0,6.0,4.0,,,2.0,1.0,
80,2024-11-02,Brown,Penn,Home,,4,3.0,4.0,4.0,23.0,11.0,,,1.0,2.0,1.0,3.0,3.0,16.0,10.0,,,,2.0,2.0
80,2024-11-08,Brown,Harvard,Away,,0,,,,6.0,4.0,,,,1.0,,1.0,1.0,10.0,5.0,,,1.0,,
81,2024-08-30,Bryant,Fairfield,Home,,2,1.0,2.0,1.0,5.0,3.0,19.0,,,1.0,,1.0,1.0,15.0,7.0,18.0,,,1.0,
81,2024-09-01,Bryant,Providence,Home,,1,2.0,1.0,,2.0,1.0,12.0,,1.0,2.0,,2.0,2.0,9.0,8.0,23.0,,1.0,2.0,
81,2024-09-06,Bryant,La Salle,Home,,0,,,,8.0,6.0,27.0,,,,,1.0,1.0,8.0,6.0,39.0,,,1.0,
81,2024-09-08,Bryant,Sacred Heart,Home,,1,2.0,1.0,1.0,10.0,8.0,21.0,,,1.0,,2.0,1.0,8.0,7.0,31.0,,,3.0,
81,2024-09-17,Bryant,Merrimack,Home,,3,0.0,3.0,4.0,14.0,8.0,24.0,,,,1.0,,,7.0,1.0,26.0,,1.0,,1.0
81,2024-09-20,Bryant,Stonehill,Home,,1,0.0,1.0,2.0,3.0,1.0,28.0,,,1.0,,,,17.0,9.0,21.0,,,,
81,2024-09-22,Bryant,Cornell,Away,,1,4.0,1.0,,10.0,5.0,,,,1.0,,4.0,2.0,24.0,10.0,,,1.0,1.0,
81,2024-09-27,Bryant,New Hampshire,Home,,2,6.0,2.0,2.0,6.0,4.0,27.0,,,1.0,4.0,6.0,3.0,18.0,14.0,29.0,,,,
81,2024-09-29,Bryant,Dartmouth,Away,,2,,2.0,2.0,5.0,4.0,,,2.0,2.0,,3.0,3.0,24.0,14.0,,,,2.0,1.0
81,2024-10-04,Bryant,UMass Lowell,Away,,0,4.0,,,3.0,1.0,,,,1.0,1.0,4.0,4.0,26.0,18.0,,,,2.0,
81,2024-10-06,Bryant,Brown,Home,,0,5.0,,,4.0,4.0,10.0,,1.0,1.0,,5.0,2.0,23.0,17.0,17.0,,,,
81,2024-10-11,Bryant,UAlbany,Away,,0,3.0,,,3.0,3.0,,,,,,3.0,2.0,23.0,13.0,,,,1.0,
81,2024-10-15,Bryant,Queens (NC),Home,,5,2.0,5.0,6.0,18.0,11.0,13.0,,,1.0,,2.0,2.0,7.0,5.0,10.0,,,1.0,
81,2024-10-18,Bryant,Maine,Home,,4,,4.0,6.0,11.0,9.0,33.0,,,,,3.0,3.0,18.0,14.0,34.0,,,1.0,
81,2024-10-20,Bryant,Colgate,Home,,2,4.0,2.0,2.0,13.0,9.0,34.0,,,2.0,1.0,4.0,4.0,12.0,8.0,29.0,,,,1.0
81,2024-10-25,Bryant,Vermont,Away,,0,4.0,,,4.0,3.0,,,,1.0,,4.0,3.0,24.0,13.0,,,,2.0,
81,2024-10-27,Bryant,Holy Cross,Away,,2,3.0,2.0,2.0,7.0,4.0,,,1.0,1.0,,3.0,3.0,20.0,14.0,,,,2.0,
81,2024-11-01,Bryant,UC Davis,Home,,2,5.0,2.0,2.0,13.0,7.0,26.0,,,,,5.0,2.0,14.0,8.0,28.0,,,,
83,2024-08-30,Bucknell,Miami (OH),Away,,1,2.0,1.0,1.0,7.0,3.0,,,,,,2.0,3.0,10.0,7.0,,,,2.0,
83,2024-09-01,Bucknell,Ohio St.,Away,,1,4.0,1.0,1.0,8.0,6.0,,,,,3.0,4.0,3.0,25.0,17.0,,,,1.0,
83,2024-09-06,Bucknell,Delaware,Home,,0,,,,11.0,7.0,,,1.0,2.0,1.0,1.0,1.0,18.0,9.0,,,1.0,1.0,1.0
83,2024-09-08,Bucknell,UMass Lowell,Home,,2,0.0,2.0,2.0,10.0,7.0,,,,2.0,1.0,,,7.0,4.0,,,,1.0,1.0
83,2024-09-13,Bucknell,Wagner,Away,,2,4.0,2.0,1.0,14.0,7.0,,,1.0,2.0,1.0,4.0,5.0,10.0,8.0,,,,,
83,2024-09-15,Bucknell,Columbia,Away,,2,1.0,2.0,1.0,15.0,12.0,18.0,,,,1.0,1.0,,9.0,6.0,22.0,,1.0,1.0,
83,2024-09-20,Bucknell,Boston U.,Home,,2,,2.0,2.0,9.0,3.0,,,,2.0,1.0,1.0,,7.0,2.0,,,1.0,1.0,
83,2024-09-22,Bucknell,Penn St.,Home,,1,,1.0,2.0,12.0,9.0,,,,,,2.0,1.0,12.0,9.0,,,,1.0,1.0
83,2024-09-28,Bucknell,Holy Cross,Away,,5,1.0,5.0,7.0,18.0,15.0,,,1.0,1.0,,1.0,1.0,8.0,6.0,,,,1.0,
83,2024-10-04,Bucknell,Lafayette,Home,,0,2.0,,,9.0,2.0,,,,1.0,,2.0,1.0,16.0,9.0,,,,1.0,
83,2024-10-06,Bucknell,Lock Haven,Home,,6,1.0,6.0,6.0,38.0,26.0,,,,,1.0,1.0,,9.0,5.0,,,,,1.0
83,2024-10-11,Bucknell,Colgate,Away,,4,0.0,4.0,2.0,19.0,14.0,31.0,,,1.0,,,,3.0,2.0,27.0,,,1.0,
83,2024-10-13,Bucknell,Cornell,Away,,3,,3.0,4.0,17.0,10.0,,,1.0,,,2.0,,11.0,7.0,,,3.0,2.0,1.0
83,2024-10-19,Bucknell,Lehigh,Away,,6,2.0,6.0,4.0,16.0,11.0,,,,2.0,,2.0,1.0,4.0,2.0,,,,1.0,
83,2024-10-24,Bucknell,Syracuse,Home,,2,7.0,2.0,2.0,7.0,3.0,,,,1.0,,7.0,8.0,18.0,15.0,,,,,
83,2024-11-02,Bucknell,American,Home,,0,2.0,,,11.0,6.0,,,1.0,3.0,,2.0,2.0,5.0,4.0,,,1.0,1.0,
83,2024-11-07,Bucknell,Lafayette,Home,,1,2.0,1.0,2.0,8.0,4.0,,,,1.0,,2.0,4.0,8.0,7.0,,,,1.0,1.0
107,2024-09-01,California,Michigan St.,Home,,2,,2.0,1.0,20.0,9.0,18.0,,1.0,2.0,2.0,1.0,2.0,10.0,8.0,18.0,,,3.0,
107,2024-09-05,California,Northeastern,Home,,3,2.0,3.0,3.0,16.0,8.0,11.0,,,,,2.0,4.0,9.0,6.0,10.0,,,,
107,2024-09-06,California,Kent St.,Home,,3,1.0,3.0,4.0,11.0,5.0,4.0,,,1.0,3.0,1.0,2.0,7.0,7.0,7.0,,,1.0,
107,2024-09-15,California,UC Davis,Home,,2,0.0,2.0,4.0,15.0,10.0,,,,1.0,,,,2.0,1.0,,,,,
107,2024-09-20,California,Virginia,Away,,3,4.0,3.0,4.0,13.0,6.0,,,,,1.0,4.0,1.0,13.0,11.0,,,,1.0,
107,2024-09-22,California,James Madison,Away,,3,0.0,3.0,3.0,19.0,13.0,42.0,,,1.0,,,,9.0,2.0,54.0,,,2.0,
107,2024-09-29,California,UC Davis,Away,,4,0.0,4.0,3.0,20.0,8.0,,,,3.0,,,,6.0,1.0,,,,1.0,
107,2024-10-04,California,Duke,Home,,0,4.0,,,7.0,2.0,,,,,,4.0,4.0,10.0,6.0,,,,,
107,2024-10-06,California,North Carolina,Home,,1,3.0,1.0,2.0,13.0,4.0,,,,,,3.0,3.0,23.0,9.0,,,,1.0,
107,2024-10-11,California,Boston College,Away,,0,4.0,,,7.0,5.0,,,,1.0,1.0,4.0,2.0,21.0,13.0,,,,,
107,2024-10-13,California,Syracuse,Away,,1,,1.0,1.0,12.0,4.0,,,,1.0,,2.0,4.0,16.0,7.0,,,,1.0,1.0
107,2024-10-18,California,Indiana,Away,,0,2.0,,,10.0,8.0,,,,,2.0,2.0,,18.0,12.0,,,,1.0,
107,2024-10-20,California,Iowa,Away,,1,3.0,1.0,,14.0,10.0,,,,1.0,1.0,3.0,4.0,13.0,8.0,,,,1.0,2.0
107,2024-10-25,California,Louisville,Home,,2,1.0,2.0,2.0,14.0,9.0,,,,,1.0,1.0,1.0,14.0,10.0,,,,,
107,2024-10-27,California,Wake Forest,Home,,2,,2.0,2.0,16.0,4.0,,,,1.0,3.0,3.0,,22.0,10.0,,,,1.0,
107,2024-10-31,California,Stanford,Away,,1,3.0,1.0,,20.0,11.0,,,,1.0,1.0,3.0,1.0,11.0,10.0,,,,1.0,1.0
107,2024-11-05,California,North Carolina,Home,,0,5.0,,,2.0,1.0,,,1.0,3.0,,5.0,6.0,30.0,13.0,,,,,
129,2024-08-30,Central Mich.,Saint Louis,Away,,4,1.0,4.0,3.0,11.0,7.0,,,,,1.0,1.0,1.0,12.0,7.0,,,,,
129,2024-08-31,Central Mich.,Bellarmine,Home,,2,,2.0,1.0,17.0,14.0,,,,1.0,,1.0,1.0,5.0,4.0,,,,,
129,2024-09-04,Central Mich.,Stonehill,Home,,2,4.0,2.0,1.0,7.0,6.0,,,,,,4.0,3.0,16.0,11.0,,,,,
129,2024-09-07,Central Mich.,Hofstra,Home,,3,,3.0,3.0,13.0,10.0,26.0,,,,,2.0,3.0,12.0,6.0,29.0,,2.0,,
129,2024-09-08,Central Mich.,Maine,Away,,0,2.0,,,5.0,3.0,23.0,,1.0,1.0,,2.0,3.0,16.0,10.0,25.0,,,,
129,2024-09-13,Central Mich.,Colgate,Home,,1,,1.0,1.0,17.0,10.0,38.0,,,,,2.0,1.0,12.0,5.0,33.0,,,,1.0
129,2024-09-15,Central Mich.,Michigan,Away,,0,11.0,,,,,,,,1.0,,11.0,10.0,27.0,19.0,,,,,
129,2024-09-20,Central Mich.,Longwood,Home,,1,,1.0,1.0,15.0,8.0,58.0,,,1.0,,2.0,2.0,11.0,6.0,44.0,,,,
129,2024-09-27,Central Mich.,James Madison,Away,,2,3.0,2.0,3.0,3.0,3.0,37.0,,,1.0,2.0,3.0,2.0,25.0,12.0,38.0,,,1.0,
129,2024-09-29,Central Mich.,App State,Home,,1,2.0,1.0,1.0,5.0,3.0,,,,,,2.0,1.0,35.0,20.0,,,,2.0,
129,2024-10-04,Central Mich.,Bellarmine,Home,,3,4.0,3.0,1.0,16.0,12.0,52.0,,,1.0,,4.0,2.0,8.0,5.0,44.0,,,,
129,2024-10-11,Central Mich.,Ball St.,Home,,1,3.0,1.0,1.0,15.0,6.0,50.0,,,,,3.0,2.0,15.0,7.0,37.0,,,1.0,
129,2024-10-13,Central Mich.,Michigan St.,Home,,1,3.0,1.0,1.0,8.0,2.0,40.0,,1.0,1.0,2.0,3.0,1.0,22.0,11.0,42.0,,,1.0,
129,2024-10-18,Central Mich.,Kent St.,Away,,3,7.0,3.0,4.0,9.0,7.0,,,,2.0,,7.0,3.0,15.0,11.0,,,,1.0,
129,2024-10-25,Central Mich.,Miami (OH),Home,,1,3.0,1.0,,12.0,9.0,39.0,,,1.0,1.0,3.0,2.0,35.0,21.0,30.0,,,,
129,2024-11-01,Central Mich.,Ohio,Away,,2,3.0,2.0,2.0,10.0,6.0,,,,,2.0,3.0,3.0,17.0,11.0,,,,,1.0
129,2024-11-03,Central Mich.,Ohio St.,Away,,1,7.0,1.0,1.0,6.0,3.0,,,,3.0,,7.0,4.0,31.0,18.0,,,,2.0,1.0
153,2024-08-30,Colgate,Rider,Home,,1,5.0,1.0,1.0,4.0,3.0,24.0,,,2.0,1.0,5.0,4.0,28.0,22.0,35.0,,,2.0,
153,2024-09-06,Colgate,Ohio St.,Home,,0,5.0,,,4.0,3.0,19.0,,,,,5.0,4.0,18.0,11.0,23.0,,,,1.0
153,2024-09-08,Colgate,Lock Haven,Away,,3,,3.0,2.0,14.0,9.0,27.0,,,2.0,1.0,3.0,2.0,28.0,15.0,27.0,,,,1.0
153,2024-09-13,Colgate,Central Mich.,Away,,2,,2.0,1.0,12.0,5.0,33.0,,,,1.0,1.0,1.0,17.0,10.0,38.0,,,,
153,2024-09-15,Colgate,Michigan St.,Away,,0,5.0,,,5.0,2.0,,,,,,5.0,4.0,21.0,15.0,,,,,
153,2024-09-21,Colgate,Lehigh,Away,,1,5.0,1.0,1.0,8.0,4.0,,,1.0,3.0,,5.0,5.0,17.0,11.0,,,,1.0,
153,2024-09-22,Colgate,Mercyhurst,Home,,5,1.0,5.0,3.0,8.0,6.0,37.0,,,,,1.0,,2.0,2.0,19.0,,,1.0,
153,2024-09-29,Colgate,Cornell,Home,,0,4.0,,,3.0,3.0,31.0,,,1.0,2.0,4.0,3.0,20.0,11.0,36.0,,,,
153,2024-10-05,Colgate,American,Away,,2,3.0,2.0,2.0,6.0,4.0,,,,2.0,1.0,3.0,,20.0,11.0,,,,,
153,2024-10-06,Colgate,Towson,Away,,1,4.0,1.0,,9.0,3.0,,,,,1.0,4.0,2.0,19.0,10.0,,,,,
153,2024-10-11,Colgate,Bucknell,Home,,0,4.0,,,3.0,2.0,27.0,,,1.0,,4.0,2.0,19.0,14.0,31.0,,,1.0,
153,2024-10-13,Colgate,Dartmouth,Away,,0,7.0,,,4.0,2.0,,,,,1.0,7.0,7.0,25.0,17.0,,,,,
153,2024-10-18,Colgate,Boston U.,Away,,1,3.0,1.0,1.0,6.0,3.0,,,,1.0,1.0,3.0,4.0,17.0,12.0,,,,,
153,2024-10-20,Colgate,Bryant,Away,,4,2.0,4.0,4.0,12.0,8.0,29.0,,,,1.0,2.0,2.0,13.0,9.0,34.0,,,2.0,1.0
153,2024-10-25,Colgate,Holy Cross,Home,,1,0.0,1.0,,11.0,7.0,21.0,,,,1.0,,,16.0,11.0,20.0,,,,1.0
153,2024-10-27,Colgate,UAlbany,Away,,0,8.0,,,6.0,3.0,,,,1.0,,8.0,4.0,23.0,14.0,,,,2.0,
153,2024-11-02,Colgate,Lafayette,Home,,0,2.0,,,4.0,1.0,28.0,,,,1.0,2.0,2.0,23.0,14.0,33.0,,,,
158,2024-09-06,Columbia,Massachusetts,Away,,1,4.0,1.0,,7.0,4.0,,,,1.0,,4.0,2.0,20.0,15.0,,,,1.0,
158,2024-09-13,Columbia,LIU,Home,,1,,1.0,1.0,12.0,6.0,25.0,,,2.0,,,,8.0,4.0,26.0,,,1.0,1.0
158,2024-09-15,Columbia,Bucknell,Home,,1,2.0,1.0,,9.0,6.0,22.0,,1.0,1.0,,2.0,1.0,15.0,12.0,18.0,,,,1.0
158,2024-09-20,Columbia,Cornell,Away,,1,0.0,1.0,,9.0,4.0,,,,1.0,,,,19.0,9.0,,,,1.0,
158,2024-09-22,Columbia,Monmouth,Home,,0,1.0,,,8.0,5.0,16.0,,,,,1.0,,20.0,14.0,26.0,,,2.0,
158,2024-09-27,Columbia,Princeton,Home,,0,1.0,,,2.0,,19.0,,,3.0,1.0,1.0,,13.0,7.0,25.0,,,,
158,2024-09-29,Columbia,Wagner,Away,,0,,,,13.0,3.0,,,,,2.0,1.0,,15.0,10.0,,,,2.0,
158,2024-10-04,Columbia,Penn,Away,,1,,1.0,1.0,9.0,7.0,,,,2.0,,2.0,1.0,20.0,12.0,,,1.0,5.0,
158,2024-10-06,Columbia,Hofstra,Away,,3,0.0,3.0,4.0,14.0,8.0,31.0,,,1.0,,,,9.0,5.0,35.0,,2.0,1.0,
158,2024-10-11,Columbia,Harvard,Home,,3,9.0,3.0,1.0,7.0,6.0,16.0,,,,,9.0,,21.0,14.0,15.0,,,,1.0
158,2024-10-18,Columbia,Brown,Away,,1,,1.0,,11.0,5.0,,,1.0,1.0,,1.0,1.0,29.0,14.0,,,,1.0,
158,2024-10-20,Columbia,Delaware,Home,,1,,1.0,,8.0,3.0,20.0,,,,,2.0,3.0,15.0,8.0,28.0,,1.0,3.0,
158,2024-10-25,Columbia,Yale,Away,,3,2.0,3.0,1.0,7.0,4.0,,,,,,2.0,1.0,25.0,11.0,,,,,
158,2024-10-27,Columbia,Lehigh,Away,,2,0.0,2.0,1.0,16.0,8.0,,,,1.0,,,,22.0,9.0,,,1.0,1.0,1.0
158,2024-11-03,Columbia,Dartmouth,Home,,4,1.0,4.0,4.0,13.0,9.0,26.0,,,1.0,,1.0,1.0,12.0,7.0,23.0,,,2.0,
158,2024-11-08,Columbia,Princeton,Away,,0,4.0,,,1.0,1.0,,,,,1.0,4.0,4.0,18.0,13.0,,,,,
167,2024-09-06,Cornell,UConn,Away,,1,6.0,1.0,,5.0,4.0,2.0,,1.0,1.0,,6.0,5.0,20.0,19.0,4.0,,,1.0,
167,2024-09-08,Cornell,UAlbany,Away,,2,,2.0,1.0,13.0,8.0,,,,2.0,,2.0,3.0,13.0,10.0,,,,3.0,3.0
167,2024-09-14,Cornell,Northwestern,Home,,0,1.0,,,6.0,5.0,,,,1.0,,1.0,2.0,20.0,9.0,,,,1.0,1.0
167,2024-09-15,Cornell,Louisville,Away,,3,4.0,3.0,3.0,15.0,12.0,,,,,,4.0,4.0,12.0,9.0,,,1.0,1.0,
167,2024-09-20,Cornell,Columbia,Home,,0,1.0,,,19.0,9.0,,,,1.0,,1.0,,9.0,4.0,,,,1.0,
167,2024-09-22,Cornell,Bryant,Home,,4,1.0,4.0,2.0,24.0,10.0,,,1.0,1.0,,1.0,,10.0,5.0,,,,1.0,
167,2024-09-27,Cornell,Dartmouth,Away,,3,1.0,3.0,2.0,7.0,6.0,,,1.0,3.0,,1.0,2.0,9.0,4.0,,,1.0,3.0,
167,2024-09-29,Cornell,Colgate,Away,,4,0.0,4.0,3.0,20.0,11.0,36.0,,,,,,,3.0,3.0,31.0,,,1.0,2.0
167,2024-10-04,Cornell,Princeton,Home,,1,3.0,1.0,1.0,3.0,2.0,,1.0,1.0,1.0,,3.0,3.0,17.0,9.0,,,,,
167,2024-10-11,Cornell,Yale,Away,,0,5.0,,,12.0,5.0,,,2.0,1.0,,5.0,4.0,16.0,11.0,,,,2.0,
167,2024-10-13,Cornell,Bucknell,Home,,2,,2.0,,11.0,7.0,,,3.0,2.0,1.0,3.0,4.0,17.0,10.0,,,1.0,,
167,2024-10-15,Cornell,La Salle,Home,,1,0.0,1.0,,22.0,14.0,,,,1.0,,,,,,,,,,1.0
167,2024-10-19,Cornell,Penn,Away,,3,,3.0,3.0,7.0,4.0,,,,,1.0,2.0,1.0,16.0,13.0,,,,,
167,2024-10-25,Cornell,Brown,Home,,3,2.0,3.0,5.0,13.0,10.0,,,,,,2.0,2.0,15.0,9.0,,,,2.0,1.0
167,2024-11-02,Cornell,Harvard,Away,,0,4.0,,,12.0,6.0,27.0,,1.0,1.0,,4.0,3.0,16.0,7.0,30.0,,1.0,1.0,
167,2024-11-03,Cornell,Boston U.,Away,,2,1.0,2.0,,6.0,4.0,,,,1.0,,1.0,,5.0,3.0,,,,,
172,2024-09-06,Dartmouth,Lafayette,Home,,0,3.0,,,7.0,1.0,,,,,,3.0,1.0,18.0,11.0,,,,,
172,2024-09-08,Dartmouth,Massachusetts,Away,,0,6.0,,,1.0,1.0,,,,2.0,,6.0,6.0,28.0,20.0,,,,1.0,
172,2024-09-12,Dartmouth,Providence,Away,,2,4.0,2.0,2.0,7.0,5.0,,,,,,4.0,4.0,12.0,10.0,,,,,
172,2024-09-15,Dartmouth,Sacred Heart,Home,,3,2.0,3.0,4.0,10.0,8.0,,,,,,2.0,2.0,7.0,4.0,,,,,
172,2024-09-21,Dartmouth,Harvard,Home,,1,3.0,1.0,1.0,6.0,4.0,,,1.0,,,3.0,1.0,14.0,9.0,,,,2.0,
172,2024-09-27,Dartmouth,Cornell,Home,,1,3.0,1.0,2.0,9.0,4.0,,,1.0,3.0,,3.0,2.0,7.0,6.0,,,1.0,3.0,
172,2024-09-29,Dartmouth,Bryant,Home,,3,,3.0,3.0,24.0,14.0,,,,2.0,1.0,2.0,2.0,5.0,4.0,,,2.0,2.0,
172,2024-10-04,Dartmouth,Brown,Away,,1,8.0,1.0,,12.0,4.0,,,,1.0,,8.0,6.0,34.0,22.0,,,1.0,2.0,
172,2024-10-06,Dartmouth,Vermont,Home,,0,7.0,,,12.0,7.0,,,,,,7.0,7.0,20.0,17.0,,,,1.0,
172,2024-10-11,Dartmouth,Penn,Home,,0,3.0,,,3.0,3.0,,,2.0,1.0,,3.0,2.0,14.0,6.0,,,,1.0,
172,2024-10-13,Dartmouth,Colgate,Home,,7,0.0,7.0,7.0,25.0,17.0,,,,,,,,4.0,2.0,,,,,1.0
172,2024-10-18,Dartmouth,Yale,Home,,0,4.0,,,1.0,,,,,,1.0,4.0,1.0,21.0,14.0,,,,,
172,2024-10-20,Dartmouth,UMass Lowell,Away,,1,5.0,1.0,,10.0,7.0,,,,,,5.0,5.0,28.0,14.0,,,,1.0,
172,2024-10-22,Dartmouth,Holy Cross,Away,,2,4.0,2.0,2.0,15.0,13.0,,,,,,4.0,4.0,14.0,12.0,,,,,3.0
172,2024-10-27,Dartmouth,Princeton,Away,,1,5.0,1.0,,5.0,2.0,,,,,,5.0,6.0,17.0,12.0,,,,,
172,2024-11-03,Dartmouth,Columbia,Away,,1,4.0,1.0,1.0,12.0,7.0,23.0,,,2.0,,4.0,4.0,13.0,9.0,26.0,,,1.0,
173,2024-09-01,Davidson,Towson,Home,,1,0.0,1.0,1.0,15.0,7.0,,,,,,,,6.0,3.0,,,,2.0,
173,2024-09-06,Davidson,Longwood,Away,,1,2.0,1.0,1.0,15.0,7.0,40.0,,,,,2.0,,10.0,4.0,50.0,,,1.0,
173,2024-09-08,Davidson,Queens (NC),Away,,4,1.0,4.0,4.0,16.0,13.0,26.0,,,1.0,1.0,1.0,1.0,2.0,2.0,42.0,,,2.0,
173,2024-09-15,Davidson,App State,Home,,2,7.0,2.0,2.0,14.0,9.0,,,,1.0,,7.0,4.0,21.0,16.0,,,,,
173,2024-09-20,Davidson,Saint Joseph's,Home,,0,5.0,,,3.0,1.0,,,,1.0,,5.0,3.0,20.0,10.0,,,,2.0,
173,2024-09-22,Davidson,Saint Francis,Home,,1,0.0,1.0,,9.0,3.0,,,,,2.0,,,9.0,3.0,,,,,
173,2024-09-27,Davidson,Richmond,Away,,4,,4.0,2.0,15.0,11.0,,,,1.0,,5.0,7.0,16.0,6.0,,,,2.0,
173,2024-09-29,Davidson,Bellarmine,Home,,2,1.0,2.0,2.0,16.0,6.0,,,,,,1.0,1.0,6.0,2.0,,,,1.0,2.0
173,2024-10-04,Davidson,VCU,Home,,1,2.0,1.0,,16.0,6.0,,,,1.0,,2.0,4.0,14.0,4.0,,,,2.0,
173,2024-10-06,Davidson,Wake Forest,Away,,0,6.0,,,4.0,3.0,,,1.0,1.0,,6.0,2.0,19.0,12.0,,,,,
173,2024-10-11,Davidson,Saint Louis,Away,,3,2.0,3.0,4.0,23.0,13.0,,,,1.0,,2.0,3.0,12.0,5.0,,,1.0,1.0,
173,2024-10-20,Davidson,La Salle,Away,,2,0.0,2.0,1.0,19.0,14.0,18.0,,,,,,,10.0,5.0,34.0,,,,
173,2024-10-25,Davidson,Lock Haven,Home,,3,2.0,3.0,1.0,14.0,8.0,,,,,,2.0,2.0,9.0,4.0,,,,1.0,
173,2024-10-27,Davidson,Ohio,Away,,1,2.0,1.0,1.0,9.0,4.0,,,,,1.0,2.0,2.0,13.0,7.0,,,,,2.0
173,2024-11-01,Davidson,Massachusetts,Away,,0,4.0,,,,,,,,2.0,,4.0,4.0,29.0,15.0,,,,,
180,2024-09-01,Delaware,Lafayette,Away,,0,1.0,,,10.0,5.0,26.0,,1.0,1.0,,1.0,,11.0,6.0,43.0,,,1.0,
180,2024-09-06,Delaware,Bucknell,Away,,1,,1.0,1.0,18.0,9.0,,,1.0,1.0,1.0,,,11.0,7.0,,,1.0,2.0,1.0
180,2024-09-08,Delaware,Penn St.,Home,,4,5.0,4.0,3.0,11.0,6.0,17.0,,1.0,,,5.0,3.0,18.0,13.0,21.0,,,,
180,2024-09-14,Delaware,New Hampshire,Home,,4,2.0,4.0,3.0,15.0,9.0,,,,2.0,,2.0,,14.0,5.0,,,,3.0,
180,2024-09-15,Delaware,Iowa,Away,,0,1.0,,,3.0,1.0,,,,1.0,1.0,1.0,1.0,9.0,6.0,,,,1.0,
180,2024-09-20,Delaware,Towson,Away,,1,0.0,1.0,1.0,13.0,5.0,,,,2.0,,,,7.0,1.0,,,2.0,1.0,
180,2024-09-22,Delaware,American,Away,,1,0.0,1.0,1.0,9.0,7.0,,,1.0,3.0,2.0,,,17.0,9.0,,,,,
180,2024-09-27,Delaware,Hofstra,Home,,4,0.0,4.0,4.0,15.0,10.0,28.0,,,2.0,,,,1.0,1.0,31.0,,,,1.0
180,2024-09-29,Delaware,UConn,Home,,1,,1.0,1.0,11.0,6.0,41.0,,1.0,1.0,,2.0,1.0,19.0,8.0,45.0,,,2.0,1.0
180,2024-10-04,Delaware,Monmouth,Away,,2,1.0,2.0,3.0,7.0,4.0,,,,1.0,,1.0,2.0,17.0,9.0,,,,,
180,2024-10-06,Delaware,Saint Joseph's,Home,,0,,,,7.0,3.0,47.0,,,,1.0,1.0,2.0,16.0,10.0,37.0,,,1.0,
180,2024-10-11,Delaware,William & Mary,Away,,1,2.0,1.0,1.0,14.0,10.0,,,,,,2.0,1.0,7.0,3.0,,,,2.0,
180,2024-10-13,Delaware,Princeton,Away,,1,,1.0,1.0,5.0,2.0,,,,1.0,1.0,2.0,3.0,21.0,10.0,,,,,
180,2024-10-18,Delaware,Northeastern,Home,,1,2.0,1.0,1.0,17.0,7.0,23.0,,,1.0,1.0,2.0,1.0,9.0,3.0,19.0,,,2.0,
180,2024-10-20,Delaware,Columbia,Away,,2,,2.0,3.0,15.0,8.0,28.0,,1.0,3.0,,1.0,,8.0,3.0,20.0,,,,
180,2024-10-27,Delaware,Penn,Away,,2,1.0,2.0,3.0,8.0,5.0,,,,2.0,,1.0,1.0,10.0,7.0,,,,1.0,
180,2024-11-01,Delaware,Drexel,Home,,1,,1.0,,4.0,1.0,46.0,,,,,2.0,2.0,16.0,5.0,46.0,,1.0,1.0,
180,2024-11-03,Delaware,Fairfield,Home,,2,0.0,2.0,2.0,7.0,4.0,42.0,,,,,,,6.0,2.0,47.0,,1.0,3.0,1.0
180,2024-11-08,Delaware,Northeastern,Away,,3,1.0,3.0,3.0,7.0,3.0,11.0,,,1.0,1.0,1.0,,8.0,4.0,10.0,,,1.0,
180,2024-11-10,Delaware,Monmouth,Home,,4,,4.0,4.0,15.0,9.0,32.0,,,2.0,,3.0,2.0,10.0,5.0,31.0,,,1.0,
180,2024-11-13,Delaware,Fairfield,Home,,2,,2.0,3.0,10.0,7.0,,,,2.0,,1.0,1.0,9.0,3.0,,,,1.0,
180,2024-11-15,Delaware,North Carolina,Away,,0,4.0,,,,,,,,1.0,2.0,4.0,3.0,27.0,23.0,,,1.0,1.0,
191,2024-08-30,Drexel,Sacred Heart,Home,,2,1.0,2.0,1.0,19.0,13.0,29.0,,,,,1.0,1.0,5.0,5.0,24.0,,,,1.0
191,2024-09-01,Drexel,Maryland,Away,,0,2.0,,,3.0,2.0,,,,,,2.0,,13.0,5.0,,,,2.0,
191,2024-09-06,Drexel,Villanova,Away,,3,2.0,3.0,2.0,19.0,10.0,37.0,,,3.0,,2.0,4.0,9.0,6.0,34.0,,1.0,1.0,
191,2024-09-08,Drexel,Yale,Home,,1,,1.0,,10.0,8.0,39.0,,,1.0,,2.0,2.0,6.0,5.0,28.0,,,2.0,
191,2024-09-15,Drexel,UAlbany,Away,,1,3.0,1.0,,2.0,2.0,,,,1.0,,3.0,1.0,7.0,6.0,,,,3.0,
191,2024-09-20,Drexel,Northeastern,Home,,1,0.0,1.0,,18.0,6.0,32.0,,,1.0,,,,9.0,5.0,41.0,,,1.0,
191,2024-09-22,Drexel,Penn,Home,,2,1.0,2.0,2.0,5.0,3.0,21.0,,,1.0,,1.0,,13.0,4.0,22.0,,,1.0,
191,2024-09-27,Drexel,Monmouth,Home,,2,1.0,2.0,,17.0,9.0,20.0,,,,,1.0,1.0,5.0,2.0,34.0,,,,
191,2024-09-29,Drexel,Rider,Home,,4,0.0,4.0,4.0,20.0,9.0,11.0,,,,,,,10.0,5.0,17.0,,,1.0,
191,2024-10-04,Drexel,Towson,Away,,1,0.0,1.0,1.0,11.0,7.0,,,,2.0,,,,5.0,5.0,,,,,
191,2024-10-06,Drexel,Saint Francis,Home,,2,1.0,2.0,2.0,26.0,12.0,26.0,,,2.0,,1.0,1.0,6.0,2.0,21.0,,1.0,3.0,
191,2024-10-11,Drexel,Hofstra,Home,,1,,1.0,1.0,19.0,14.0,23.0,,,1.0,,,,1.0,1.0,32.0,,1.0,1.0,
191,2024-10-13,Drexel,La Salle,Home,,3,1.0,3.0,3.0,12.0,6.0,12.0,,,,,1.0,,9.0,3.0,21.0,,,1.0,
191,2024-10-18,Drexel,Lafayette,Home,,3,2.0,3.0,2.0,12.0,8.0,21.0,,,,,2.0,1.0,11.0,6.0,30.0,,,,
191,2024-10-20,Drexel,Saint Joseph's,Away,,0,4.0,,,1.0,,,,,,,4.0,3.0,14.0,10.0,,,,1.0,
191,2024-10-25,Drexel,William & Mary,Away,,5,0.0,5.0,5.0,17.0,13.0,,,,3.0,,,,5.0,4.0,,,1.0,1.0,1.0
191,2024-10-27,Drexel,Wagner,Home,,2,,2.0,3.0,10.0,6.0,20.0,,,1.0,,1.0,1.0,11.0,6.0,29.0,,,1.0,
191,2024-11-01,Drexel,Delaware,Away,,2,,2.0,2.0,16.0,5.0,46.0,,1.0,1.0,,1.0,,4.0,1.0,46.0,,,,
191,2024-11-08,Drexel,Monmouth,Home,,1,2.0,1.0,,12.0,7.0,24.0,,,,,2.0,1.0,12.0,3.0,24.0,,1.0,1.0,
193,2024-08-30,Duke,William & Mary,Home,,5,0.0,5.0,3.0,28.0,15.0,,,,2.0,,,,,,,,,,
193,2024-09-01,Duke,UMass Lowell,Home,,3,1.0,3.0,3.0,17.0,11.0,,,,2.0,,1.0,2.0,5.0,3.0,,,,1.0,
193,2024-09-06,Duke,Northwestern,Away,,0,2.0,,,12.0,8.0,,,2.0,1.0,1.0,2.0,3.0,8.0,3.0,,,,2.0,
193,2024-09-08,Duke,Maryland,Home,,1,0.0,1.0,,3.0,1.0,,,2.0,2.0,,,,10.0,4.0,,,,1.0,
193,2024-09-13,Duke,Old Dominion,Away,,2,0.0,2.0,1.0,8.0,6.0,,,,1.0,,,,6.0,2.0,,,,1.0,1.0
193,2024-09-15,Duke,Liberty,Away,,0,1.0,,,14.0,5.0,,,,,,1.0,,6.0,3.0,,,,3.0,
193,2024-09-22,Duke,Saint Joseph's,Home,,0,,,,10.0,3.0,,,,2.0,,,,14.0,2.0,,,,2.0,
193,2024-09-27,Duke,Virginia,Home,,0,1.0,,,4.0,1.0,,,,2.0,,1.0,2.0,8.0,2.0,,,,1.0,
193,2024-09-29,Duke,Syracuse,Home,,1,,,,19.0,7.0,,,,1.0,,,,9.0,3.0,,,,,
193,2024-10-04,Duke,California,Away,,4,0.0,4.0,4.0,10.0,6.0,,,,,,,,7.0,2.0,,,,,
193,2024-10-06,Duke,Stanford,Away,,3,0.0,3.0,4.0,14.0,7.0,,,,1.0,,,,6.0,3.0,,,,,
193,2024-10-11,Duke,Wake Forest,Away,,2,0.0,2.0,1.0,15.0,5.0,,,,1.0,,,,4.0,2.0,,,,,
193,2024-10-18,Duke,Louisville,Away,,3,0.0,3.0,3.0,16.0,10.0,,,,,,,,6.0,2.0,,,,,1.0
193,2024-10-20,Duke,VCU,Home,,4,0.0,4.0,3.0,10.0,7.0,,,,,,,,4.0,3.0,,,,1.0,
193,2024-10-25,Duke,Boston College,Home,,1,0.0,1.0,1.0,10.0,5.0,,,,1.0,,,,6.0,2.0,,,,1.0,
193,2024-11-01,Duke,North Carolina,Home,,2,5.0,2.0,2.0,9.0,5.0,,,,1.0,,5.0,4.0,10.0,9.0,,,1.0,2.0,
193,2024-11-05,Duke,Wake Forest,Away,,4,1.0,4.0,3.0,17.0,9.0,,,,1.0,,1.0,1.0,4.0,2.0,,,,2.0,
193,2024-11-06,Duke,Boston College,Home,,1,,1.0,1.0,9.0,6.0,,,1.0,2.0,,1.0,2.0,3.0,1.0,,,2.0,1.0,
193,2024-11-15,Duke,Maryland,Home,,1,0.0,1.0,1.0,7.0,3.0,,,,1.0,,,,5.0,3.0,,,,,
193,2024-11-17,Duke,North Carolina,Away,,0,3.0,,,6.0,1.0,,,,1.0,1.0,3.0,2.0,15.0,12.0,,,1.0,1.0,
220,2024-08-30,Fairfield,Bryant,Away,,1,2.0,1.0,1.0,15.0,7.0,18.0,,,1.0,,2.0,1.0,5.0,3.0,19.0,,,1.0,
220,2024-09-06,Fairfield,Holy Cross,Home,,5,0.0,5.0,5.0,16.0,12.0,22.0,,,,,,,4.0,3.0,8.0,,,,
220,2024-09-08,Fairfield,La Salle,Home,,1,2.0,1.0,1.0,15.0,6.0,21.0,,,1.0,,2.0,2.0,8.0,5.0,15.0,,,,
220,2024-09-13,Fairfield,Yale,Home,,0,1.0,,,10.0,1.0,37.0,,,1.0,,1.0,,7.0,5.0,27.0,,,1.0,
220,2024-09-15,Fairfield,Lehigh,Away,,0,2.0,,,16.0,7.0,,,,1.0,1.0,2.0,,12.0,4.0,,,,,1.0
220,2024-09-20,Fairfield,New Hampshire,Home,,2,1.0,2.0,2.0,10.0,5.0,20.0,,,,,1.0,1.0,13.0,9.0,36.0,,,1.0,
220,2024-09-27,Fairfield,Rider,Away,,0,1.0,,,14.0,8.0,66.0,,1.0,3.0,,1.0,1.0,6.0,5.0,54.0,,,2.0,
220,2024-09-29,Fairfield,Maine,Home,,2,1.0,2.0,3.0,9.0,7.0,35.0,,,1.0,,1.0,1.0,12.0,9.0,27.0,,,,
220,2024-10-04,Fairfield,Wagner,Home,,3,1.0,3.0,3.0,12.0,9.0,28.0,,,,1.0,1.0,,12.0,4.0,19.0,,,,
220,2024-10-06,Fairfield,Mercyhurst,Home,,9,1.0,9.0,10.0,34.0,23.0,20.0,,,,,1.0,,2.0,1.0,11.0,,,,
220,2024-10-11,Fairfield,LIU,Away,,2,0.0,2.0,2.0,8.0,5.0,,,1.0,3.0,1.0,,,10.0,5.0,,,1.0,3.0,
220,2024-10-13,Fairfield,Merrimack,Home,,8,0.0,8.0,7.0,31.0,22.0,24.0,,,,,,,1.0,1.0,8.0,,,,2.0
220,2024-10-18,Fairfield,Sacred Heart,Away,,1,0.0,1.0,,16.0,8.0,35.0,,1.0,1.0,,,,12.0,3.0,27.0,,,,
220,2024-10-20,Fairfield,Hofstra,Home,,1,0.0,1.0,1.0,15.0,10.0,31.0,,,2.0,1.0,,,7.0,5.0,19.0,,,1.0,1.0
220,2024-10-25,Fairfield,Saint Francis,Away,,1,2.0,1.0,1.0,8.0,7.0,37.0,,,1.0,,2.0,,6.0,5.0,45.0,,,,
220,2024-10-27,Fairfield,Villanova,Away,,3,4.0,3.0,4.0,6.0,3.0,28.0,,,,,4.0,2.0,14.0,5.0,33.0,,,1.0,
220,2024-11-01,Fairfield,Stonehill,Home,,4,1.0,4.0,6.0,14.0,11.0,20.0,,,1.0,,1.0,1.0,8.0,3.0,21.0,,,,
220,2024-11-03,Fairfield,Delaware,Away,,0,2.0,,,6.0,2.0,47.0,,1.0,3.0,1.0,2.0,2.0,7.0,4.0,42.0,,,,
220,2024-11-07,Fairfield,Rider,Home,,2,1.0,2.0,2.0,8.0,7.0,,,,1.0,,1.0,,6.0,3.0,,,,2.0,
220,2024-11-09,Fairfield,Wagner,Away,,2,1.0,2.0,1.0,6.0,5.0,,,,,,1.0,,12.0,8.0,,,,1.0,
220,2024-11-13,Fairfield,Delaware,Home,,1,,1.0,1.0,9.0,3.0,,,,1.0,,2.0,3.0,10.0,7.0,,,,2.0,
251,2024-09-01,Georgetown,App State,Away,,0,3.0,,,5.0,4.0,,,,,,3.0,1.0,42.0,24.0,,,,1.0,
251,2024-09-06,Georgetown,Lock Haven,Away,,2,1.0,2.0,2.0,9.0,5.0,9.0,,,1.0,,1.0,1.0,8.0,4.0,8.0,,,3.0,
251,2024-09-08,Georgetown,Saint Francis,Away,,0,1.0,,,6.0,3.0,42.0,,,1.0,,1.0,,15.0,7.0,38.0,,,,
251,2024-09-13,Georgetown,Towson,Away,,4,5.0,4.0,3.0,6.0,5.0,,,,,,5.0,5.0,16.0,10.0,,,,3.0,
251,2024-09-15,Georgetown,Rider,Home,,2,3.0,2.0,2.0,9.0,6.0,30.0,,,2.0,1.0,3.0,3.0,21.0,14.0,33.0,,,1.0,
251,2024-09-20,Georgetown,Villanova,Away,,1,6.0,1.0,,12.0,5.0,44.0,,1.0,2.0,,6.0,5.0,23.0,14.0,32.0,,,,
251,2024-09-22,Georgetown,LIU,Home,,3,2.0,3.0,4.0,7.0,5.0,44.0,,1.0,4.0,,2.0,,13.0,7.0,34.0,,,1.0,
251,2024-09-27,Georgetown,UConn,Home,,0,5.0,,,2.0,1.0,47.0,,,1.0,,5.0,5.0,23.0,17.0,39.0,,,1.0,
251,2024-10-04,Georgetown,Quinnipiac,Away,,2,,2.0,2.0,9.0,5.0,56.0,,,1.0,,1.0,1.0,12.0,6.0,51.0,,,2.0,
251,2024-10-06,Georgetown,Sacred Heart,Away,,1,2.0,1.0,,8.0,7.0,43.0,,,,1.0,2.0,3.0,15.0,7.0,25.0,,,2.0,
251,2024-10-10,Georgetown,Old Dominion,Home,,0,5.0,,,,,37.0,,,,,5.0,6.0,22.0,13.0,21.0,,,,
251,2024-10-13,Georgetown,Richmond,Away,,1,3.0,1.0,2.0,10.0,5.0,,,,,,3.0,3.0,16.0,9.0,,,,1.0,
251,2024-10-18,Georgetown,Temple,Away,,0,3.0,,,9.0,2.0,,,,1.0,,3.0,3.0,17.0,5.0,,,,1.0,
251,2024-10-25,Georgetown,Providence,Home,,1,4.0,1.0,,7.0,5.0,32.0,,,,,4.0,3.0,14.0,11.0,32.0,,,3.0,1.0
251,2024-10-26,Georgetown,VCU,Home,,0,4.0,,,3.0,1.0,21.0,,,1.0,,4.0,2.0,24.0,17.0,25.0,,,2.0,
251,2024-11-01,Georgetown,Liberty,Away,,0,6.0,,,2.0,1.0,,,,2.0,,6.0,5.0,25.0,15.0,,,,,1.0
251,2024-11-03,Georgetown,Longwood,Away,,1,,1.0,,18.0,12.0,59.0,,,1.0,,1.0,2.0,18.0,9.0,31.0,,,1.0,1.0
275,2024-09-06,Harvard,William & Mary,Away,,6,0.0,6.0,5.0,26.0,23.0,,,,1.0,,,,1.0,,,,,1.0,2.0
275,2024-09-08,Harvard,Wake Forest,Away,,1,0.0,1.0,,11.0,5.0,,,1.0,2.0,,,,11.0,3.0,,,1.0,3.0,
275,2024-09-13,Harvard,UAlbany,Home,,2,,2.0,,8.0,6.0,18.0,,,1.0,,3.0,4.0,13.0,11.0,14.0,,,3.0,1.0
275,2024-09-15,Harvard,UConn,Home,,3,2.0,3.0,3.0,14.0,10.0,35.0,,2.0,2.0,,2.0,,6.0,4.0,30.0,,,,2.0
275,2024-09-21,Harvard,Dartmouth,Away,,3,1.0,3.0,1.0,14.0,9.0,,,,2.0,,1.0,1.0,6.0,4.0,,,1.0,,
275,2024-09-22,Harvard,Vermont,Away,,4,1.0,4.0,2.0,26.0,15.0,,,,1.0,,1.0,1.0,6.0,4.0,,,,2.0,
275,2024-09-28,Harvard,Brown,Away,,4,0.0,4.0,4.0,18.0,13.0,,,1.0,3.0,,,,6.0,4.0,,,,1.0,
275,2024-09-29,Harvard,Massachusetts,Home,,2,,1.0,2.0,12.0,8.0,,,1.0,2.0,4.0,1.0,1.0,17.0,13.0,,,,,1.0
275,2024-10-04,Harvard,Yale,Home,,3,1.0,3.0,1.0,12.0,7.0,13.0,,,1.0,,1.0,1.0,7.0,3.0,6.0,,,1.0,
275,2024-10-06,Harvard,Boston U.,Home,,2,1.0,2.0,1.0,14.0,11.0,31.0,,,1.0,,1.0,,6.0,5.0,24.0,,,1.0,
275,2024-10-11,Harvard,Columbia,Away,,9,3.0,9.0,,21.0,14.0,15.0,,,,1.0,3.0,1.0,7.0,6.0,16.0,,,,
275,2024-10-13,Harvard,Northwestern,Away,,2,3.0,2.0,1.0,8.0,5.0,,,,2.0,,3.0,1.0,18.0,11.0,,,,2.0,
275,2024-10-19,Harvard,Princeton,Home,,1,,1.0,1.0,7.0,4.0,22.0,,,1.0,,2.0,3.0,10.0,7.0,27.0,,,2.0,
275,2024-10-25,Harvard,Penn,Away,,2,1.0,2.0,1.0,12.0,6.0,,,,2.0,,1.0,1.0,6.0,4.0,,,,1.0,
275,2024-10-27,Harvard,Saint Joseph's,Away,,2,,2.0,1.0,6.0,4.0,,,,1.0,,1.0,,7.0,4.0,,,,,
275,2024-11-02,Harvard,Cornell,Home,,4,0.0,4.0,3.0,16.0,7.0,30.0,,1.0,1.0,,,,12.0,6.0,27.0,,1.0,1.0,
275,2024-11-08,Harvard,Brown,Home,,1,,1.0,1.0,10.0,5.0,,,1.0,,,,,6.0,4.0,,,,1.0,
275,2024-11-10,Harvard,Princeton,Away,,2,,2.0,1.0,8.0,7.0,,,,1.0,,1.0,1.0,11.0,6.0,,,,2.0,1.0
275,2024-11-15,Harvard,Syracuse,Home,,1,,1.0,,8.0,4.0,,,,,,,,6.0,4.0,,,1.0,1.0,1.0
275,2024-11-17,Harvard,Massachusetts,Home,,0,1.0,,,3.0,3.0,,,,2.0,2.0,1.0,,9.0,7.0,,,,1.0,
283,2024-09-01,Hofstra,Old Dominion,Home,,0,3.0,,,2.0,2.0,27.0,,,1.0,,3.0,,19.0,13.0,38.0,,,,
283,2024-09-06,Hofstra,Maine,Away,,1,3.0,1.0,,8.0,7.0,35.0,,,1.0,2.0,3.0,4.0,14.0,11.0,33.0,,,,
283,2024-09-07,Hofstra,Central Mich.,Home,,2,,2.0,3.0,12.0,6.0,29.0,,2.0,,,3.0,3.0,13.0,10.0,26.0,,,,
283,2024-09-13,Hofstra,Sacred Heart,Away,,2,,1.0,,12.0,6.0,,,1.0,2.0,,1.0,1.0,12.0,5.0,,,,1.0,
283,2024-09-15,Hofstra,LIU,Home,,3,2.0,3.0,3.0,12.0,5.0,28.0,,,1.0,,2.0,2.0,7.0,4.0,32.0,,,1.0,
283,2024-09-20,Hofstra,Monmouth,Home,,0,7.0,,,10.0,4.0,35.0,,,1.0,,7.0,4.0,25.0,14.0,31.0,,,1.0,
283,2024-09-22,Hofstra,Wagner,Away,,0,4.0,,,8.0,3.0,,,,1.0,2.0,4.0,1.0,19.0,15.0,,,,,
283,2024-09-27,Hofstra,Delaware,Away,,0,4.0,,,1.0,1.0,31.0,,,,1.0,4.0,4.0,15.0,10.0,28.0,,,2.0,
283,2024-10-04,Hofstra,UAlbany,Home,,0,3.0,,,1.0,,13.0,,,,,3.0,3.0,12.0,6.0,41.0,,,,
283,2024-10-06,Hofstra,Columbia,Home,,0,3.0,,,9.0,5.0,35.0,,2.0,1.0,,3.0,4.0,14.0,8.0,31.0,,,1.0,
283,2024-10-11,Hofstra,Drexel,Away,,0,,,,1.0,1.0,32.0,,1.0,1.0,,1.0,1.0,19.0,14.0,23.0,,,1.0,
283,2024-10-13,Hofstra,Rider,Home,,1,3.0,1.0,1.0,15.0,8.0,39.0,,,2.0,,3.0,2.0,15.0,8.0,38.0,,2.0,1.0,
283,2024-10-15,Hofstra,Yale,Home,,1,,1.0,2.0,3.0,1.0,33.0,,,,1.0,2.0,1.0,19.0,11.0,37.0,,,,
283,2024-10-18,Hofstra,William & Mary,Home,,2,0.0,2.0,2.0,14.0,9.0,26.0,,,1.0,,,,11.0,6.0,18.0,,2.0,1.0,
283,2024-10-20,Hofstra,Fairfield,Away,,0,1.0,,,7.0,5.0,19.0,,,1.0,1.0,1.0,1.0,15.0,10.0,31.0,,,2.0,1.0
283,2024-10-25,Hofstra,Towson,Away,,3,2.0,3.0,2.0,8.0,5.0,,,1.0,2.0,,2.0,3.0,11.0,6.0,,,1.0,1.0,
283,2024-10-27,Hofstra,American,Away,,1,2.0,1.0,1.0,4.0,3.0,,,,1.0,1.0,2.0,,31.0,20.0,,,,,
283,2024-11-01,Hofstra,Northeastern,Home,,1,3.0,1.0,1.0,8.0,5.0,41.0,,,1.0,,3.0,2.0,16.0,11.0,38.0,,,1.0,
283,2024-11-03,Hofstra,Vermont,Away,,0,4.0,,,7.0,6.0,,,,,1.0,4.0,3.0,16.0,10.0,,,,2.0,1.0
285,2024-08-30,Holy Cross,Stonehill,Home,,3,1.0,3.0,3.0,7.0,4.0,,,,,,1.0,1.0,8.0,4.0,,,1.0,1.0,
285,2024-09-01,Holy Cross,LIU,Home,,4,,4.0,3.0,9.0,9.0,,,,2.0,,3.0,2.0,9.0,8.0,,,,2.0,
285,2024-09-06,Holy Cross,Fairfield,Away,,0,5.0,,,4.0,3.0,8.0,,,,,5.0,5.0,16.0,12.0,22.0,,,,
285,2024-09-13,Holy Cross,Merrimack,Home,,7,0.0,7.0,5.0,29.0,23.0,,,,,1.0,,,7.0,7.0,,,2.0,1.0,
285,2024-09-15,Holy Cross,Northeastern,Home,,1,2.0,1.0,1.0,5.0,3.0,,,,,1.0,2.0,2.0,15.0,9.0,,,,1.0,
285,2024-09-20,Holy Cross,Lafayette,Home,,0,3.0,,,9.0,7.0,,,,,,3.0,2.0,16.0,14.0,,,,,
285,2024-09-22,Holy Cross,Providence,Away,,3,,3.0,1.0,10.0,6.0,,,,1.0,,3.0,4.0,14.0,9.0,,,1.0,2.0,
285,2024-09-25,Holy Cross,Sacred Heart,Home,,2,1.0,2.0,2.0,9.0,8.0,,,,1.0,1.0,1.0,1.0,22.0,18.0,,,,1.0,
285,2024-09-28,Holy Cross,Bucknell,Home,,1,5.0,1.0,1.0,8.0,6.0,,,,1.0,,5.0,7.0,18.0,15.0,,,1.0,1.0,
285,2024-10-04,Holy Cross,Boston U.,Away,,2,3.0,2.0,1.0,12.0,7.0,,,,1.0,,3.0,3.0,14.0,11.0,,,1.0,,
285,2024-10-06,Holy Cross,Rider,Home,,4,2.0,4.0,2.0,14.0,12.0,,,,2.0,2.0,2.0,2.0,20.0,15.0,,,,2.0,
285,2024-10-13,Holy Cross,Maine,Away,,0,2.0,,,6.0,4.0,50.0,,,2.0,1.0,2.0,2.0,12.0,7.0,55.0,,,2.0,1.0
285,2024-10-19,Holy Cross,American,Home,,1,5.0,1.0,1.0,6.0,2.0,,,,2.0,,5.0,4.0,17.0,16.0,,,,,
285,2024-10-22,Holy Cross,Dartmouth,Home,,4,2.0,4.0,4.0,14.0,12.0,,,,,3.0,2.0,2.0,15.0,13.0,,,,,
285,2024-10-25,Holy Cross,Colgate,Away,,0,1.0,,,16.0,11.0,20.0,,,,1.0,1.0,,11.0,7.0,21.0,,,,1.0
285,2024-10-27,Holy Cross,Bryant,Home,,3,2.0,3.0,3.0,20.0,14.0,,,,2.0,,2.0,2.0,7.0,4.0,,,1.0,1.0,
285,2024-11-02,Holy Cross,Lehigh,Away,,2,5.0,2.0,2.0,6.0,4.0,,,,1.0,1.0,5.0,3.0,20.0,14.0,,,,,
306,2024-08-30,Indiana,Kent St.,Away,,3,1.0,3.0,1.0,18.0,8.0,,,,,,1.0,1.0,7.0,4.0,,,,1.0,
306,2024-08-31,Indiana,Liberty,Home,,1,,1.0,1.0,7.0,5.0,,,2.0,2.0,,2.0,2.0,11.0,9.0,,,,,
306,2024-09-02,Indiana,Maine,Home,,2,4.0,2.0,3.0,20.0,10.0,,,,,,4.0,4.0,11.0,6.0,,,,1.0,
306,2024-09-11,Indiana,Miami (OH),Home,,0,1.0,,,10.0,6.0,,,,2.0,2.0,1.0,2.0,16.0,10.0,,,2.0,3.0,
306,2024-09-13,Indiana,Ball St.,Home,,2,0.0,2.0,,24.0,15.0,,,,1.0,,,,3.0,1.0,,,,1.0,
306,2024-09-22,Indiana,Northwestern,Home,,0,1.0,,,14.0,8.0,,,,2.0,,1.0,,12.0,4.0,,,,2.0,
306,2024-09-27,Indiana,Penn St.,Away,,2,3.0,2.0,2.0,10.0,5.0,,,,,,3.0,3.0,10.0,6.0,,,,2.0,
306,2024-09-29,Indiana,Lock Haven,Away,,3,0.0,3.0,2.0,20.0,13.0,7.0,,,2.0,,,,5.0,4.0,4.0,,1.0,,
306,2024-10-04,Indiana,Maryland,Home,,0,3.0,,,8.0,3.0,,,,1.0,,3.0,1.0,12.0,9.0,,,,1.0,
306,2024-10-06,Indiana,Rutgers,Home,,4,,4.0,1.0,15.0,8.0,,,,2.0,,3.0,6.0,8.0,7.0,,,,3.0,
306,2024-10-11,Indiana,Iowa,Away,,2,,2.0,3.0,15.0,6.0,,,,2.0,,1.0,,9.0,5.0,,,,3.0,
306,2024-10-12,Indiana,Monmouth,Home,,4,0.0,4.0,5.0,7.0,7.0,,,,,,,,4.0,3.0,,,,,
306,2024-10-18,Indiana,California,Home,,2,0.0,2.0,,18.0,12.0,,,,1.0,,,,10.0,8.0,,,,,2.0
306,2024-10-20,Indiana,Stanford,Home,,1,2.0,1.0,,25.0,7.0,,,,,,2.0,3.0,6.0,4.0,,,,2.0,1.0
306,2024-10-25,Indiana,Ohio St.,Away,,1,,1.0,,10.0,4.0,,,,1.0,,1.0,,18.0,6.0,,,,2.0,
306,2024-10-27,Indiana,Michigan,Away,,2,1.0,2.0,,4.0,2.0,,,,2.0,,1.0,1.0,10.0,4.0,,,,1.0,
306,2024-11-01,Indiana,Michigan St.,Home,,1,0.0,1.0,1.0,14.0,10.0,,,,,,,,7.0,,,,,,3.0
306,2024-11-07,Indiana,Michigan,Home,,1,,1.0,2.0,7.0,4.0,46.0,,1.0,,,2.0,2.0,12.0,7.0,35.0,,2.0,2.0,
312,2024-08-30,Iowa,Wake Forest,Home,,1,,,,13.0,6.0,,,1.0,2.0,,,,7.0,2.0,,,,3.0,
312,2024-09-01,Iowa,North Carolina,Home,,1,2.0,1.0,,4.0,2.0,,,,1.0,1.0,2.0,2.0,24.0,8.0,,,,,
312,2024-09-06,Iowa,Miami (OH),Home,,2,0.0,2.0,3.0,8.0,4.0,,,,1.0,,,,4.0,,,,,,
312,2024-09-13,Iowa,New Hampshire,Home,,5,0.0,5.0,,14.0,8.0,,,,,,,,6.0,4.0,,,,1.0,
312,2024-09-15,Iowa,Delaware,Home,,1,0.0,1.0,1.0,9.0,6.0,,,,1.0,,,,3.0,1.0,,,,1.0,1.0
312,2024-09-20,Iowa,Northwestern,Away,,0,5.0,,,6.0,4.0,,,,,,5.0,3.0,23.0,15.0,,,,,
312,2024-09-27,Iowa,Rutgers,Away,,2,,2.0,2.0,13.0,8.0,,,,,,2.0,4.0,18.0,5.0,,,,2.0,
312,2024-09-29,Iowa,Villanova,Away,,2,0.0,2.0,1.0,8.0,5.0,42.0,,,1.0,,,,7.0,2.0,34.0,,1.0,2.0,
312,2024-10-04,Iowa,Penn St.,Home,,1,0.0,1.0,1.0,8.0,4.0,,,,2.0,,,,11.0,6.0,,,,2.0,
312,2024-10-06,Iowa,Maryland,Home,,0,5.0,,,3.0,2.0,,,,,,5.0,4.0,10.0,8.0,,,,1.0,
312,2024-10-11,Iowa,Indiana,Home,,1,,1.0,,9.0,5.0,,,,3.0,,2.0,3.0,15.0,6.0,,,,2.0,
312,2024-10-13,Iowa,Monmouth,Home,,1,,1.0,2.0,14.0,7.0,,,,,,1.0,1.0,15.0,9.0,,,,1.0,
312,2024-10-18,Iowa,UC Davis,Home,,5,0.0,5.0,4.0,30.0,12.0,,,,1.0,,,,4.0,2.0,,,,,
312,2024-10-20,Iowa,California,Home,,3,1.0,3.0,4.0,13.0,8.0,,,,1.0,2.0,1.0,,14.0,10.0,,,,1.0,1.0
312,2024-10-25,Iowa,Michigan St.,Away,,1,,1.0,1.0,20.0,11.0,,,1.0,2.0,,2.0,4.0,17.0,4.0,,,2.0,1.0,
312,2024-10-27,Iowa,Ohio St.,Away,,3,0.0,3.0,1.0,8.0,5.0,,,,2.0,,,,11.0,5.0,,,,2.0,
312,2024-11-01,Iowa,Michigan,Home,,0,3.0,,,2.0,,,,,,,3.0,2.0,23.0,10.0,,,,1.0,
312,2024-11-07,Iowa,Maryland,Away,,0,,,,7.0,5.0,30.0,,,2.0,1.0,,,31.0,18.0,26.0,,,1.0,
317,2024-08-30,James Madison,Villanova,Home,,2,1.0,2.0,,11.0,4.0,39.0,,1.0,4.0,1.0,1.0,,13.0,7.0,31.0,,,2.0,
317,2024-09-06,James Madison,American,Home,,3,,3.0,4.0,12.0,11.0,59.0,,1.0,3.0,,2.0,2.0,10.0,7.0,66.0,,,2.0,
317,2024-09-08,James Madison,Monmouth,Home,,3,4.0,3.0,1.0,25.0,14.0,44.0,,,,,4.0,4.0,17.0,8.0,45.0,,,,1.0
317,2024-09-15,James Madison,William & Mary,Home,,4,0.0,4.0,4.0,21.0,12.0,35.0,,1.0,2.0,,,,4.0,3.0,38.0,,,1.0,
317,2024-09-20,James Madison,Miami (OH),Away,,2,1.0,2.0,2.0,4.0,2.0,,,1.0,1.0,,1.0,2.0,3.0,1.0,,,,1.0,
317,2024-09-22,James Madison,California,Home,,0,3.0,,,9.0,2.0,54.0,,,2.0,,3.0,3.0,19.0,13.0,42.0,,,1.0,
317,2024-09-27,James Madison,Central Mich.,Home,,3,2.0,3.0,2.0,25.0,12.0,38.0,,,1.0,,2.0,3.0,3.0,3.0,37.0,,,1.0,2.0
317,2024-09-29,James Madison,Queens (NC),Away,,7,0.0,7.0,3.0,26.0,16.0,13.0,,,1.0,,,,,,24.0,,,,
317,2024-10-04,James Madison,Ohio,Away,,5,1.0,5.0,4.0,21.0,13.0,,,,,,1.0,2.0,4.0,4.0,,,,,2.0
317,2024-10-06,James Madison,Richmond,Home,,2,1.0,2.0,3.0,7.0,5.0,45.0,,,2.0,,1.0,2.0,5.0,4.0,31.0,,1.0,3.0,1.0
317,2024-10-11,James Madison,Kent St.,Home,,3,0.0,3.0,1.0,13.0,9.0,46.0,,,,,,,10.0,3.0,40.0,,,,1.0
317,2024-10-13,James Madison,Old Dominion,Away,,2,,2.0,1.0,7.0,3.0,,,,2.0,,3.0,4.0,22.0,14.0,,,,1.0,
317,2024-10-18,James Madison,Bellarmine,Home,,6,0.0,6.0,5.0,24.0,18.0,30.0,,,1.0,,,,3.0,2.0,38.0,,,1.0,
317,2024-10-20,James Madison,Wake Forest,Home,,2,,2.0,,7.0,6.0,44.0,,1.0,,,3.0,2.0,18.0,12.0,41.0,,,1.0,
317,2024-10-27,James Madison,Ball St.,Away,,4,0.0,4.0,2.0,26.0,20.0,,,,,,,,6.0,2.0,,,,,
317,2024-10-29,James Madison,Liberty,Home,,3,2.0,3.0,3.0,12.0,5.0,31.0,,,2.0,,2.0,2.0,13.0,7.0,30.0,,,,1.0
317,2024-11-01,James Madison,Longwood,Away,,2,0.0,2.0,2.0,12.0,10.0,51.0,,1.0,3.0,,,,4.0,2.0,41.0,,1.0,2.0,
317,2024-11-03,James Madison,App State,Home,,3,4.0,3.0,3.0,7.0,4.0,51.0,,,1.0,,4.0,3.0,17.0,7.0,49.0,,1.0,2.0,
317,2024-11-07,James Madison,Kent St.,Home,,3,2.0,3.0,1.0,18.0,14.0,,,1.0,2.0,,2.0,1.0,9.0,5.0,,,,2.0,
317,2024-11-09,James Madison,Miami (OH),Home,,0,3.0,,,9.0,3.0,,,,1.0,,3.0,4.0,13.0,9.0,,,,1.0,
331,2024-08-30,Kent St.,Indiana,Home,,1,3.0,1.0,1.0,7.0,4.0,,,,1.0,,3.0,1.0,18.0,8.0,,,,,
331,2024-09-01,Kent St.,Liberty,Home,,1,4.0,1.0,2.0,3.0,2.0,,,1.0,2.0,1.0,4.0,2.0,21.0,12.0,,,,2.0,
331,2024-09-05,Kent St.,Stanford,Away,,1,3.0,1.0,,9.0,4.0,,,,,,3.0,1.0,10.0,5.0,,,,2.0,
331,2024-09-06,Kent St.,California,Away,,1,3.0,1.0,2.0,7.0,7.0,7.0,,,1.0,,3.0,4.0,11.0,5.0,4.0,,,1.0,3.0
331,2024-09-08,Kent St.,UC Davis,Away,,0,2.0,,,19.0,9.0,,,,1.0,,2.0,,9.0,6.0,,,,1.0,
331,2024-09-13,Kent St.,Penn St.,Home,,1,4.0,1.0,1.0,5.0,3.0,,,1.0,2.0,1.0,4.0,1.0,28.0,20.0,,,,1.0,
331,2024-09-20,Kent St.,Ball St.,Home,,1,0.0,1.0,1.0,18.0,10.0,,,,1.0,,,,6.0,1.0,,,,,
331,2024-09-27,Kent St.,Longwood,Away,,2,1.0,2.0,,9.0,4.0,46.0,,,1.0,1.0,1.0,1.0,8.0,7.0,33.0,,1.0,2.0,
331,2024-09-29,Kent St.,Wake Forest,Away,,1,3.0,1.0,2.0,10.0,4.0,,,,,,3.0,4.0,28.0,17.0,,,,2.0,
331,2024-10-04,Kent St.,App State,Home,,0,1.0,,,3.0,2.0,,,1.0,1.0,,1.0,1.0,19.0,10.0,,,,2.0,
331,2024-10-06,Kent St.,Michigan St.,Away,,4,,3.0,2.0,8.0,5.0,,,1.0,1.0,,3.0,3.0,29.0,10.0,,,,,
331,2024-10-11,Kent St.,James Madison,Away,,0,3.0,,,10.0,3.0,40.0,,,,1.0,3.0,1.0,13.0,9.0,46.0,,,,
331,2024-10-13,Kent St.,Ohio St.,Away,,0,3.0,,,1.0,,,,,1.0,1.0,3.0,2.0,17.0,9.0,,,,1.0,
331,2024-10-18,Kent St.,Central Mich.,Home,,7,3.0,7.0,3.0,15.0,11.0,,,,1.0,,3.0,4.0,9.0,7.0,,,,2.0,
331,2024-10-20,Kent St.,Ohio,Away,,2,,2.0,2.0,16.0,12.0,,,,,,1.0,1.0,6.0,4.0,,,,1.0,2.0
331,2024-10-25,Kent St.,Bellarmine,Home,,3,2.0,3.0,3.0,10.0,6.0,,,,1.0,,2.0,1.0,10.0,6.0,,,,,
331,2024-11-01,Kent St.,Miami (OH),Away,,0,2.0,,,4.0,3.0,,,,1.0,,2.0,1.0,16.0,11.0,,,,1.0,
331,2024-11-06,Kent St.,Ball St.,Home,,1,,1.0,1.0,25.0,13.0,,,,2.0,,,,5.0,1.0,,,,1.0,1.0
331,2024-11-07,Kent St.,James Madison,Home,,2,3.0,2.0,1.0,9.0,5.0,,,,2.0,,3.0,1.0,18.0,14.0,,,1.0,2.0,
361,2024-08-30,LIU,Quinnipiac,Away,,2,1.0,2.0,1.0,10.0,6.0,36.0,,,1.0,1.0,1.0,1.0,11.0,8.0,32.0,,,1.0,
361,2024-09-01,LIU,Holy Cross,Away,,3,,3.0,2.0,9.0,8.0,,,,2.0,,4.0,3.0,9.0,9.0,,,,2.0,
361,2024-09-08,LIU,Bellarmine,Home,,3,0.0,3.0,5.0,9.0,8.0,,,,,,,,1.0,,,,,,1.0
361,2024-09-13,LIU,Columbia,Away,,0,,,,8.0,4.0,26.0,,,1.0,1.0,1.0,1.0,12.0,6.0,25.0,,,2.0,
361,2024-09-15,LIU,Hofstra,Away,,2,3.0,2.0,2.0,7.0,4.0,32.0,,,1.0,,3.0,3.0,12.0,5.0,28.0,,,1.0,
361,2024-09-22,LIU,Georgetown,Away,,2,3.0,2.0,,13.0,7.0,34.0,,,1.0,,3.0,4.0,7.0,5.0,44.0,,1.0,4.0,
361,2024-09-27,LIU,Wagner,Away,,0,4.0,,,5.0,2.0,,,,1.0,,4.0,2.0,17.0,9.0,,,,,
361,2024-10-04,LIU,Merrimack,Away,,3,0.0,3.0,,21.0,14.0,,,1.0,1.0,,,,2.0,2.0,,,,1.0,
361,2024-10-06,LIU,UMass Lowell,Away,,1,3.0,1.0,,11.0,4.0,,,,1.0,,3.0,1.0,19.0,13.0,,,,,
361,2024-10-11,LIU,Fairfield,Home,,0,2.0,,,10.0,5.0,,,1.0,3.0,,2.0,2.0,8.0,5.0,,,1.0,3.0,1.0
361,2024-10-13,LIU,Mercyhurst,Away,,7,0.0,7.0,4.0,26.0,23.0,24.0,,,1.0,,,,,,16.0,,,1.0,6.0
361,2024-10-18,LIU,Saint Francis,Home,,2,0.0,2.0,4.0,15.0,10.0,,,,,,,,15.0,9.0,,,,,
361,2024-10-20,LIU,Stonehill,Home,,5,0.0,5.0,2.0,18.0,14.0,,,1.0,,,,,3.0,2.0,,,1.0,,
361,2024-10-25,LIU,Rider,Home,,0,4.0,,,19.0,8.0,,,,3.0,,4.0,1.0,15.0,7.0,,,,,
361,2024-10-27,LIU,Monmouth,Away,,1,6.0,1.0,1.0,3.0,2.0,,,,,1.0,6.0,5.0,28.0,20.0,,,,1.0,
361,2024-11-01,LIU,Sacred Heart,Away,,1,0.0,1.0,1.0,15.0,6.0,43.0,,1.0,1.0,,,,6.0,3.0,31.0,,,,
361,2024-11-07,LIU,Wagner,Home,,1,,1.0,,12.0,3.0,,,1.0,,,2.0,,15.0,8.0,,,1.0,,
340,2024-08-30,La Salle,Wagner,Away,,2,1.0,2.0,1.0,12.0,7.0,,,,1.0,,1.0,1.0,11.0,7.0,,,,1.0,
340,2024-09-01,La Salle,Queens (NC),Home,,4,1.0,4.0,3.0,31.0,15.0,24.0,,,,,1.0,,5.0,2.0,32.0,,,3.0,
340,2024-09-06,La Salle,Bryant,Away,,1,,1.0,1.0,8.0,6.0,39.0,,,1.0,,,,8.0,6.0,27.0,,,,
340,2024-09-08,La Salle,Fairfield,Away,,2,1.0,2.0,2.0,8.0,5.0,15.0,,,,,1.0,1.0,15.0,6.0,21.0,,,1.0,
340,2024-09-13,La Salle,Lehigh,Away,,2,1.0,2.0,1.0,13.0,7.0,,,,,,1.0,,17.0,9.0,,,,,
340,2024-09-16,La Salle,Villanova,Away,,0,2.0,,,11.0,3.0,37.0,,,,,2.0,3.0,12.0,7.0,43.0,,,,
340,2024-09-20,La Salle,Lock Haven,Away,,0,1.0,,,8.0,6.0,8.0,,1.0,1.0,1.0,1.0,,11.0,6.0,13.0,,,,
340,2024-09-22,La Salle,Temple,Away,,0,4.0,,,4.0,3.0,,,,1.0,,4.0,3.0,13.0,10.0,,,,,
340,2024-09-27,La Salle,Saint Louis,Home,,1,0.0,1.0,,5.0,2.0,21.0,,,1.0,,,,5.0,1.0,25.0,,,1.0,
340,2024-10-04,La Salle,Richmond,Away,,0,4.0,,,7.0,3.0,,,,1.0,,4.0,5.0,19.0,13.0,,,,1.0,
340,2024-10-06,La Salle,Longwood,Away,,3,,3.0,4.0,14.0,10.0,44.0,,,1.0,1.0,2.0,,13.0,9.0,25.0,,,1.0,
340,2024-10-11,La Salle,Massachusetts,Home,,1,2.0,1.0,1.0,10.0,8.0,22.0,,,1.0,,2.0,1.0,18.0,6.0,17.0,,,,
340,2024-10-13,La Salle,Drexel,Away,,1,3.0,1.0,,9.0,3.0,21.0,,,1.0,,3.0,3.0,12.0,6.0,12.0,,,,
340,2024-10-15,La Salle,Cornell,Away,,0,1.0,,,,,,,,,1.0,1.0,,22.0,14.0,,,,1.0,
340,2024-10-18,La Salle,Mercyhurst,Home,,6,0.0,6.0,4.0,33.0,16.0,21.0,,,,,,,2.0,,12.0,,,1.0,
340,2024-10-20,La Salle,Davidson,Home,,0,2.0,,,10.0,5.0,34.0,,,,,2.0,1.0,19.0,14.0,18.0,,,,
340,2024-10-25,La Salle,VCU,Home,,0,5.0,,,7.0,1.0,19.0,,,,,5.0,3.0,14.0,13.0,15.0,,,,
340,2024-10-27,La Salle,Rider,Home,,3,2.0,3.0,3.0,13.0,8.0,20.0,,,1.0,,2.0,,17.0,7.0,18.0,,,1.0,
340,2024-11-01,La Salle,Saint Joseph's,Away,,0,3.0,,,1.0,1.0,,,,,1.0,3.0,2.0,19.0,12.0,,,,1.0,
342,2024-08-30,Lafayette,Vermont,Home,,2,1.0,2.0,1.0,11.0,7.0,31.0,,,2.0,1.0,1.0,1.0,6.0,5.0,20.0,,,1.0,1.0
342,2024-09-01,Lafayette,Delaware,Home,,1,0.0,1.0,,11.0,6.0,43.0,,,1.0,,,,10.0,5.0,26.0,,1.0,1.0,
342,2024-09-06,Lafayette,Dartmouth,Away,,3,0.0,3.0,1.0,18.0,11.0,,,,,,,,7.0,1.0,,,,,
342,2024-09-08,Lafayette,New Hampshire,Away,,0,3.0,,,9.0,4.0,,,,1.0,,3.0,2.0,11.0,8.0,,,,,
342,2024-09-13,Lafayette,Quinnipiac,Home,,3,2.0,3.0,4.0,29.0,16.0,34.0,,,,,2.0,,8.0,5.0,32.0,,,,4.0
342,2024-09-15,Lafayette,Syracuse,Away,,1,2.0,1.0,2.0,16.0,8.0,,,1.0,2.0,,2.0,2.0,11.0,10.0,,,1.0,2.0,
342,2024-09-20,Lafayette,Holy Cross,Away,,3,0.0,3.0,2.0,16.0,14.0,,,,,,,,9.0,7.0,,,,,
342,2024-09-27,Lafayette,American,Home,,0,,,,8.0,5.0,27.0,,,,,1.0,1.0,9.0,4.0,23.0,,,1.0,
342,2024-09-29,Lafayette,Penn St.,Away,,1,5.0,1.0,1.0,16.0,9.0,,,,,,5.0,3.0,10.0,7.0,,,,2.0,2.0
342,2024-10-04,Lafayette,Bucknell,Away,,2,0.0,2.0,1.0,16.0,9.0,,,,1.0,,,,9.0,2.0,,,,1.0,
342,2024-10-06,Lafayette,Providence,Home,,2,1.0,2.0,,17.0,12.0,23.0,,,,,1.0,,5.0,4.0,16.0,,,1.0,
342,2024-10-11,Lafayette,Lehigh,Home,,5,0.0,5.0,3.0,18.0,12.0,46.0,,1.0,2.0,,,,3.0,2.0,28.0,,,,1.0
342,2024-10-13,Lafayette,Massachusetts,Home,,0,1.0,,,5.0,,24.0,,,1.0,,1.0,2.0,9.0,4.0,23.0,,1.0,1.0,
342,2024-10-18,Lafayette,Drexel,Away,,2,3.0,2.0,1.0,11.0,6.0,30.0,,,,,3.0,2.0,12.0,8.0,21.0,,,,
342,2024-10-20,Lafayette,Temple,Home,,2,,2.0,1.0,12.0,5.0,29.0,,,2.0,,1.0,2.0,7.0,5.0,23.0,,,1.0,
342,2024-10-25,Lafayette,Boston U.,Home,,5,0.0,5.0,4.0,22.0,18.0,43.0,,,1.0,,,,6.0,5.0,27.0,,,,1.0
342,2024-10-27,Lafayette,Towson,Away,,4,0.0,4.0,4.0,17.0,8.0,,,,2.0,,,,3.0,2.0,,,,1.0,
342,2024-11-02,Lafayette,Colgate,Away,,2,0.0,2.0,2.0,23.0,14.0,33.0,,,,,,,4.0,1.0,28.0,,,,1.0
342,2024-11-07,Lafayette,Bucknell,Home,,2,1.0,2.0,4.0,8.0,7.0,,,,1.0,1.0,1.0,2.0,8.0,4.0,,,,1.0,
342,2024-11-09,Lafayette,American,Away,,2,,2.0,1.0,9.0,5.0,,,,2.0,1.0,1.0,2.0,12.0,8.0,,,,1.0,
342,2024-11-15,Lafayette,Saint Joseph's,Away,,0,1.0,,,1.0,,,,1.0,,1.0,1.0,,14.0,10.0,,,,1.0,
352,2024-08-31,Lehigh,Monmouth,Away,,1,5.0,1.0,,15.0,12.0,,,,2.0,,5.0,4.0,20.0,12.0,,,1.0,2.0,1.0
352,2024-09-01,Lehigh,Wagner,Home,,3,2.0,3.0,2.0,14.0,8.0,,,,1.0,,2.0,2.0,16.0,5.0,,,,1.0,
352,2024-09-06,Lehigh,Yale,Home,,1,6.0,1.0,1.0,9.0,4.0,,,,2.0,,6.0,7.0,21.0,14.0,,,1.0,1.0,
352,2024-09-08,Lehigh,Rider,Away,,2,1.0,2.0,1.0,10.0,9.0,40.0,,,,2.0,1.0,1.0,14.0,8.0,60.0,,,1.0,1.0
352,2024-09-13,Lehigh,La Salle,Home,,1,2.0,1.0,,17.0,9.0,,,,,,2.0,1.0,13.0,7.0,,,,,
352,2024-09-15,Lehigh,Fairfield,Home,,2,0.0,2.0,,12.0,4.0,,,,,1.0,,,16.0,7.0,,,,1.0,1.0
352,2024-09-21,Lehigh,Colgate,Home,,5,1.0,5.0,5.0,17.0,11.0,,,,1.0,,1.0,1.0,8.0,4.0,,,1.0,3.0,
352,2024-09-28,Lehigh,Boston U.,Away,,0,3.0,,,15.0,7.0,,,,,,3.0,5.0,17.0,12.0,,,,1.0,
352,2024-09-29,Lehigh,Merrimack,Away,,6,1.0,6.0,1.0,18.0,11.0,,,,,,1.0,,7.0,3.0,,,,1.0,
352,2024-10-06,Lehigh,Quinnipiac,Away,,2,1.0,2.0,2.0,11.0,5.0,37.0,,,1.0,,1.0,1.0,13.0,4.0,38.0,,2.0,1.0,
352,2024-10-11,Lehigh,Lafayette,Away,,0,5.0,,,3.0,2.0,28.0,,,,1.0,5.0,3.0,18.0,12.0,46.0,,1.0,2.0,
352,2024-10-13,Lehigh,UAlbany,Home,,1,2.0,1.0,1.0,4.0,4.0,,,,1.0,1.0,2.0,2.0,18.0,11.0,,,,3.0,
352,2024-10-19,Lehigh,Bucknell,Home,,2,6.0,2.0,1.0,4.0,2.0,,,,1.0,,6.0,4.0,16.0,11.0,,,,2.0,
352,2024-10-25,Lehigh,American,Away,,0,3.0,,,6.0,2.0,,,1.0,1.0,,3.0,3.0,15.0,9.0,,,1.0,1.0,
352,2024-10-27,Lehigh,Columbia,Home,,0,2.0,,,22.0,9.0,,,1.0,1.0,1.0,2.0,1.0,16.0,8.0,,,,1.0,
352,2024-11-02,Lehigh,Holy Cross,Home,,5,2.0,5.0,3.0,20.0,14.0,,,,,,2.0,2.0,6.0,4.0,,,,1.0,1.0
352,2024-11-03,Lehigh,Temple,Away,,0,2.0,,,1.0,,,,1.0,2.0,2.0,2.0,3.0,17.0,7.0,,,1.0,3.0,
355,2024-08-31,Liberty,Indiana,Home,,2,,2.0,2.0,11.0,9.0,,,,,,1.0,1.0,7.0,5.0,,,2.0,2.0,
355,2024-09-01,Liberty,Kent St.,Away,,4,1.0,4.0,2.0,21.0,12.0,,,,2.0,,1.0,2.0,3.0,2.0,,,1.0,2.0,1.0
355,2024-09-08,Liberty,Virginia,Home,,1,2.0,1.0,,9.0,7.0,,,,1.0,,2.0,2.0,14.0,6.0,,,,2.0,
355,2024-09-13,Liberty,William & Mary,Home,,5,0.0,5.0,5.0,25.0,12.0,,,,1.0,,,,2.0,,,,,1.0,
355,2024-09-15,Liberty,Duke,Home,,1,0.0,1.0,,6.0,3.0,,,,3.0,,,,14.0,5.0,,,,,
355,2024-09-20,Liberty,Old Dominion,Away,,2,3.0,2.0,1.0,11.0,8.0,,,,,,3.0,3.0,11.0,7.0,,,1.0,,
355,2024-09-22,Liberty,North Carolina,Home,,0,7.0,,,2.0,2.0,,,,1.0,,7.0,5.0,25.0,14.0,,,,2.0,
355,2024-09-27,Liberty,Providence,Away,,2,1.0,2.0,2.0,10.0,5.0,,,,,,1.0,1.0,4.0,2.0,,,,,1.0
355,2024-09-29,Liberty,UAlbany,Away,,2,4.0,2.0,1.0,5.0,3.0,,,,,1.0,4.0,1.0,11.0,8.0,,,,2.0,
355,2024-10-04,Liberty,Temple,Home,,1,5.0,1.0,1.0,19.0,9.0,,,,1.0,1.0,5.0,4.0,14.0,10.0,,,,,
355,2024-10-06,Liberty,App State,Home,,5,0.0,5.0,6.0,21.0,15.0,,,,1.0,,,,8.0,2.0,,,,,
355,2024-10-11,Liberty,Villanova,Away,,1,0.0,1.0,,7.0,5.0,23.0,,,1.0,1.0,,,10.0,4.0,30.0,,2.0,1.0,1.0
355,2024-10-18,Liberty,Quinnipiac,Home,,9,0.0,9.0,5.0,29.0,16.0,,,,2.0,,,,6.0,2.0,,,,1.0,
355,2024-10-20,Liberty,Longwood,Home,,2,,2.0,2.0,32.0,18.0,,,,2.0,,1.0,,5.0,1.0,,,,1.0,
355,2024-10-25,Liberty,UConn,Away,,1,,1.0,1.0,12.0,7.0,11.0,,,,,2.0,2.0,10.0,6.0,13.0,,,3.0,
355,2024-10-29,Liberty,James Madison,Away,,2,3.0,2.0,2.0,13.0,7.0,30.0,,,,1.0,3.0,3.0,12.0,5.0,31.0,,,2.0,
355,2024-11-01,Liberty,Georgetown,Home,,6,0.0,6.0,5.0,25.0,15.0,,,,,1.0,,,2.0,1.0,,,,2.0,
355,2024-11-08,Liberty,UConn,Home,,1,2.0,1.0,2.0,8.0,4.0,,,,1.0,,2.0,2.0,10.0,5.0,,,,2.0,
360,2024-08-30,Lock Haven,Syracuse,Home,,0,9.0,,,,,16.0,,,,1.0,9.0,8.0,19.0,13.0,20.0,,,,
360,2024-09-01,Lock Haven,Temple,Home,,0,6.0,,,2.0,2.0,4.0,,,1.0,,6.0,5.0,22.0,14.0,14.0,,,,
360,2024-09-06,Lock Haven,Georgetown,Home,,1,2.0,1.0,1.0,8.0,4.0,8.0,,,3.0,,2.0,2.0,9.0,5.0,9.0,,,1.0,
360,2024-09-08,Lock Haven,Colgate,Home,,4,,3.0,2.0,28.0,15.0,27.0,,,,1.0,3.0,2.0,14.0,9.0,27.0,,,2.0,1.0
360,2024-09-13,Lock Haven,American,Home,,1,4.0,1.0,1.0,1.0,1.0,,,,,,4.0,2.0,14.0,11.0,,,,2.0,
360,2024-09-15,Lock Haven,Maryland,Away,,1,8.0,1.0,,4.0,3.0,,,,,1.0,8.0,2.0,26.0,22.0,,,,,
360,2024-09-20,Lock Haven,La Salle,Home,,1,0.0,1.0,,11.0,6.0,13.0,,,,,,,8.0,6.0,8.0,,1.0,1.0,1.0
360,2024-09-22,Lock Haven,Rider,Home,,3,5.0,3.0,3.0,14.0,8.0,14.0,,1.0,1.0,2.0,5.0,2.0,20.0,13.0,5.0,,5.0,,
360,2024-09-27,Lock Haven,VCU,Away,,0,4.0,,,4.0,2.0,36.0,,,,1.0,4.0,3.0,29.0,23.0,46.0,,,,
360,2024-09-29,Lock Haven,Indiana,Home,,0,3.0,,,5.0,4.0,4.0,,1.0,,,3.0,2.0,20.0,13.0,7.0,,,2.0,
360,2024-10-04,Lock Haven,Saint Joseph's,Away,,1,13.0,1.0,1.0,4.0,3.0,,,,,,13.0,14.0,35.0,22.0,,,,,
360,2024-10-06,Lock Haven,Bucknell,Away,,1,6.0,1.0,,9.0,5.0,,,,,1.0,6.0,6.0,38.0,26.0,,,,,1.0
360,2024-10-11,Lock Haven,Richmond,Home,,2,4.0,2.0,2.0,8.0,3.0,19.0,,,,,4.0,2.0,19.0,9.0,16.0,,,1.0,
360,2024-10-13,Lock Haven,Saint Francis,Home,,2,,2.0,1.0,7.0,5.0,10.0,,,1.0,,3.0,2.0,11.0,6.0,18.0,,,2.0,
360,2024-10-18,Lock Haven,Massachusetts,Away,,0,3.0,,,5.0,3.0,,,,1.0,,3.0,4.0,25.0,11.0,,,,1.0,
360,2024-10-25,Lock Haven,Davidson,Away,,2,3.0,2.0,2.0,9.0,4.0,,,,1.0,,3.0,1.0,14.0,8.0,,,,,
360,2024-10-27,Lock Haven,Queens (NC),Away,,3,0.0,3.0,1.0,21.0,13.0,26.0,,,2.0,,,,2.0,1.0,16.0,,,3.0,
360,2024-11-01,Lock Haven,Saint Louis,Home,,6,1.0,6.0,5.0,21.0,12.0,30.0,,,2.0,1.0,1.0,,17.0,10.0,17.0,,1.0,2.0,
360,2024-11-03,Lock Haven,Towson,Home,,0,1.0,,,13.0,7.0,24.0,,,1.0,,1.0,1.0,6.0,2.0,40.0,,,,1.0
363,2024-09-06,Longwood,Davidson,Home,,2,1.0,2.0,,10.0,4.0,50.0,,,1.0,,1.0,1.0,15.0,7.0,40.0,,,,
363,2024-09-08,Longwood,American,Away,,0,4.0,,,2.0,1.0,,,,,,4.0,1.0,14.0,8.0,,,1.0,1.0,
363,2024-09-13,Longwood,Queens (NC),Home,,3,1.0,3.0,1.0,15.0,9.0,35.0,,,2.0,,1.0,1.0,9.0,8.0,47.0,,1.0,,
363,2024-09-15,Longwood,Richmond,Home,,1,,1.0,1.0,7.0,4.0,43.0,,,1.0,,2.0,,16.0,8.0,52.0,,,,
363,2024-09-20,Longwood,Central Mich.,Away,,2,,2.0,2.0,11.0,6.0,44.0,,,,,1.0,1.0,15.0,8.0,58.0,,,1.0,
363,2024-09-22,Longwood,Syracuse,Home,,0,4.0,,,2.0,,22.0,,,,1.0,4.0,3.0,24.0,18.0,44.0,,,1.0,
363,2024-09-27,Longwood,Kent St.,Home,,1,2.0,1.0,1.0,8.0,7.0,33.0,,1.0,2.0,,2.0,,9.0,4.0,46.0,,,1.0,1.0
363,2024-09-29,Longwood,Ohio,Home,,1,,1.0,,10.0,6.0,60.0,,,2.0,,1.0,1.0,11.0,5.0,57.0,,,3.0,
363,2024-10-04,Longwood,Ball St.,Away,,1,3.0,1.0,2.0,8.0,7.0,,,,,,3.0,1.0,20.0,11.0,,,,,
363,2024-10-06,Longwood,La Salle,Home,,2,,2.0,,13.0,9.0,25.0,,,1.0,,3.0,4.0,14.0,10.0,44.0,,,1.0,1.0
363,2024-10-13,Longwood,Bellarmine,Away,,2,1.0,2.0,2.0,9.0,4.0,,,,,,1.0,1.0,5.0,2.0,,,,,
363,2024-10-18,Longwood,Miami (OH),Home,,3,,3.0,3.0,5.0,4.0,38.0,,,2.0,1.0,4.0,7.0,29.0,18.0,47.0,,,,
363,2024-10-20,Longwood,Liberty,Away,,1,,1.0,,5.0,1.0,,,,1.0,,2.0,2.0,32.0,18.0,,,,2.0,
363,2024-10-25,Longwood,App State,Away,,0,2.0,,,,,,,,,,2.0,3.0,18.0,6.0,,,,3.0,
363,2024-10-27,Longwood,William & Mary,Away,,1,3.0,1.0,1.0,15.0,9.0,,,,1.0,,3.0,3.0,18.0,13.0,,,1.0,1.0,
363,2024-11-01,Longwood,James Madison,Home,,0,2.0,,,4.0,2.0,41.0,,1.0,2.0,,2.0,2.0,12.0,10.0,51.0,,1.0,3.0,
363,2024-11-03,Longwood,Georgetown,Home,,2,,1.0,2.0,18.0,9.0,31.0,,,1.0,1.0,1.0,,18.0,12.0,59.0,,,1.0,
367,2024-08-30,Louisville,Maryland,Away,,1,,1.0,,4.0,3.0,,,,1.0,,2.0,1.0,13.0,8.0,,,,,
367,2024-09-01,Louisville,American,Away,,3,1.0,3.0,2.0,13.0,9.0,,,,2.0,,1.0,1.0,4.0,2.0,,,,,
367,2024-09-06,Louisville,Princeton,Home,,0,1.0,,,8.0,2.0,,,,1.0,1.0,1.0,1.0,11.0,6.0,,,,2.0,1.0
367,2024-09-08,Louisville,Penn,Home,,3,1.0,3.0,1.0,17.0,10.0,,,,,,1.0,1.0,3.0,2.0,,,,1.0,
367,2024-09-13,Louisville,Northwestern,Home,,0,2.0,,,6.0,3.0,,,,2.0,2.0,2.0,2.0,10.0,7.0,,,,1.0,
367,2024-09-15,Louisville,Cornell,Home,,4,3.0,4.0,4.0,12.0,9.0,,,1.0,1.0,,3.0,3.0,15.0,12.0,,,,,
367,2024-09-20,Louisville,Stanford,Home,,2,0.0,2.0,2.0,12.0,7.0,,,,,,,,5.0,3.0,,,,1.0,
367,2024-09-22,Louisville,Ball St.,Away,,4,2.0,4.0,5.0,17.0,13.0,,,,2.0,,2.0,3.0,6.0,5.0,,,,,
367,2024-09-28,Louisville,Boston College,Home,,0,1.0,,,9.0,4.0,,,,1.0,,1.0,,12.0,4.0,,,,1.0,
367,2024-09-29,Louisville,Ohio St.,Away,,3,,3.0,3.0,8.0,4.0,,,,,,4.0,3.0,16.0,10.0,,,,1.0,
367,2024-10-04,Louisville,Syracuse,Away,,1,2.0,1.0,1.0,4.0,1.0,,,,,,2.0,4.0,12.0,6.0,,,,,
367,2024-10-06,Louisville,Virginia,Away,,0,1.0,,,6.0,1.0,,,,,,1.0,1.0,7.0,4.0,,,1.0,1.0,
367,2024-10-11,Louisville,North Carolina,Home,,1,2.0,1.0,,4.0,3.0,,,,1.0,,2.0,2.0,21.0,10.0,,,1.0,,
367,2024-10-13,Louisville,Wake Forest,Away,,2,,2.0,,6.0,6.0,,,,1.0,,3.0,3.0,10.0,4.0,,,,1.0,
367,2024-10-18,Louisville,Duke,Home,,0,3.0,,,6.0,2.0,,,,,1.0,3.0,3.0,16.0,10.0,,,,,
367,2024-10-25,Louisville,California,Away,,1,2.0,1.0,1.0,14.0,10.0,,,,,,2.0,2.0,14.0,9.0,,,,,1.0
367,2024-10-27,Louisville,UC Davis,Away,,6,2.0,6.0,3.0,19.0,14.0,,,2.0,2.0,,2.0,3.0,8.0,5.0,,,,,
380,2024-08-30,Maine,Northwestern,Away,,0,3.0,,,3.0,2.0,,,,,,3.0,,23.0,12.0,,,2.0,,
380,2024-08-31,Maine,Massachusetts,Home,,2,,2.0,2.0,8.0,6.0,,,,,,1.0,1.0,15.0,6.0,,,,,
380,2024-09-02,Maine,Indiana,Away,,4,2.0,4.0,4.0,11.0,6.0,,,,1.0,,2.0,3.0,20.0,10.0,,,,,
380,2024-09-06,Maine,Hofstra,Home,,3,1.0,3.0,4.0,14.0,11.0,33.0,,,,,1.0,,8.0,7.0,35.0,,,1.0,2.0
380,2024-09-08,Maine,Central Mich.,Home,,2,0.0,2.0,3.0,16.0,10.0,25.0,,,,,,,5.0,3.0,23.0,,1.0,1.0,
380,2024-09-13,Maine,Boston College,Away,,2,4.0,2.0,,9.0,6.0,,,,1.0,,4.0,5.0,15.0,8.0,,,,,
380,2024-09-15,Maine,Boston U.,Away,,1,2.0,1.0,1.0,13.0,6.0,,,,,,2.0,3.0,9.0,6.0,,,,1.0,
380,2024-09-21,Maine,Merrimack,Home,,6,0.0,6.0,4.0,43.0,29.0,26.0,,1.0,,,,,,,30.0,,,,1.0
380,2024-09-22,Maine,Stonehill,Home,,3,0.0,3.0,3.0,27.0,19.0,24.0,,,,2.0,,,4.0,3.0,37.0,,,,1.0
380,2024-09-27,Maine,Vermont,Home,,3,1.0,3.0,5.0,10.0,8.0,40.0,,,1.0,1.0,1.0,2.0,17.0,14.0,21.0,,,,1.0
380,2024-09-29,Maine,Fairfield,Away,,1,2.0,1.0,1.0,12.0,9.0,27.0,,,,,2.0,3.0,9.0,7.0,35.0,,,1.0,
380,2024-10-06,Maine,UC Davis,Home,,3,1.0,3.0,2.0,19.0,11.0,41.0,,,2.0,,1.0,2.0,4.0,2.0,27.0,,,,
380,2024-10-11,Maine,UMass Lowell,Away,,1,5.0,1.0,1.0,9.0,5.0,,,,,,5.0,4.0,18.0,11.0,,,,,
380,2024-10-13,Maine,Holy Cross,Home,,2,0.0,2.0,2.0,12.0,7.0,55.0,,,2.0,1.0,,,6.0,4.0,50.0,,,2.0,1.0
380,2024-10-18,Maine,Bryant,Away,,3,,3.0,3.0,18.0,14.0,34.0,,,1.0,,4.0,6.0,11.0,9.0,33.0,,,,
380,2024-10-20,Maine,Northeastern,Away,,2,4.0,2.0,,13.0,10.0,,,1.0,,,4.0,4.0,13.0,9.0,,,,,
380,2024-10-25,Maine,UAlbany,Home,,1,2.0,1.0,2.0,9.0,5.0,27.0,,,,2.0,2.0,2.0,18.0,13.0,25.0,,,,1.0
380,2024-11-01,Maine,New Hampshire,Home,,2,0.0,2.0,3.0,19.0,14.0,30.0,,,,,,,6.0,5.0,48.0,,,,
380,2024-11-07,Maine,UC Davis,Home,,4,3.0,4.0,1.0,25.0,16.0,,,1.0,1.0,1.0,3.0,2.0,13.0,7.0,,,1.0,,
380,2024-11-08,Maine,New Hampshire,Home,,3,5.0,3.0,3.0,12.0,8.0,,,,1.0,,5.0,2.0,18.0,16.0,,,2.0,1.0,
392,2024-08-30,Maryland,Louisville,Home,,2,,2.0,1.0,13.0,8.0,,,,,,1.0,,4.0,3.0,,,,1.0,
392,2024-09-01,Maryland,Drexel,Home,,2,0.0,2.0,,13.0,5.0,,,,2.0,,,,3.0,2.0,,,,,
392,2024-09-06,Maryland,Boston College,Home,,2,0.0,2.0,1.0,11.0,6.0,,,,1.0,,,,9.0,5.0,,,,1.0,
392,2024-09-08,Maryland,Duke,Home,,0,1.0,,,10.0,4.0,,,,1.0,,1.0,,3.0,1.0,,,2.0,2.0,
392,2024-09-13,Maryland,Virginia,Home,,0,1.0,,,4.0,1.0,,,,1.0,,1.0,,3.0,3.0,,,,1.0,1.0
392,2024-09-15,Maryland,Lock Haven,Home,,8,1.0,8.0,2.0,26.0,22.0,,,,,,1.0,,4.0,3.0,,,,,1.0
392,2024-09-20,Maryland,Rutgers,Home,,3,2.0,3.0,2.0,9.0,6.0,,,,1.0,1.0,2.0,3.0,6.0,4.0,,,,1.0,1.0
392,2024-09-27,Maryland,Northwestern,Home,,0,1.0,,,8.0,4.0,,,,1.0,1.0,1.0,2.0,15.0,8.0,,,1.0,1.0,
392,2024-10-04,Maryland,Indiana,Away,,3,0.0,3.0,1.0,12.0,9.0,,,,1.0,,,,8.0,3.0,,,,1.0,
392,2024-10-06,Maryland,Iowa,Away,,5,0.0,5.0,4.0,10.0,8.0,,,,1.0,,,,3.0,2.0,,,,,
392,2024-10-11,Maryland,Michigan St.,Away,,3,1.0,3.0,2.0,16.0,10.0,,,,,,1.0,1.0,3.0,1.0,,,,,1.0
392,2024-10-14,Maryland,American,Home,,4,1.0,4.0,4.0,23.0,16.0,,,,,,1.0,,7.0,4.0,,,,,3.0
392,2024-10-18,Maryland,Ohio St.,Home,,1,2.0,1.0,,15.0,12.0,,,,,,2.0,2.0,6.0,4.0,,,,,2.0
392,2024-10-20,Maryland,Michigan,Home,,2,0.0,2.0,2.0,5.0,2.0,,,,1.0,,,,9.0,3.0,,,,,
392,2024-10-25,Maryland,Princeton,Away,,1,2.0,1.0,2.0,4.0,4.0,,,1.0,1.0,,2.0,1.0,8.0,3.0,,,,,
392,2024-10-27,Maryland,Richmond,Home,,3,0.0,3.0,2.0,20.0,13.0,,,1.0,1.0,,,,1.0,1.0,,,,2.0,1.0
392,2024-11-01,Maryland,Penn St.,Away,,4,2.0,4.0,4.0,15.0,10.0,,,,2.0,,2.0,1.0,8.0,6.0,,,,,1.0
392,2024-11-07,Maryland,Iowa,Home,,1,,,,31.0,18.0,26.0,,,1.0,,,,7.0,5.0,30.0,,,2.0,1.0
392,2024-11-08,Maryland,Michigan,Home,,3,,3.0,3.0,11.0,6.0,39.0,,1.0,2.0,,3.0,3.0,19.0,10.0,32.0,,1.0,2.0,
392,2024-11-15,Maryland,Duke,Home,,0,1.0,,,5.0,3.0,,,,,,1.0,1.0,7.0,3.0,,,,1.0,
400,2024-08-31,Massachusetts,Maine,Home,,1,,1.0,1.0,15.0,6.0,,,,,,2.0,2.0,8.0,6.0,,,,,
400,2024-09-01,Massachusetts,Northwestern,Away,,1,6.0,1.0,2.0,6.0,4.0,,,,,,6.0,6.0,22.0,15.0,,,,1.0,1.0
400,2024-09-06,Massachusetts,Columbia,Home,,4,1.0,4.0,2.0,20.0,15.0,,,,1.0,,1.0,,7.0,4.0,,,,1.0,
400,2024-09-08,Massachusetts,Dartmouth,Home,,6,0.0,6.0,6.0,28.0,20.0,,,,1.0,,,,1.0,1.0,,,,2.0,
400,2024-09-13,Massachusetts,Boston U.,Away,,5,3.0,5.0,4.0,11.0,9.0,,,,,1.0,3.0,4.0,20.0,15.0,,,,,
400,2024-09-15,Massachusetts,UMass Lowell,Home,,4,,4.0,1.0,50.0,21.0,,,2.0,1.0,,3.0,2.0,8.0,5.0,,,1.0,2.0,
400,2024-09-20,Massachusetts,VCU,Home,,2,0.0,2.0,3.0,11.0,5.0,,,,3.0,,,,16.0,7.0,,,,,
400,2024-09-22,Massachusetts,Quinnipiac,Home,,4,0.0,4.0,5.0,31.0,15.0,,,,,1.0,,,5.0,5.0,,,,,
400,2024-09-27,Massachusetts,Saint Joseph's,Away,,2,,2.0,1.0,9.0,8.0,,,1.0,,1.0,1.0,1.0,6.0,4.0,,,,1.0,
400,2024-09-29,Massachusetts,Harvard,Away,,1,,1.0,1.0,17.0,13.0,,,,,1.0,1.0,2.0,12.0,8.0,,,1.0,2.0,4.0
400,2024-10-04,Massachusetts,Saint Louis,Home,,5,1.0,5.0,4.0,48.0,29.0,,,,,,1.0,,8.0,4.0,,,,,2.0
400,2024-10-06,Massachusetts,Boston College,Home,,1,0.0,1.0,1.0,6.0,3.0,,,,2.0,,,,13.0,10.0,,,1.0,2.0,
400,2024-10-11,Massachusetts,La Salle,Away,,2,1.0,2.0,1.0,18.0,6.0,17.0,,,,,1.0,1.0,10.0,8.0,22.0,,,1.0,
400,2024-10-13,Massachusetts,Lafayette,Away,,1,0.0,1.0,2.0,9.0,4.0,23.0,,1.0,1.0,,,,5.0,,24.0,,,1.0,
400,2024-10-18,Massachusetts,Lock Haven,Home,,3,0.0,3.0,4.0,25.0,11.0,,,,1.0,,,,5.0,3.0,,,,1.0,
400,2024-10-20,Massachusetts,UConn,Away,,0,1.0,,,6.0,3.0,11.0,,,1.0,,1.0,,11.0,6.0,16.0,,,1.0,1.0
400,2024-10-25,Massachusetts,Richmond,Away,,3,0.0,3.0,,13.0,8.0,,,,1.0,,,,1.0,,,,,,
400,2024-11-01,Massachusetts,Davidson,Home,,4,0.0,4.0,4.0,29.0,15.0,,,,,,,,,,,,,2.0,
400,2024-11-07,Massachusetts,VCU,Home,,4,0.0,4.0,4.0,11.0,8.0,,,,,,,,6.0,2.0,,,,1.0,
400,2024-11-09,Massachusetts,Saint Joseph's,Away,,1,2.0,1.0,1.0,10.0,2.0,,,,,,2.0,3.0,4.0,2.0,,,,2.0,
400,2024-11-15,Massachusetts,UConn,Away,,2,1.0,2.0,2.0,8.0,6.0,1.0,,,,,1.0,2.0,4.0,3.0,,,,1.0,
400,2024-11-17,Massachusetts,Harvard,Home,,1,0.0,1.0,,9.0,7.0,,,,1.0,,,,3.0,3.0,,,,2.0,2.0
400,2024-11-22,Massachusetts,Northwestern,Home,,0,1.0,,,2.0,1.0,,,,1.0,,1.0,1.0,10.0,7.0,,,,2.0,1.0
408,2024-09-01,Mercyhurst,Rider,Away,,0,7.0,,,2.0,1.0,41.0,,,,3.0,7.0,5.0,49.0,36.0,42.0,,,1.0,
408,2024-09-06,Mercyhurst,Sacred Heart,Home,,0,1.0,,,2.0,2.0,18.0,,,3.0,2.0,1.0,1.0,20.0,15.0,23.0,,,1.0,1.0
408,2024-09-09,Mercyhurst,Villanova,Away,,0,9.0,,,,,24.0,,,,,9.0,8.0,47.0,22.0,38.0,,,2.0,
408,2024-09-13,Mercyhurst,Saint Francis,Away,,0,4.0,,,,,43.0,,,1.0,,4.0,4.0,22.0,14.0,29.0,,1.0,1.0,
408,2024-09-15,Mercyhurst,Saint Francis,Home,,1,3.0,1.0,,2.0,2.0,27.0,,,1.0,4.0,3.0,2.0,29.0,25.0,26.0,,,2.0,
408,2024-09-20,Mercyhurst,Wagner,Home,,0,5.0,,,3.0,2.0,35.0,,,,1.0,5.0,4.0,29.0,26.0,40.0,,,,1.0
408,2024-09-22,Mercyhurst,Colgate,Away,,1,5.0,1.0,,2.0,2.0,19.0,,,1.0,,5.0,3.0,8.0,6.0,37.0,,,,
408,2024-09-25,Mercyhurst,D'Youville,Away,,2,,2.0,1.0,14.0,11.0,62.0,,,1.0,1.0,3.0,1.0,11.0,10.0,35.0,,,,1.0
408,2024-10-06,Mercyhurst,Fairfield,Away,,1,9.0,1.0,,2.0,1.0,11.0,,,,,9.0,10.0,34.0,23.0,20.0,,,,
408,2024-10-13,Mercyhurst,LIU,Home,,0,7.0,,,,,16.0,,,1.0,6.0,7.0,4.0,26.0,23.0,24.0,,,1.0,
408,2024-10-18,Mercyhurst,La Salle,Away,,0,6.0,,,2.0,,12.0,,,1.0,,6.0,4.0,33.0,16.0,21.0,,,,
408,2024-10-27,Mercyhurst,Stonehill,Away,,0,3.0,,,4.0,4.0,,,,,1.0,3.0,1.0,27.0,17.0,,,,,1.0
408,2024-10-29,Mercyhurst,Slippery Rock,Home,,1,,1.0,,10.0,8.0,24.0,,,2.0,4.0,2.0,2.0,16.0,12.0,29.0,,,2.0,1.0
408,2024-11-03,Mercyhurst,Merrimack,Away,,0,2.0,,,3.0,1.0,,,1.0,,,2.0,1.0,11.0,3.0,,,,1.0,
410,2024-08-30,Merrimack,UMass Lowell,Away,,0,6.0,,,2.0,1.0,,,,,,6.0,4.0,39.0,23.0,,,,2.0,
410,2024-09-06,Merrimack,UAlbany,Away,,0,8.0,,,,,,,,,1.0,8.0,8.0,25.0,20.0,,,,,
410,2024-09-13,Merrimack,Holy Cross,Away,,0,7.0,,,7.0,7.0,,,2.0,1.0,,7.0,5.0,29.0,23.0,,,,,1.0
410,2024-09-15,Merrimack,Quinnipiac,Away,,1,7.0,1.0,1.0,2.0,1.0,45.0,,,,1.0,7.0,7.0,41.0,21.0,28.0,,,,
410,2024-09-17,Merrimack,Bryant,Away,,0,3.0,,,7.0,1.0,26.0,,1.0,,1.0,3.0,4.0,14.0,8.0,24.0,,,,1.0
410,2024-09-21,Merrimack,Maine,Away,,0,6.0,,,,,30.0,,,,1.0,6.0,4.0,43.0,29.0,26.0,,1.0,,
410,2024-09-27,Merrimack,Sacred Heart,Home,,1,,1.0,,6.0,3.0,,,1.0,1.0,,1.0,1.0,25.0,14.0,,,,,
410,2024-09-29,Merrimack,Lehigh,Home,,1,6.0,1.0,,7.0,3.0,,,,1.0,,6.0,1.0,18.0,11.0,,,,,
410,2024-10-04,Merrimack,LIU,Home,,0,3.0,,,2.0,2.0,,,,1.0,,3.0,,21.0,14.0,,,1.0,1.0,
410,2024-10-11,Merrimack,Stonehill,Away,,0,2.0,,,4.0,3.0,,,,,,2.0,1.0,25.0,12.0,,,,,
410,2024-10-13,Merrimack,Fairfield,Away,,0,8.0,,,1.0,1.0,8.0,,,,2.0,8.0,7.0,31.0,22.0,24.0,,,,
410,2024-10-18,Merrimack,Rider,Away,,0,7.0,,,3.0,3.0,20.0,,,,,7.0,5.0,29.0,19.0,44.0,,,,
410,2024-10-20,Merrimack,Vermont,Away,,0,7.0,,,,,,,,,1.0,7.0,4.0,44.0,29.0,,,,,
410,2024-10-25,Merrimack,Wagner,Home,,0,3.0,,,7.0,2.0,,,,1.0,,3.0,2.0,25.0,17.0,,,,,
410,2024-10-27,Merrimack,New Hampshire,Away,,0,8.0,,,2.0,1.0,,,,,1.0,8.0,4.0,50.0,38.0,,,,,
410,2024-11-01,Merrimack,Saint Francis,Away,,1,5.0,1.0,1.0,1.0,1.0,39.0,,,,,5.0,3.0,23.0,12.0,24.0,,,,
410,2024-11-03,Merrimack,Mercyhurst,Home,,2,0.0,2.0,1.0,11.0,3.0,,,,1.0,,,,3.0,1.0,,,1.0,,
414,2024-08-30,Miami (OH),Bucknell,Home,,2,1.0,2.0,3.0,10.0,7.0,,,,2.0,,1.0,1.0,7.0,3.0,,,,,
414,2024-09-01,Miami (OH),Saint Francis,Home,,5,0.0,5.0,5.0,16.0,13.0,,,,1.0,,,,3.0,2.0,,,,1.0,
414,2024-09-06,Miami (OH),Iowa,Away,,0,2.0,,,4.0,,,,,,,2.0,3.0,8.0,4.0,,,,1.0,
414,2024-09-11,Miami (OH),Indiana,Away,,1,0.0,1.0,2.0,16.0,10.0,,,2.0,3.0,,,,10.0,6.0,,,,2.0,2.0
414,2024-09-13,Miami (OH),Princeton,Away,,0,,,,5.0,4.0,,,1.0,,,1.0,,9.0,7.0,,,,3.0,1.0
414,2024-09-15,Miami (OH),Rutgers,Away,,1,6.0,1.0,1.0,6.0,4.0,,,,,,6.0,5.0,14.0,9.0,,,,2.0,
414,2024-09-20,Miami (OH),James Madison,Home,,1,2.0,1.0,2.0,3.0,1.0,,,,1.0,,2.0,2.0,4.0,2.0,,,1.0,1.0,
414,2024-09-22,Miami (OH),Bellarmine,Away,,6,1.0,6.0,4.0,19.0,17.0,,,,,,1.0,,2.0,2.0,,,,,
414,2024-09-27,Miami (OH),Ball St.,Away,,3,0.0,3.0,3.0,20.0,15.0,,,,1.0,,,,2.0,1.0,,,,1.0,2.0
414,2024-09-29,Miami (OH),Michigan,Away,,2,3.0,2.0,1.0,6.0,4.0,,,2.0,1.0,,3.0,3.0,12.0,6.0,,,1.0,1.0,
414,2024-10-01,Miami (OH),Michigan St.,Away,,1,,1.0,1.0,22.0,12.0,,,,,,2.0,2.0,14.0,6.0,,,,,1.0
414,2024-10-06,Miami (OH),Ohio,Home,,5,1.0,5.0,6.0,28.0,22.0,,,,1.0,,1.0,,5.0,2.0,,,,2.0,2.0
414,2024-10-11,Miami (OH),App State,Home,,1,0.0,1.0,,8.0,6.0,,,2.0,3.0,,,,4.0,1.0,,,3.0,2.0,1.0
414,2024-10-18,Miami (OH),Longwood,Away,,4,,4.0,7.0,29.0,18.0,47.0,,,,,3.0,3.0,5.0,4.0,38.0,,,2.0,1.0
414,2024-10-20,Miami (OH),Virginia,Away,,0,1.0,,,1.0,,,,,,,1.0,,17.0,6.0,,,,1.0,
414,2024-10-25,Miami (OH),Central Mich.,Away,,3,1.0,3.0,2.0,35.0,21.0,30.0,,,,,1.0,,12.0,9.0,39.0,,,1.0,1.0
414,2024-11-01,Miami (OH),Kent St.,Home,,2,0.0,2.0,1.0,16.0,11.0,,,,1.0,,,,4.0,3.0,,,,1.0,
414,2024-11-06,Miami (OH),Ohio,Home,,6,1.0,6.0,8.0,22.0,12.0,,,1.0,1.0,,1.0,1.0,8.0,3.0,,,1.0,1.0,
414,2024-11-07,Miami (OH),App State,Home,,3,,3.0,2.0,14.0,8.0,,,1.0,3.0,1.0,2.0,3.0,13.0,8.0,,,,1.0,
414,2024-11-09,Miami (OH),James Madison,Away,,3,0.0,3.0,4.0,13.0,9.0,,,,1.0,,,,9.0,3.0,,,,1.0,
414,2024-11-13,Miami (OH),Vermont,Home,,2,1.0,2.0,1.0,8.0,5.0,,,,1.0,1.0,1.0,1.0,16.0,7.0,,,,1.0,
414,2024-11-15,Miami (OH),Northwestern,Away,,2,9.0,2.0,2.0,8.0,6.0,,,1.0,1.0,1.0,9.0,11.0,30.0,19.0,,,,1.0,1.0
418,2024-08-30,Michigan,North Carolina,Home,,1,4.0,1.0,1.0,12.0,3.0,,,,,1.0,4.0,1.0,18.0,12.0,,,,2.0,
418,2024-09-01,Michigan,Wake Forest,Home,,2,1.0,2.0,1.0,17.0,10.0,,,,1.0,,1.0,1.0,4.0,1.0,,,,3.0,
418,2024-09-06,Michigan,Boston U.,Away,,5,2.0,5.0,5.0,21.0,17.0,,,1.0,1.0,1.0,2.0,1.0,4.0,3.0,,,2.0,1.0,
418,2024-09-08,Michigan,Providence,Away,,8,1.0,8.0,4.0,19.0,13.0,,,1.0,,1.0,1.0,1.0,8.0,5.0,,,1.0,2.0,
418,2024-09-13,Michigan,Ohio,Home,,6,0.0,6.0,5.0,24.0,16.0,,,,1.0,,,,6.0,2.0,,,1.0,,
418,2024-09-15,Michigan,Central Mich.,Home,,11,0.0,11.0,10.0,27.0,19.0,,,,,,,,,,,,,1.0,
418,2024-09-23,Michigan,Michigan St.,Away,,3,0.0,3.0,2.0,24.0,13.0,,,1.0,,,,,11.0,5.0,,,1.0,1.0,
418,2024-09-29,Michigan,Miami (OH),Home,,3,2.0,3.0,3.0,12.0,6.0,,,1.0,1.0,,2.0,1.0,6.0,4.0,,,2.0,1.0,
418,2024-10-06,Michigan,Ohio St.,Home,,1,0.0,1.0,,10.0,3.0,,,1.0,3.0,,,,8.0,4.0,,,,,
418,2024-10-11,Michigan,Rutgers,Home,,4,0.0,4.0,3.0,16.0,9.0,,,,,,,,5.0,2.0,,,,,
418,2024-10-13,Michigan,Ball St.,Home,,4,0.0,4.0,4.0,43.0,26.0,,,,,,,,1.0,,,,,1.0,
418,2024-10-18,Michigan,Penn St.,Away,,6,0.0,6.0,7.0,15.0,11.0,,,1.0,1.0,,,,8.0,5.0,,,,,
418,2024-10-20,Michigan,Maryland,Away,,0,2.0,,,9.0,3.0,,,,,,2.0,2.0,5.0,2.0,,,,1.0,
418,2024-10-25,Michigan,Northwestern,Home,,1,,1.0,1.0,10.0,8.0,,,1.0,,,2.0,1.0,11.0,8.0,,,,1.0,
418,2024-10-27,Michigan,Indiana,Home,,1,2.0,1.0,1.0,10.0,4.0,,,,1.0,,2.0,,4.0,2.0,,,,2.0,
418,2024-11-01,Michigan,Iowa,Away,,3,0.0,3.0,2.0,23.0,10.0,,,,1.0,,,,2.0,,,,,,
418,2024-11-07,Michigan,Indiana,Home,,2,,2.0,2.0,12.0,7.0,35.0,,2.0,2.0,,1.0,2.0,7.0,4.0,46.0,,1.0,,
418,2024-11-08,Michigan,Maryland,Away,,4,,3.0,3.0,19.0,10.0,32.0,,1.0,2.0,,3.0,3.0,11.0,6.0,39.0,,1.0,2.0,
418,2024-11-10,Michigan,Northwestern,Home,,1,0.0,1.0,1.0,8.0,5.0,30.0,,,1.0,,,,16.0,4.0,36.0,,,1.0,
418,2024-11-15,Michigan,Virginia,Home,,1,2.0,1.0,1.0,11.0,5.0,,,,3.0,,2.0,2.0,8.0,6.0,,,,2.0,1.0
416,2024-08-30,Michigan St.,UC Davis,Away,,4,3.0,4.0,5.0,10.0,7.0,,,1.0,2.0,,3.0,4.0,8.0,3.0,,,,1.0,
416,2024-09-01,Michigan St.,California,Away,,1,,1.0,2.0,10.0,8.0,18.0,,,3.0,,2.0,1.0,20.0,9.0,18.0,,1.0,2.0,2.0
416,2024-09-06,Michigan St.,Vermont,Home,,3,1.0,3.0,4.0,10.0,7.0,,,,2.0,,1.0,,9.0,5.0,,,,,
416,2024-09-08,Michigan St.,Ohio,Home,,2,,2.0,1.0,24.0,11.0,,,1.0,1.0,,3.0,1.0,14.0,5.0,,,,,
416,2024-09-13,Michigan St.,Bellarmine,Away,,4,2.0,4.0,1.0,15.0,8.0,,,,,,2.0,1.0,4.0,4.0,,,,,
416,2024-09-15,Michigan St.,Colgate,Home,,5,0.0,5.0,4.0,21.0,15.0,,,,,,,,5.0,2.0,,,,,
416,2024-09-20,Michigan St.,Ohio St.,Away,,0,4.0,,,8.0,4.0,,,,1.0,,4.0,4.0,19.0,9.0,,,,,
416,2024-09-23,Michigan St.,Michigan,Home,,0,3.0,,,11.0,5.0,,,1.0,1.0,,3.0,2.0,24.0,13.0,,,1.0,,
416,2024-09-29,Michigan St.,Ball St.,Away,,2,,2.0,1.0,24.0,15.0,,,,1.0,,1.0,2.0,4.0,2.0,,,,,1.0
416,2024-10-01,Michigan St.,Miami (OH),Home,,2,,2.0,2.0,14.0,6.0,,,,,1.0,1.0,1.0,22.0,12.0,,,,,
416,2024-10-06,Michigan St.,Kent St.,Home,,3,,3.0,3.0,29.0,10.0,,,,,,3.0,2.0,8.0,5.0,,,1.0,1.0,
416,2024-10-11,Michigan St.,Maryland,Home,,1,3.0,1.0,1.0,3.0,1.0,,,,,1.0,3.0,2.0,16.0,10.0,,,,,
416,2024-10-13,Michigan St.,Central Mich.,Away,,3,1.0,3.0,1.0,22.0,11.0,42.0,,,1.0,,1.0,1.0,8.0,2.0,40.0,,1.0,1.0,2.0
416,2024-10-18,Michigan St.,Rutgers,Away,,0,2.0,,,4.0,2.0,,,,1.0,,2.0,1.0,10.0,7.0,,,,1.0,
416,2024-10-20,Michigan St.,Penn St.,Away,,1,,1.0,1.0,7.0,5.0,,,1.0,2.0,,2.0,,34.0,19.0,,,,2.0,
416,2024-10-25,Michigan St.,Iowa,Home,,2,,2.0,4.0,17.0,4.0,,,2.0,1.0,,1.0,1.0,20.0,11.0,,,1.0,2.0,
416,2024-10-27,Michigan St.,Northwestern,Home,,0,5.0,,,4.0,2.0,,,1.0,,,5.0,5.0,43.0,22.0,,,,1.0,
416,2024-11-01,Michigan St.,Indiana,Away,,0,1.0,,,7.0,,,,,,3.0,1.0,1.0,14.0,10.0,,,,,
439,2024-08-31,Monmouth,Lehigh,Home,,5,1.0,5.0,4.0,20.0,12.0,,,1.0,2.0,1.0,1.0,,15.0,12.0,,,,2.0,
439,2024-09-02,Monmouth,VCU,Home,,4,,3.0,4.0,17.0,15.0,,,,,1.0,3.0,1.0,27.0,16.0,,,,,
439,2024-09-06,Monmouth,Rutgers,Home,,2,,2.0,2.0,9.0,5.0,,,,2.0,,3.0,3.0,20.0,13.0,,,,1.0,
439,2024-09-08,Monmouth,James Madison,Away,,4,3.0,4.0,4.0,17.0,8.0,45.0,,,,1.0,3.0,1.0,25.0,14.0,44.0,,,,
439,2024-09-13,Monmouth,Rider,Home,,5,0.0,5.0,3.0,21.0,14.0,,,,1.0,,,,12.0,7.0,,,,,1.0
439,2024-09-20,Monmouth,Hofstra,Away,,7,0.0,7.0,4.0,25.0,14.0,31.0,,,1.0,,,,10.0,4.0,35.0,,,1.0,
439,2024-09-22,Monmouth,Columbia,Away,,1,0.0,1.0,,20.0,14.0,26.0,,,2.0,,,,8.0,5.0,16.0,,,,
439,2024-09-27,Monmouth,Drexel,Away,,1,2.0,1.0,1.0,5.0,2.0,34.0,,,,,2.0,,17.0,9.0,20.0,,,,
439,2024-09-29,Monmouth,Temple,Away,,2,,2.0,,9.0,5.0,,,1.0,3.0,,3.0,1.0,14.0,10.0,,,1.0,,
439,2024-10-04,Monmouth,Delaware,Home,,1,2.0,1.0,2.0,17.0,9.0,,,,,,2.0,3.0,7.0,4.0,,,,1.0,
439,2024-10-06,Monmouth,Yale,Home,,2,1.0,2.0,4.0,13.0,6.0,,,,1.0,1.0,1.0,1.0,19.0,9.0,,,,,
439,2024-10-12,Monmouth,Indiana,Home,,0,4.0,,,4.0,3.0,,,,,,4.0,5.0,7.0,7.0,,,,,
439,2024-10-13,Monmouth,Iowa,Away,,2,,1.0,1.0,15.0,9.0,,,,1.0,,1.0,2.0,14.0,7.0,,,,,
439,2024-10-18,Monmouth,Towson,Home,,4,1.0,4.0,4.0,15.0,10.0,,,,3.0,,1.0,,8.0,6.0,,,,,1.0
439,2024-10-25,Monmouth,Northeastern,Away,,1,3.0,1.0,,11.0,6.0,,,,1.0,,3.0,2.0,11.0,6.0,,,,1.0,
439,2024-10-27,Monmouth,LIU,Home,,6,1.0,6.0,5.0,28.0,20.0,,,,1.0,,1.0,1.0,3.0,2.0,,,,,1.0
439,2024-11-01,Monmouth,William & Mary,Home,,10,1.0,10.0,14.0,28.0,19.0,,,,3.0,,1.0,2.0,7.0,4.0,,,,1.0,
439,2024-11-08,Monmouth,Drexel,Home,,2,1.0,2.0,1.0,12.0,3.0,24.0,,1.0,1.0,,1.0,,12.0,7.0,24.0,,,,
439,2024-11-10,Monmouth,Delaware,Away,,3,,3.0,2.0,10.0,5.0,31.0,,,1.0,,4.0,4.0,15.0,9.0,32.0,,,2.0,
469,2024-08-31,New Hampshire,Saint Joseph's,Home,,2,4.0,2.0,1.0,8.0,6.0,5.0,,,1.0,1.0,4.0,3.0,11.0,11.0,1.0,,,1.0,
469,2024-09-01,New Hampshire,UConn,Away,,2,6.0,2.0,2.0,8.0,5.0,7.0,,1.0,1.0,,6.0,6.0,16.0,11.0,6.0,,,,
469,2024-09-06,New Hampshire,Quinnipiac,Away,,4,0.0,4.0,3.0,21.0,12.0,40.0,,,1.0,,,,12.0,5.0,42.0,,,1.0,2.0
469,2024-09-08,New Hampshire,Lafayette,Home,,3,0.0,3.0,2.0,11.0,8.0,,,,,,,,9.0,4.0,,,,1.0,
469,2024-09-13,New Hampshire,Iowa,Away,,0,5.0,,,6.0,4.0,,,,1.0,,5.0,,14.0,8.0,,,,,
469,2024-09-14,New Hampshire,Delaware,Home,,2,4.0,2.0,,14.0,5.0,,,,3.0,,4.0,3.0,15.0,9.0,,,,2.0,
469,2024-09-20,New Hampshire,Fairfield,Away,,1,2.0,1.0,1.0,13.0,9.0,36.0,,,1.0,,2.0,2.0,10.0,5.0,20.0,,,,
469,2024-09-22,New Hampshire,Boston College,Home,,3,5.0,3.0,1.0,6.0,6.0,,,,,,5.0,4.0,19.0,12.0,,,,1.0,
469,2024-09-27,New Hampshire,Bryant,Away,,6,2.0,6.0,3.0,18.0,14.0,29.0,,,,,2.0,2.0,6.0,4.0,27.0,,,1.0,4.0
469,2024-09-29,New Hampshire,Providence,Home,,6,1.0,6.0,4.0,12.0,9.0,,,,2.0,,1.0,1.0,10.0,3.0,,,,1.0,1.0
469,2024-10-04,New Hampshire,UC Davis,Home,,3,2.0,3.0,3.0,21.0,16.0,,,,1.0,,2.0,1.0,10.0,6.0,,,,,
469,2024-10-06,New Hampshire,Northeastern,Home,,2,3.0,2.0,1.0,19.0,9.0,,,4.0,1.0,,3.0,2.0,8.0,4.0,,,,1.0,
469,2024-10-11,New Hampshire,Vermont,Home,,3,,3.0,1.0,21.0,11.0,,,,2.0,1.0,2.0,1.0,11.0,8.0,,,2.0,,
469,2024-10-18,New Hampshire,UAlbany,Home,,2,,2.0,1.0,6.0,3.0,,,1.0,1.0,,3.0,3.0,13.0,5.0,,,,1.0,
469,2024-10-20,New Hampshire,Boston U.,Home,,3,0.0,3.0,2.0,16.0,10.0,,,,2.0,,,,11.0,6.0,,,,,1.0
469,2024-10-25,New Hampshire,UMass Lowell,Home,,4,0.0,4.0,2.0,17.0,12.0,,,,,,,,14.0,6.0,,,,1.0,
469,2024-10-27,New Hampshire,Merrimack,Home,,8,0.0,8.0,4.0,50.0,38.0,,,,,,,,2.0,1.0,,,,,1.0
469,2024-11-01,New Hampshire,Maine,Away,,0,2.0,,,6.0,5.0,48.0,,,,,2.0,3.0,19.0,14.0,30.0,,,,
469,2024-11-08,New Hampshire,Maine,Home,,5,3.0,5.0,2.0,18.0,16.0,,,2.0,1.0,,3.0,3.0,12.0,8.0,,,,1.0,
469,2024-11-10,New Hampshire,Vermont,Home,,2,3.0,2.0,2.0,12.0,7.0,,,,,,3.0,2.0,14.0,7.0,,,1.0,,
457,2024-08-30,North Carolina,Michigan,Away,,4,1.0,4.0,1.0,18.0,12.0,,,,2.0,,1.0,1.0,12.0,3.0,,,,,1.0
457,2024-09-01,North Carolina,Iowa,Home,,2,1.0,2.0,2.0,24.0,8.0,,,,,,1.0,,4.0,2.0,,,,1.0,1.0
457,2024-09-06,North Carolina,Penn,Home,,5,0.0,5.0,4.0,25.0,15.0,,,1.0,,,,,3.0,1.0,,,1.0,,1.0
457,2024-09-08,North Carolina,Princeton,Home,,2,0.0,2.0,1.0,24.0,12.0,,,1.0,1.0,,,,7.0,2.0,,,,1.0,
457,2024-09-20,North Carolina,Syracuse,Home,,5,0.0,5.0,5.0,13.0,9.0,,,,1.0,,,,6.0,4.0,,,,1.0,
457,2024-09-22,North Carolina,Liberty,Away,,7,0.0,7.0,5.0,25.0,14.0,,,,2.0,,,,2.0,2.0,,,,1.0,
457,2024-10-04,North Carolina,Stanford,Away,,3,0.0,3.0,4.0,20.0,12.0,,,,,,,,5.0,3.0,,,,2.0,
457,2024-10-06,North Carolina,California,Away,,3,1.0,3.0,3.0,23.0,9.0,,,,1.0,,1.0,2.0,13.0,4.0,,,,,
457,2024-10-11,North Carolina,Louisville,Away,,2,1.0,2.0,2.0,21.0,10.0,,,1.0,,,1.0,,4.0,3.0,,,,1.0,
457,2024-10-13,North Carolina,App State,Away,,5,0.0,5.0,5.0,22.0,16.0,,,,,,,,3.0,1.0,,,,,
457,2024-10-18,North Carolina,Wake Forest,Home,,7,0.0,7.0,8.0,19.0,14.0,,,,1.0,,,,7.0,1.0,,,1.0,2.0,
457,2024-10-20,North Carolina,Old Dominion,Home,,3,1.0,3.0,3.0,21.0,11.0,,,,2.0,,1.0,1.0,4.0,3.0,,,,1.0,
457,2024-10-25,North Carolina,Virginia,Home,,4,0.0,4.0,6.0,10.0,6.0,,,,,,,,3.0,,,,1.0,1.0,
457,2024-10-27,North Carolina,Boston College,Home,,4,0.0,4.0,2.0,26.0,18.0,,,,3.0,1.0,,,6.0,5.0,,,1.0,,2.0
457,2024-11-01,North Carolina,Duke,Away,,5,2.0,5.0,4.0,10.0,9.0,,,1.0,2.0,,2.0,2.0,9.0,5.0,,,,1.0,
457,2024-11-05,North Carolina,California,Home,,5,0.0,5.0,6.0,30.0,13.0,,,,,,,,2.0,1.0,,,1.0,3.0,
457,2024-11-06,North Carolina,Syracuse,Home,,3,1.0,3.0,3.0,17.0,8.0,,,,1.0,,1.0,,4.0,3.0,,,,,
457,2024-11-08,North Carolina,Boston College,Home,,4,1.0,4.0,3.0,18.0,9.0,,,,1.0,,1.0,2.0,8.0,3.0,,,,2.0,1.0
457,2024-11-15,North Carolina,Delaware,Home,,4,0.0,4.0,3.0,27.0,23.0,,,1.0,1.0,,,,,,,,,1.0,2.0
457,2024-11-17,North Carolina,Duke,Home,,3,0.0,3.0,2.0,15.0,12.0,,,1.0,1.0,,,,6.0,1.0,,,,1.0,1.0
457,2024-11-22,North Carolina,Saint Joseph's,Home,,1,2.0,1.0,2.0,16.0,11.0,,,,2.0,1.0,2.0,,9.0,7.0,,,1.0,,1.0
500,2024-08-30,Northeastern,Boston College,Away,,1,3.0,1.0,1.0,6.0,4.0,,,,,,3.0,4.0,19.0,12.0,,,,1.0,
500,2024-09-01,Northeastern,Quinnipiac,Home,,3,2.0,3.0,3.0,31.0,15.0,,,,3.0,,2.0,2.0,6.0,3.0,,1.0,2.0,1.0,
500,2024-09-05,Northeastern,California,Away,,2,3.0,2.0,4.0,9.0,6.0,10.0,,,,,3.0,3.0,16.0,8.0,11.0,,,,
500,2024-09-06,Northeastern,UC Davis,Away,,2,3.0,2.0,4.0,23.0,12.0,,,,1.0,1.0,3.0,4.0,12.0,8.0,,,,1.0,2.0
500,2024-09-08,Northeastern,Stanford,Away,,1,0.0,1.0,,15.0,7.0,,,,,,,,7.0,2.0,,,,,
500,2024-09-13,Northeastern,Syracuse,Away,,0,2.0,,,4.0,1.0,,,2.0,2.0,1.0,2.0,1.0,22.0,12.0,,,,2.0,
500,2024-09-15,Northeastern,Holy Cross,Away,,2,1.0,2.0,2.0,15.0,9.0,,,,1.0,,1.0,1.0,5.0,3.0,,,,,1.0
500,2024-09-20,Northeastern,Drexel,Away,,0,1.0,,,9.0,5.0,41.0,,,1.0,,1.0,,18.0,6.0,32.0,,,1.0,
500,2024-09-22,Northeastern,VCU,Home,,2,,2.0,3.0,12.0,8.0,,,,1.0,,3.0,2.0,10.0,5.0,,,,3.0,
500,2024-09-29,Northeastern,UMass Lowell,Home,,6,3.0,6.0,4.0,14.0,8.0,,,,3.0,,3.0,3.0,11.0,6.0,,,,1.0,
500,2024-10-04,Northeastern,William & Mary,Home,,4,1.0,4.0,3.0,14.0,13.0,,,,,,1.0,1.0,6.0,2.0,,,,,
500,2024-10-06,Northeastern,New Hampshire,Away,,3,2.0,3.0,2.0,8.0,4.0,,,,1.0,,2.0,1.0,19.0,9.0,,,4.0,1.0,
500,2024-10-11,Northeastern,Towson,Home,,3,1.0,3.0,1.0,11.0,6.0,,,1.0,2.0,,1.0,,6.0,4.0,,,2.0,3.0,
500,2024-10-13,Northeastern,Boston U.,Away,,4,2.0,4.0,3.0,13.0,10.0,,,,3.0,1.0,2.0,1.0,9.0,7.0,,,,2.0,1.0
500,2024-10-18,Northeastern,Delaware,Away,,2,1.0,2.0,1.0,9.0,3.0,19.0,,,2.0,,1.0,1.0,17.0,7.0,23.0,,,1.0,1.0
500,2024-10-20,Northeastern,Maine,Home,,4,2.0,4.0,4.0,13.0,9.0,,,,,,2.0,,13.0,10.0,,,1.0,,
500,2024-10-25,Northeastern,Monmouth,Home,,3,1.0,3.0,2.0,11.0,6.0,,,,1.0,,1.0,,11.0,6.0,,,,1.0,
500,2024-11-01,Northeastern,Hofstra,Away,,3,1.0,3.0,2.0,16.0,11.0,38.0,,,1.0,,1.0,1.0,8.0,5.0,41.0,,,1.0,
500,2024-11-08,Northeastern,Delaware,Home,,1,3.0,1.0,,8.0,4.0,10.0,,,1.0,,3.0,3.0,7.0,3.0,11.0,,,1.0,1.0
509,2024-08-30,Northwestern,Maine,Home,,3,0.0,3.0,,23.0,12.0,,,2.0,,,,,3.0,2.0,,,,,
509,2024-09-01,Northwestern,Massachusetts,Home,,6,1.0,6.0,6.0,22.0,15.0,,,,1.0,1.0,1.0,2.0,6.0,4.0,,,,,
509,2024-09-06,Northwestern,Duke,Home,,2,0.0,2.0,3.0,8.0,3.0,,,,2.0,,,,12.0,8.0,,,2.0,1.0,1.0
509,2024-09-08,Northwestern,Boston College,Home,,1,0.0,1.0,1.0,15.0,6.0,,,,2.0,,,,5.0,2.0,,,,1.0,
509,2024-09-13,Northwestern,Louisville,Away,,2,0.0,2.0,2.0,10.0,7.0,,,,1.0,,,,6.0,3.0,,,,2.0,2.0
509,2024-09-14,Northwestern,Cornell,Home,,1,0.0,1.0,2.0,20.0,9.0,,,,1.0,1.0,,,6.0,5.0,,,,1.0,
509,2024-09-20,Northwestern,Iowa,Home,,5,0.0,5.0,3.0,23.0,15.0,,,,,,,,6.0,4.0,,,,,
509,2024-09-22,Northwestern,Indiana,Away,,1,0.0,1.0,,12.0,4.0,,,,2.0,,,,14.0,8.0,,,,2.0,
509,2024-09-27,Northwestern,Maryland,Away,,1,0.0,1.0,2.0,15.0,8.0,,,1.0,1.0,,,,8.0,4.0,,,,1.0,1.0
509,2024-09-29,Northwestern,Princeton,Away,,3,2.0,3.0,1.0,17.0,13.0,,,1.0,1.0,1.0,2.0,2.0,7.0,4.0,,,,2.0,1.0
509,2024-10-04,Northwestern,Rutgers,Home,,4,0.0,4.0,3.0,17.0,11.0,,,,,,,,12.0,6.0,,,2.0,1.0,
509,2024-10-06,Northwestern,Penn St.,Home,,7,2.0,7.0,8.0,29.0,17.0,,,,,,2.0,3.0,13.0,9.0,,,,3.0,
509,2024-10-13,Northwestern,Harvard,Home,,3,2.0,3.0,1.0,18.0,11.0,,,,2.0,,2.0,1.0,8.0,5.0,,,,2.0,
509,2024-10-18,Northwestern,Stanford,Home,,7,0.0,7.0,8.0,21.0,19.0,,,1.0,1.0,,,,7.0,3.0,,,1.0,3.0,
509,2024-10-20,Northwestern,UC Davis,Home,,11,1.0,11.0,10.0,30.0,21.0,,,,,,1.0,,2.0,2.0,,,,,2.0
509,2024-10-25,Northwestern,Michigan,Away,,2,,2.0,1.0,11.0,8.0,,,,1.0,,1.0,1.0,10.0,8.0,,,1.0,,
509,2024-10-27,Northwestern,Michigan St.,Away,,5,0.0,5.0,5.0,43.0,22.0,,,,1.0,,,,4.0,2.0,,,1.0,,
509,2024-11-01,Northwestern,Ohio St.,Home,,2,1.0,2.0,3.0,20.0,13.0,,,,,,1.0,,6.0,4.0,,,,1.0,
509,2024-11-08,Northwestern,Rutgers,Home,,2,0.0,2.0,2.0,12.0,10.0,39.0,,1.0,2.0,,,,6.0,2.0,37.0,,2.0,2.0,4.0
509,2024-11-10,Northwestern,Michigan,Home,,0,1.0,,,16.0,4.0,36.0,,,1.0,,1.0,1.0,8.0,5.0,30.0,,,1.0,
509,2024-11-15,Northwestern,Miami (OH),Home,,9,2.0,9.0,11.0,30.0,19.0,,,,1.0,1.0,2.0,2.0,8.0,6.0,,,1.0,1.0,1.0
509,2024-11-17,Northwestern,Virginia,Home,,3,,3.0,4.0,13.0,9.0,,,,2.0,,2.0,1.0,6.0,5.0,,,1.0,2.0,1.0
509,2024-11-22,Northwestern,Massachusetts,Home,,1,0.0,1.0,1.0,10.0,7.0,,,,2.0,1.0,,,2.0,1.0,,,,1.0,
509,2024-11-24,Northwestern,Saint Joseph's,Home,,5,0.0,5.0,8.0,15.0,11.0,,,,1.0,,,,3.0,1.0,,,,,
519,2024-08-30,Ohio,Stanford,Home,,1,4.0,1.0,,9.0,7.0,,,,2.0,,4.0,4.0,15.0,9.0,,,,,
519,2024-09-01,Ohio,UAlbany,Home,,0,4.0,,,4.0,,,,,1.0,,4.0,6.0,13.0,9.0,,,,1.0,
519,2024-09-07,Ohio,Vermont,Home,,2,,2.0,1.0,6.0,4.0,24.0,,,2.0,,1.0,,14.0,5.0,24.0,,,1.0,
519,2024-09-08,Ohio,Michigan St.,Away,,3,,3.0,1.0,14.0,5.0,,,,,,2.0,1.0,24.0,11.0,,,1.0,1.0,
519,2024-09-13,Ohio,Michigan,Away,,0,6.0,,,6.0,2.0,,,1.0,,,6.0,5.0,24.0,16.0,,,,1.0,
519,2024-09-15,Ohio,Saint Louis,Home,,5,1.0,5.0,3.0,13.0,11.0,,,,,1.0,1.0,,13.0,10.0,,,,,
519,2024-09-20,Ohio,App State,Home,,0,2.0,,,8.0,4.0,,,,,,2.0,2.0,20.0,12.0,,,,1.0,
519,2024-09-21,Ohio,Brown,Home,,1,4.0,1.0,1.0,4.0,4.0,,,,1.0,1.0,4.0,3.0,24.0,19.0,,,,,
519,2024-09-29,Ohio,Longwood,Away,,2,,1.0,1.0,11.0,5.0,57.0,,,3.0,,1.0,,10.0,6.0,60.0,,,2.0,
519,2024-10-04,Ohio,James Madison,Home,,1,5.0,1.0,2.0,4.0,4.0,,,,,2.0,5.0,4.0,21.0,13.0,,,,,
519,2024-10-06,Ohio,Miami (OH),Away,,1,5.0,1.0,,5.0,2.0,,,,2.0,2.0,5.0,6.0,28.0,22.0,,,,1.0,
519,2024-10-11,Ohio,Bellarmine,Away,,3,1.0,3.0,1.0,16.0,10.0,,,,,1.0,1.0,,6.0,2.0,,,,,
519,2024-10-13,Ohio,Penn St.,Home,,0,5.0,,,1.0,,,,,,,5.0,2.0,16.0,6.0,,,,,
519,2024-10-20,Ohio,Kent St.,Home,,1,,1.0,1.0,6.0,4.0,,,,1.0,2.0,2.0,2.0,16.0,12.0,,,,,
519,2024-10-25,Ohio,Ball St.,Away,,1,,1.0,,9.0,3.0,,,,,,2.0,1.0,8.0,6.0,,,,,
519,2024-10-27,Ohio,Davidson,Home,,2,1.0,2.0,2.0,13.0,7.0,,,,,2.0,1.0,1.0,9.0,4.0,,,,,1.0
519,2024-11-01,Ohio,Central Mich.,Home,,3,2.0,3.0,3.0,17.0,11.0,,,,,1.0,2.0,2.0,10.0,6.0,,,,,2.0
519,2024-11-06,Ohio,Miami (OH),Home,,1,6.0,1.0,1.0,8.0,3.0,,,1.0,1.0,,6.0,8.0,22.0,12.0,,,1.0,1.0,
518,2024-08-30,Ohio St.,UAlbany,Home,,6,1.0,6.0,3.0,18.0,12.0,,,,,1.0,1.0,,11.0,6.0,,,,1.0,1.0
518,2024-09-01,Ohio St.,Bucknell,Home,,4,1.0,4.0,3.0,25.0,17.0,,,,1.0,,1.0,1.0,8.0,6.0,,,,,3.0
518,2024-09-06,Ohio St.,Colgate,Away,,5,0.0,5.0,4.0,18.0,11.0,23.0,,,,1.0,,,4.0,3.0,19.0,,,,
518,2024-09-08,Ohio St.,Syracuse,Away,,5,0.0,5.0,4.0,11.0,8.0,,,,,,,,8.0,6.0,,,1.0,1.0,
518,2024-09-13,Ohio St.,Richmond,Away,,2,0.0,2.0,2.0,17.0,10.0,,,,1.0,,,,7.0,2.0,,,,1.0,
518,2024-09-15,Ohio St.,Old Dominion,Away,,2,1.0,2.0,1.0,12.0,8.0,,,,1.0,,1.0,2.0,5.0,4.0,,,,1.0,1.0
518,2024-09-20,Ohio St.,Michigan St.,Home,,4,0.0,4.0,4.0,19.0,9.0,,,,,,,,8.0,4.0,,,,1.0,
518,2024-09-22,Ohio St.,Brown,Home,,5,2.0,5.0,5.0,24.0,15.0,,,1.0,2.0,,2.0,3.0,11.0,6.0,,,,1.0,2.0
518,2024-09-29,Ohio St.,Louisville,Home,,4,,4.0,3.0,16.0,10.0,,,,1.0,,3.0,3.0,8.0,4.0,,,,,
518,2024-10-06,Ohio St.,Michigan,Away,,0,1.0,,,8.0,4.0,,,,,,1.0,,10.0,3.0,,,1.0,3.0,
518,2024-10-11,Ohio St.,Penn St.,Home,,4,0.0,4.0,2.0,11.0,8.0,,,,1.0,,,,11.0,2.0,,,,1.0,
518,2024-10-13,Ohio St.,Kent St.,Home,,3,0.0,3.0,2.0,17.0,9.0,,,,1.0,,,,1.0,,,,,1.0,1.0
518,2024-10-18,Ohio St.,Maryland,Away,,2,1.0,2.0,2.0,6.0,4.0,,,,,2.0,1.0,,15.0,12.0,,,,,
518,2024-10-20,Ohio St.,Rutgers,Away,,0,1.0,,,8.0,4.0,,,,,,1.0,1.0,13.0,6.0,,,,,
518,2024-10-25,Ohio St.,Indiana,Home,,2,,1.0,,18.0,6.0,,,,2.0,,1.0,,10.0,4.0,,,,1.0,
518,2024-10-27,Ohio St.,Iowa,Home,,0,3.0,,,11.0,5.0,,,,2.0,,3.0,1.0,8.0,5.0,,,,2.0,
518,2024-11-01,Ohio St.,Northwestern,Away,,1,2.0,1.0,,6.0,4.0,,,,1.0,,2.0,3.0,20.0,13.0,,,,,
518,2024-11-03,Ohio St.,Central Mich.,Home,,7,1.0,7.0,4.0,31.0,18.0,,,,2.0,1.0,1.0,1.0,6.0,3.0,,,,3.0,
518,2024-11-07,Ohio St.,Rutgers,Home,,1,2.0,1.0,1.0,9.0,4.0,34.0,,,1.0,,2.0,2.0,12.0,7.0,31.0,,,,
523,2024-08-30,Old Dominion,Richmond,Away,,3,0.0,3.0,6.0,13.0,9.0,,,,1.0,,,,6.0,3.0,,,,2.0,1.0
523,2024-09-01,Old Dominion,Hofstra,Away,,3,0.0,3.0,,19.0,13.0,38.0,,,,,,,2.0,2.0,27.0,,,1.0,
523,2024-09-06,Old Dominion,Queens (NC),Away,,9,0.0,9.0,3.0,25.0,22.0,21.0,,,,,,,3.0,1.0,19.0,,,,
523,2024-09-08,Old Dominion,William & Mary,Away,,4,1.0,4.0,3.0,22.0,15.0,,,,2.0,1.0,1.0,,3.0,3.0,,,,1.0,
523,2024-09-13,Old Dominion,Duke,Home,,0,2.0,,,6.0,2.0,,,,1.0,1.0,2.0,1.0,8.0,6.0,,,,1.0,
523,2024-09-15,Old Dominion,Ohio St.,Home,,1,2.0,1.0,2.0,5.0,4.0,,,,1.0,1.0,2.0,1.0,12.0,8.0,,,,1.0,
523,2024-09-20,Old Dominion,Liberty,Home,,3,2.0,3.0,3.0,11.0,7.0,,,1.0,,,2.0,1.0,11.0,8.0,,,,,
523,2024-09-27,Old Dominion,Temple,Away,,0,,,,8.0,5.0,,,,1.0,,1.0,1.0,8.0,4.0,,,,,1.0
523,2024-09-29,Old Dominion,VCU,Away,,1,,1.0,1.0,15.0,6.0,56.0,,,2.0,,2.0,1.0,15.0,10.0,49.0,,,1.0,
523,2024-10-04,Old Dominion,Providence,Home,,8,1.0,8.0,12.0,20.0,16.0,,,,1.0,,1.0,1.0,3.0,2.0,,,,2.0,
523,2024-10-10,Old Dominion,Georgetown,Away,,5,0.0,5.0,6.0,22.0,13.0,21.0,,,,,,,,,37.0,,,,
523,2024-10-13,Old Dominion,James Madison,Home,,3,,3.0,4.0,22.0,14.0,,,,1.0,,2.0,1.0,7.0,3.0,,,,2.0,
523,2024-10-18,Old Dominion,Villanova,Home,,2,1.0,2.0,3.0,15.0,9.0,,,,2.0,,1.0,,3.0,2.0,,,,1.0,
523,2024-10-20,Old Dominion,North Carolina,Away,,1,3.0,1.0,1.0,4.0,3.0,,,,1.0,,3.0,3.0,21.0,11.0,,,,2.0,
523,2024-10-25,Old Dominion,Quinnipiac,Away,,2,,2.0,3.0,19.0,15.0,18.0,,,2.0,,1.0,1.0,3.0,3.0,28.0,,,1.0,1.0
523,2024-10-27,Old Dominion,App State,Home,,2,1.0,2.0,3.0,15.0,12.0,,,,,,1.0,1.0,5.0,3.0,,,,1.0,
523,2024-11-01,Old Dominion,UConn,Home,,1,3.0,1.0,2.0,17.0,8.0,,,,,,3.0,2.0,6.0,5.0,,,1.0,2.0,1.0
523,2024-11-08,Old Dominion,Temple,Home,,1,,1.0,,6.0,4.0,,,,2.0,,2.0,2.0,8.0,5.0,,,,,
540,2024-09-06,Penn,North Carolina,Home,,0,5.0,,,3.0,1.0,,,1.0,,1.0,5.0,4.0,25.0,15.0,,,1.0,,
540,2024-09-08,Penn,Louisville,Away,,1,3.0,1.0,1.0,3.0,2.0,,,,1.0,,3.0,1.0,17.0,10.0,,,,,
540,2024-09-13,Penn,Temple,Home,,3,1.0,3.0,2.0,9.0,7.0,,,,1.0,,1.0,,14.0,6.0,,,,,
540,2024-09-15,Penn,Saint Joseph's,Away,,1,5.0,1.0,1.0,3.0,1.0,,,,,1.0,5.0,7.0,10.0,7.0,,,,1.0,
540,2024-09-20,Penn,Princeton,Home,,0,3.0,,,8.0,4.0,,,,2.0,,3.0,3.0,20.0,10.0,,,,2.0,
540,2024-09-22,Penn,Drexel,Away,,1,2.0,1.0,,13.0,4.0,22.0,,,1.0,,2.0,2.0,5.0,3.0,21.0,,,1.0,
540,2024-09-27,Penn,Yale,Away,,1,,1.0,1.0,15.0,6.0,,,1.0,2.0,,2.0,2.0,12.0,5.0,,,3.0,1.0,1.0
540,2024-09-29,Penn,American,Home,,0,1.0,,,11.0,5.0,,,,2.0,1.0,1.0,,9.0,5.0,,,2.0,,
540,2024-10-04,Penn,Columbia,Home,,2,,2.0,1.0,20.0,12.0,,,1.0,5.0,,1.0,1.0,9.0,7.0,,,,2.0,
540,2024-10-06,Penn,Villanova,Home,,1,5.0,1.0,1.0,15.0,6.0,,,1.0,1.0,,5.0,6.0,14.0,10.0,,,,3.0,
540,2024-10-11,Penn,Dartmouth,Away,,3,0.0,3.0,2.0,14.0,6.0,,,,1.0,,,,3.0,3.0,,,2.0,1.0,
540,2024-10-19,Penn,Cornell,Home,,2,,2.0,1.0,16.0,13.0,,,,,,3.0,3.0,7.0,4.0,,,,,1.0
540,2024-10-20,Penn,Richmond,Home,,2,,2.0,1.0,18.0,12.0,,,1.0,2.0,,1.0,,7.0,4.0,,,,,
540,2024-10-25,Penn,Harvard,Home,,1,2.0,1.0,1.0,6.0,4.0,,,,1.0,,2.0,1.0,12.0,6.0,,,,2.0,
540,2024-10-27,Penn,Delaware,Home,,1,2.0,1.0,1.0,10.0,7.0,,,,1.0,,2.0,3.0,8.0,5.0,,,,2.0,
540,2024-11-02,Penn,Brown,Away,,3,4.0,3.0,3.0,16.0,10.0,,,,2.0,2.0,4.0,4.0,23.0,11.0,,,1.0,2.0,1.0
539,2024-08-30,Penn St.,Virginia,Home,,1,2.0,1.0,1.0,6.0,1.0,,,,,,2.0,1.0,24.0,13.0,,,,2.0,
539,2024-09-01,Penn St.,Syracuse,Home,,1,2.0,1.0,,8.0,5.0,,,1.0,1.0,,2.0,2.0,7.0,5.0,,,1.0,1.0,
539,2024-09-06,Penn St.,Saint Joseph's,Away,,1,4.0,1.0,,4.0,3.0,,,,2.0,,4.0,4.0,22.0,14.0,,,,1.0,
539,2024-09-08,Penn St.,Delaware,Away,,5,4.0,5.0,3.0,18.0,13.0,21.0,,,,,4.0,3.0,11.0,6.0,17.0,,1.0,,
539,2024-09-13,Penn St.,Kent St.,Away,,4,1.0,4.0,1.0,28.0,20.0,,,,1.0,,1.0,1.0,5.0,3.0,,,1.0,2.0,1.0
539,2024-09-15,Penn St.,Princeton,Home,,3,2.0,3.0,2.0,10.0,6.0,,,,,,2.0,1.0,13.0,9.0,,,,2.0,
539,2024-09-22,Penn St.,Bucknell,Away,,2,,2.0,1.0,12.0,9.0,,,,1.0,1.0,1.0,2.0,12.0,9.0,,,,,
539,2024-09-27,Penn St.,Indiana,Home,,3,2.0,3.0,3.0,10.0,6.0,,,,2.0,,2.0,2.0,10.0,5.0,,,,,
539,2024-09-29,Penn St.,Lafayette,Home,,5,1.0,5.0,3.0,10.0,7.0,,,,2.0,2.0,1.0,1.0,16.0,9.0,,,,,
539,2024-10-04,Penn St.,Iowa,Away,,0,1.0,,,11.0,6.0,,,,2.0,,1.0,1.0,8.0,4.0,,,,2.0,
539,2024-10-06,Penn St.,Northwestern,Away,,2,7.0,2.0,3.0,13.0,9.0,,,,3.0,,7.0,8.0,29.0,17.0,,,,,
539,2024-10-11,Penn St.,Ohio St.,Away,,0,4.0,,,11.0,2.0,,,,1.0,,4.0,2.0,11.0,8.0,,,,1.0,
539,2024-10-13,Penn St.,Ohio,Away,,5,0.0,5.0,2.0,16.0,6.0,,,,,,,,1.0,,,,,,
539,2024-10-18,Penn St.,Michigan,Home,,0,6.0,,,8.0,5.0,,,,,,6.0,7.0,15.0,11.0,,,1.0,1.0,
539,2024-10-20,Penn St.,Michigan St.,Home,,2,,2.0,,34.0,19.0,,,,2.0,,1.0,1.0,7.0,5.0,,,1.0,2.0,
539,2024-10-25,Penn St.,Rutgers,Away,,0,1.0,,,3.0,2.0,,,,1.0,,1.0,,18.0,10.0,,,,,
539,2024-11-01,Penn St.,Maryland,Home,,2,4.0,2.0,1.0,8.0,6.0,,,,,1.0,4.0,4.0,15.0,10.0,,,,2.0,
554,2024-09-06,Princeton,Louisville,Home,,1,0.0,1.0,1.0,11.0,6.0,,,,2.0,1.0,,,8.0,2.0,,,,1.0,1.0
554,2024-09-08,Princeton,North Carolina,Home,,0,2.0,,,7.0,2.0,,,,1.0,,2.0,1.0,24.0,12.0,,,1.0,1.0,
554,2024-09-13,Princeton,Miami (OH),Home,,1,,1.0,,9.0,7.0,,,,3.0,1.0,,,5.0,4.0,,,1.0,,
554,2024-09-15,Princeton,Penn St.,Away,,2,3.0,2.0,1.0,13.0,9.0,,,,2.0,,3.0,2.0,10.0,6.0,,,,,
554,2024-09-20,Princeton,Penn,Away,,3,0.0,3.0,3.0,20.0,10.0,,,,2.0,,,,8.0,4.0,,,,2.0,
554,2024-09-22,Princeton,Rutgers,Away,,3,2.0,3.0,2.0,13.0,9.0,,,,2.0,,2.0,,15.0,6.0,,,,1.0,1.0
554,2024-09-27,Princeton,Columbia,Away,,1,0.0,1.0,,13.0,7.0,25.0,,,,,,,2.0,,19.0,,,3.0,1.0
554,2024-09-29,Princeton,Northwestern,Home,,2,3.0,2.0,2.0,7.0,4.0,,,,2.0,1.0,3.0,1.0,17.0,13.0,,,1.0,1.0,1.0
554,2024-10-04,Princeton,Cornell,Away,,3,1.0,3.0,3.0,17.0,9.0,,,,,,1.0,1.0,3.0,2.0,,1.0,1.0,1.0,
554,2024-10-06,Princeton,Syracuse,Away,,1,2.0,1.0,1.0,10.0,4.0,,,1.0,1.0,,2.0,3.0,12.0,8.0,,,1.0,2.0,2.0
554,2024-10-11,Princeton,Brown,Home,,4,2.0,4.0,4.0,11.0,6.0,,,1.0,1.0,1.0,2.0,1.0,15.0,5.0,,,,1.0,
554,2024-10-13,Princeton,Delaware,Home,,2,,2.0,3.0,21.0,10.0,,,,,,1.0,1.0,5.0,2.0,,,,1.0,1.0
554,2024-10-19,Princeton,Harvard,Away,,2,,2.0,3.0,10.0,7.0,27.0,,,2.0,,1.0,1.0,7.0,4.0,22.0,,,1.0,
554,2024-10-25,Princeton,Maryland,Home,,2,1.0,2.0,1.0,8.0,3.0,,,,,,1.0,2.0,4.0,4.0,,,1.0,1.0,
554,2024-10-27,Princeton,Dartmouth,Home,,5,1.0,5.0,6.0,17.0,12.0,,,,,,1.0,,5.0,2.0,,,,,
554,2024-11-02,Princeton,Yale,Home,,1,0.0,1.0,,14.0,7.0,,,1.0,2.0,,,,9.0,1.0,,,,2.0,
554,2024-11-08,Princeton,Columbia,Home,,4,0.0,4.0,4.0,18.0,13.0,,,,,,,,1.0,1.0,,,,,1.0
554,2024-11-10,Princeton,Harvard,Home,,1,,1.0,1.0,11.0,6.0,,,,2.0,1.0,2.0,1.0,8.0,7.0,,,,1.0,
554,2024-11-15,Princeton,Boston College,Home,,1,0.0,1.0,2.0,6.0,4.0,,,,,,,,3.0,1.0,,,1.0,1.0,
554,2024-11-17,Princeton,Saint Joseph's,Away,,0,1.0,,,3.0,2.0,64.0,,,1.0,,1.0,1.0,2.0,1.0,50.0,,,,
556,2024-08-30,Providence,Boston U.,Home,,0,3.0,,,10.0,7.0,,,,,,3.0,3.0,10.0,8.0,,,,,
556,2024-09-01,Providence,Bryant,Away,,2,1.0,2.0,2.0,9.0,8.0,23.0,,1.0,2.0,,1.0,,2.0,1.0,12.0,,1.0,2.0,
556,2024-09-06,Providence,Stonehill,Home,,3,0.0,3.0,4.0,14.0,7.0,,,,1.0,,,,6.0,3.0,,,,1.0,
556,2024-09-08,Providence,Michigan,Home,,1,8.0,1.0,1.0,8.0,5.0,,,1.0,2.0,,8.0,4.0,19.0,13.0,,,1.0,,1.0
556,2024-09-12,Providence,Dartmouth,Home,,4,2.0,4.0,4.0,12.0,10.0,,,,,,2.0,2.0,7.0,5.0,,,,,
556,2024-09-15,Providence,Boston College,Home,,1,3.0,1.0,1.0,6.0,4.0,,,,,,3.0,3.0,11.0,7.0,,,,1.0,1.0
556,2024-09-20,Providence,Quinnipiac,Away,,2,0.0,2.0,2.0,15.0,9.0,51.0,,,1.0,,,,5.0,2.0,52.0,,,,
556,2024-09-22,Providence,Holy Cross,Home,,4,,3.0,4.0,14.0,9.0,,,1.0,2.0,,3.0,1.0,10.0,6.0,,,,1.0,
556,2024-09-27,Providence,Liberty,Home,,1,2.0,1.0,1.0,4.0,2.0,,,,,1.0,2.0,2.0,10.0,5.0,,,,,
556,2024-09-29,Providence,New Hampshire,Away,,1,6.0,1.0,1.0,10.0,3.0,,,,1.0,1.0,6.0,4.0,12.0,9.0,,,,2.0,
556,2024-10-04,Providence,Old Dominion,Away,,1,8.0,1.0,1.0,3.0,2.0,,,,2.0,,8.0,12.0,20.0,16.0,,,,1.0,
556,2024-10-06,Providence,Lafayette,Away,,1,2.0,1.0,,5.0,4.0,16.0,,,1.0,,2.0,,17.0,12.0,23.0,,,,
556,2024-10-11,Providence,Temple,Away,,0,1.0,,,8.0,3.0,,,2.0,3.0,,1.0,1.0,13.0,7.0,,,,1.0,
556,2024-10-18,Providence,UConn,Home,,3,,3.0,1.0,7.0,4.0,,,,,1.0,2.0,3.0,20.0,8.0,,,,2.0,
556,2024-10-25,Providence,Georgetown,Away,,4,1.0,4.0,3.0,14.0,11.0,32.0,,,3.0,1.0,1.0,,7.0,5.0,32.0,,,,
556,2024-10-27,Providence,Brown,Away,,1,2.0,1.0,2.0,6.0,4.0,,,2.0,1.0,,2.0,1.0,29.0,17.0,,,,1.0,
556,2024-11-01,Providence,Villanova,Home,,2,3.0,2.0,3.0,10.0,5.0,,,1.0,3.0,,3.0,2.0,12.0,6.0,,,2.0,2.0,
11504,2024-08-30,Queens (NC),Temple,Away,,0,7.0,,,2.0,1.0,,,,2.0,2.0,7.0,6.0,38.0,25.0,,,,1.0,
11504,2024-09-01,Queens (NC),La Salle,Away,,1,4.0,1.0,,5.0,2.0,32.0,,,3.0,,4.0,3.0,31.0,15.0,24.0,,,,
11504,2024-09-06,Queens (NC),Old Dominion,Home,,0,9.0,,,3.0,1.0,19.0,,,,,9.0,3.0,25.0,22.0,21.0,,,,
11504,2024-09-08,Queens (NC),Davidson,Home,,1,4.0,1.0,1.0,2.0,2.0,42.0,,,2.0,,4.0,4.0,16.0,13.0,26.0,,,1.0,1.0
11504,2024-09-13,Queens (NC),Longwood,Away,,1,3.0,1.0,1.0,9.0,8.0,47.0,,1.0,,,3.0,1.0,15.0,9.0,35.0,,,2.0,
11504,2024-09-15,Queens (NC),Towson,Away,,0,4.0,,,7.0,4.0,,,,2.0,,4.0,5.0,24.0,9.0,,,,,
11504,2024-09-20,Queens (NC),Saint Francis,Home,,0,3.0,,,7.0,3.0,26.0,,1.0,2.0,,3.0,3.0,16.0,7.0,32.0,,1.0,1.0,
11504,2024-09-29,Queens (NC),James Madison,Home,,0,7.0,,,,,24.0,,,,,7.0,3.0,26.0,16.0,13.0,,,1.0,
11504,2024-10-06,Queens (NC),VCU,Home,,0,8.0,,,5.0,2.0,25.0,,,2.0,,8.0,3.0,25.0,18.0,25.0,,,,
11504,2024-10-13,Queens (NC),Stonehill,Home,,3,6.0,3.0,,11.0,7.0,,,,,1.0,6.0,4.0,23.0,15.0,,,,2.0,
11504,2024-10-15,Queens (NC),Bryant,Away,,2,5.0,2.0,2.0,7.0,5.0,10.0,,,1.0,,5.0,6.0,18.0,11.0,13.0,,,1.0,
11504,2024-10-18,Queens (NC),Wingate,Home,,6,0.0,6.0,3.0,23.0,13.0,19.0,,,,,,,1.0,,22.0,,,1.0,
11504,2024-10-20,Queens (NC),Ball St.,Home,,3,,3.0,3.0,6.0,6.0,28.0,,,1.0,,2.0,2.0,22.0,14.0,26.0,,1.0,2.0,
11504,2024-10-27,Queens (NC),Lock Haven,Home,,0,3.0,,,2.0,1.0,16.0,,,3.0,,3.0,1.0,21.0,13.0,26.0,,,2.0,
11504,2024-11-01,Queens (NC),App State,Away,,0,5.0,,,1.0,1.0,,,,,,5.0,4.0,30.0,21.0,,,,1.0,
562,2024-08-30,Quinnipiac,LIU,Home,,1,2.0,1.0,1.0,11.0,8.0,32.0,,,1.0,,2.0,1.0,10.0,6.0,36.0,,,1.0,1.0
562,2024-09-01,Quinnipiac,Northeastern,Away,,2,3.0,2.0,2.0,6.0,3.0,,1.0,2.0,1.0,,3.0,3.0,31.0,15.0,,,,3.0,
562,2024-09-06,Quinnipiac,New Hampshire,Home,,0,4.0,,,12.0,5.0,42.0,,,1.0,2.0,4.0,3.0,21.0,12.0,40.0,,,1.0,
562,2024-09-08,Quinnipiac,Stonehill,Home,,1,,1.0,,21.0,10.0,48.0,,2.0,,,,,4.0,,48.0,,1.0,,1.0
562,2024-09-13,Quinnipiac,Lafayette,Away,,2,3.0,2.0,,8.0,5.0,32.0,,,,4.0,3.0,4.0,29.0,16.0,34.0,,,,
562,2024-09-15,Quinnipiac,Merrimack,Home,,7,1.0,7.0,7.0,41.0,21.0,28.0,,,,,1.0,1.0,2.0,1.0,45.0,,,,1.0
562,2024-09-20,Quinnipiac,Providence,Home,,0,2.0,,,5.0,2.0,52.0,,,,,2.0,2.0,15.0,9.0,51.0,,,1.0,
562,2024-09-22,Quinnipiac,Massachusetts,Away,,0,4.0,,,5.0,5.0,,,,,,4.0,5.0,31.0,15.0,,,,,1.0
562,2024-09-27,Quinnipiac,Villanova,Away,,2,4.0,2.0,1.0,12.0,6.0,41.0,,,1.0,,4.0,5.0,27.0,15.0,44.0,,,,
562,2024-09-29,Quinnipiac,Yale,Away,,2,4.0,2.0,,16.0,7.0,,,1.0,1.0,1.0,4.0,2.0,28.0,21.0,,,,2.0,1.0
562,2024-10-04,Quinnipiac,Georgetown,Home,,1,,1.0,1.0,12.0,6.0,51.0,,,2.0,,2.0,2.0,9.0,5.0,56.0,,,1.0,
562,2024-10-06,Quinnipiac,Lehigh,Home,,1,2.0,1.0,1.0,13.0,4.0,38.0,,2.0,1.0,,2.0,2.0,11.0,5.0,37.0,,,1.0,
562,2024-10-11,Quinnipiac,UConn,Away,,0,6.0,,,4.0,2.0,11.0,,,,1.0,6.0,6.0,22.0,17.0,9.0,,,,
562,2024-10-14,Quinnipiac,Brown,Home,,0,4.0,,,4.0,3.0,37.0,,,1.0,,4.0,3.0,21.0,10.0,25.0,,,1.0,
562,2024-10-18,Quinnipiac,Liberty,Away,,0,9.0,,,6.0,2.0,,,,1.0,,9.0,5.0,29.0,16.0,,,,2.0,
562,2024-10-25,Quinnipiac,Old Dominion,Home,,1,,1.0,1.0,3.0,3.0,28.0,,,1.0,1.0,2.0,3.0,19.0,15.0,18.0,,,2.0,
562,2024-10-27,Quinnipiac,Sacred Heart,Home,,1,2.0,1.0,2.0,10.0,4.0,49.0,,,3.0,,2.0,2.0,7.0,4.0,47.0,,,2.0,
562,2024-11-01,Quinnipiac,Temple,Away,,1,2.0,1.0,1.0,6.0,3.0,,,,1.0,1.0,2.0,2.0,14.0,8.0,,,,,2.0
575,2024-08-30,Richmond,Old Dominion,Home,,0,3.0,,,6.0,3.0,,,,2.0,1.0,3.0,6.0,13.0,9.0,,,,1.0,
575,2024-09-01,Richmond,William & Mary,Away,,7,1.0,7.0,5.0,26.0,17.0,,,,,,1.0,,9.0,3.0,,,,2.0,2.0
575,2024-09-06,Richmond,App State,Home,,2,1.0,2.0,2.0,6.0,3.0,,,,,,1.0,,18.0,9.0,,,,1.0,
575,2024-09-08,Richmond,Temple,Home,,3,,3.0,2.0,10.0,7.0,,,,3.0,,2.0,1.0,16.0,13.0,,,,1.0,
575,2024-09-13,Richmond,Ohio St.,Home,,0,2.0,,,7.0,2.0,,,,1.0,,2.0,2.0,17.0,10.0,,,,1.0,
575,2024-09-15,Richmond,Longwood,Away,,2,,2.0,,16.0,8.0,52.0,,,,,1.0,1.0,7.0,4.0,43.0,,,1.0,
575,2024-09-20,Richmond,Saint Louis,Away,,3,1.0,3.0,3.0,13.0,8.0,,,,2.0,,1.0,1.0,6.0,4.0,,,,2.0,1.0
575,2024-09-27,Richmond,Davidson,Home,,5,,5.0,7.0,16.0,6.0,,,,2.0,,4.0,2.0,15.0,11.0,,,,1.0,
575,2024-09-29,Richmond,Towson,Home,,2,,2.0,3.0,16.0,11.0,,,,1.0,,1.0,,11.0,7.0,,,,1.0,1.0
575,2024-10-04,Richmond,La Salle,Home,,4,0.0,4.0,5.0,19.0,13.0,,,,1.0,,,,7.0,3.0,,,,1.0,
575,2024-10-06,Richmond,James Madison,Away,,1,2.0,1.0,2.0,5.0,4.0,31.0,,1.0,3.0,1.0,2.0,3.0,7.0,5.0,45.0,,,2.0,
575,2024-10-11,Richmond,Lock Haven,Away,,4,2.0,4.0,2.0,19.0,9.0,16.0,,,1.0,,2.0,2.0,8.0,3.0,19.0,,,,
575,2024-10-13,Richmond,Georgetown,Home,,3,1.0,3.0,3.0,16.0,9.0,,,,1.0,,1.0,2.0,10.0,5.0,,,,,
575,2024-10-18,Richmond,Saint Joseph's,Away,,0,7.0,,,,,,,,1.0,,7.0,6.0,22.0,16.0,,,,,
575,2024-10-20,Richmond,Penn,Away,,1,,1.0,,7.0,4.0,,,,,,2.0,1.0,18.0,12.0,,,1.0,2.0,
575,2024-10-25,Richmond,Massachusetts,Home,,0,3.0,,,1.0,,,,,,,3.0,,13.0,8.0,,,,1.0,
575,2024-10-27,Richmond,Maryland,Away,,0,3.0,,,1.0,1.0,,,,2.0,1.0,3.0,2.0,20.0,13.0,,,1.0,1.0,
575,2024-11-01,Richmond,VCU,Away,,1,0.0,1.0,1.0,6.0,3.0,45.0,,,,,,,9.0,2.0,47.0,,,,
575,2024-11-07,Richmond,Saint Joseph's,Away,,1,6.0,1.0,2.0,2.0,2.0,,,,,,6.0,1.0,18.0,11.0,,,,,
576,2024-08-30,Rider,Colgate,Away,,5,1.0,5.0,4.0,28.0,22.0,35.0,,,2.0,,1.0,1.0,4.0,3.0,24.0,,,2.0,1.0
576,2024-09-01,Rider,Mercyhurst,Home,,7,0.0,7.0,5.0,49.0,36.0,42.0,,,1.0,,,,2.0,1.0,41.0,,,,3.0
576,2024-09-06,Rider,Bellarmine,Home,,1,,1.0,,19.0,10.0,64.0,,,,1.0,2.0,1.0,10.0,6.0,46.0,,,2.0,
576,2024-09-08,Rider,Lehigh,Home,,1,2.0,1.0,1.0,14.0,8.0,60.0,,,1.0,1.0,2.0,1.0,10.0,9.0,40.0,,,,2.0
576,2024-09-13,Rider,Monmouth,Away,,0,5.0,,,12.0,7.0,,,,,1.0,5.0,3.0,21.0,14.0,,,,1.0,
576,2024-09-15,Rider,Georgetown,Home,,3,2.0,3.0,3.0,21.0,14.0,33.0,,,1.0,,2.0,2.0,9.0,6.0,30.0,,,2.0,1.0
576,2024-09-22,Rider,Lock Haven,Away,,5,3.0,5.0,2.0,20.0,13.0,5.0,,5.0,,,3.0,3.0,14.0,8.0,14.0,,1.0,1.0,2.0
576,2024-09-27,Rider,Fairfield,Home,,1,0.0,1.0,1.0,6.0,5.0,54.0,,,2.0,,,,14.0,8.0,66.0,,1.0,3.0,
576,2024-09-29,Rider,Drexel,Away,,0,4.0,,,10.0,5.0,17.0,,,1.0,,4.0,4.0,20.0,9.0,11.0,,,,
576,2024-10-04,Rider,Stonehill,Away,,2,,2.0,1.0,10.0,8.0,,,1.0,2.0,,3.0,3.0,11.0,10.0,,,,2.0,
576,2024-10-06,Rider,Holy Cross,Away,,2,4.0,2.0,2.0,20.0,15.0,,,,2.0,,4.0,2.0,14.0,12.0,,,,2.0,2.0
576,2024-10-11,Rider,Saint Francis,Away,,3,2.0,3.0,2.0,12.0,11.0,66.0,,,1.0,,2.0,3.0,7.0,6.0,44.0,,,,1.0
576,2024-10-13,Rider,Hofstra,Away,,3,1.0,3.0,2.0,15.0,8.0,38.0,,2.0,1.0,,1.0,1.0,15.0,8.0,39.0,,,2.0,
576,2024-10-18,Rider,Merrimack,Home,,7,0.0,7.0,5.0,29.0,19.0,44.0,,,,,,,3.0,3.0,20.0,,,,
576,2024-10-20,Rider,Sacred Heart,Away,,3,0.0,3.0,3.0,17.0,8.0,,,,1.0,1.0,,,11.0,5.0,,,,1.0,
576,2024-10-25,Rider,LIU,Away,,4,0.0,4.0,1.0,15.0,7.0,,,,,,,,19.0,8.0,,,,3.0,
576,2024-10-27,Rider,La Salle,Away,,2,3.0,2.0,,17.0,7.0,18.0,,,1.0,,3.0,3.0,13.0,8.0,20.0,,,1.0,
576,2024-11-01,Rider,Wagner,Home,,1,2.0,1.0,,17.0,11.0,58.0,,,1.0,,2.0,,9.0,7.0,50.0,,2.0,1.0,
576,2024-11-07,Rider,Fairfield,Home,,1,2.0,1.0,,6.0,3.0,,,,2.0,,2.0,2.0,8.0,7.0,,,,1.0,
587,2024-09-01,Rutgers,Vermont,Home,,5,0.0,5.0,3.0,28.0,17.0,,,,1.0,1.0,,,9.0,3.0,,,,,1.0
587,2024-09-06,Rutgers,Monmouth,Away,,3,,3.0,3.0,20.0,13.0,,,,1.0,,2.0,2.0,9.0,5.0,,,,2.0,
587,2024-09-08,Rutgers,UConn,Home,,1,2.0,1.0,1.0,11.0,6.0,,,,,2.0,2.0,3.0,11.0,9.0,,,,2.0,
587,2024-09-11,Rutgers,Saint Joseph's,Home,,0,1.0,,,9.0,3.0,,,,1.0,,1.0,1.0,9.0,4.0,,,,,
587,2024-09-15,Rutgers,Miami (OH),Home,,6,1.0,6.0,5.0,14.0,9.0,,,,2.0,,1.0,1.0,6.0,4.0,,,,,
587,2024-09-20,Rutgers,Maryland,Away,,2,3.0,2.0,3.0,6.0,4.0,,,,1.0,1.0,3.0,2.0,9.0,6.0,,,,1.0,1.0
587,2024-09-22,Rutgers,Princeton,Home,,2,3.0,2.0,,15.0,6.0,,,,1.0,1.0,3.0,2.0,13.0,9.0,,,,2.0,
587,2024-09-27,Rutgers,Iowa,Home,,3,,2.0,4.0,18.0,5.0,,,,2.0,,2.0,2.0,13.0,8.0,,,,,
587,2024-10-04,Rutgers,Northwestern,Away,,0,4.0,,,12.0,6.0,,,2.0,1.0,,4.0,3.0,17.0,11.0,,,,,
587,2024-10-06,Rutgers,Indiana,Away,,3,,3.0,6.0,8.0,7.0,,,,3.0,,4.0,1.0,15.0,8.0,,,,2.0,
587,2024-10-11,Rutgers,Michigan,Away,,0,4.0,,,5.0,2.0,,,,,,4.0,3.0,16.0,9.0,,,,,
587,2024-10-18,Rutgers,Michigan St.,Home,,2,0.0,2.0,1.0,10.0,7.0,,,,1.0,,,,4.0,2.0,,,,1.0,
587,2024-10-20,Rutgers,Ohio St.,Home,,1,0.0,1.0,1.0,13.0,6.0,,,,,,,,8.0,4.0,,,,,
587,2024-10-25,Rutgers,Penn St.,Home,,1,0.0,1.0,,18.0,10.0,,,,,,,,3.0,2.0,,,,1.0,
587,2024-11-01,Rutgers,UMass Lowell,Away,,1,,1.0,,16.0,9.0,,,,,,2.0,2.0,8.0,5.0,,,,,2.0
587,2024-11-07,Rutgers,Ohio St.,Home,,2,1.0,2.0,2.0,12.0,7.0,31.0,,,,,1.0,1.0,9.0,4.0,34.0,,,1.0,
587,2024-11-08,Rutgers,Northwestern,Home,,0,2.0,,,6.0,2.0,37.0,,2.0,2.0,4.0,2.0,2.0,12.0,10.0,39.0,,1.0,2.0,
590,2024-08-30,Sacred Heart,Drexel,Away,,1,2.0,1.0,1.0,5.0,5.0,24.0,,,,1.0,2.0,1.0,19.0,13.0,29.0,,,,
590,2024-09-01,Sacred Heart,Villanova,Away,,0,3.0,,,4.0,1.0,21.0,,,,1.0,3.0,4.0,28.0,18.0,37.0,,,,
590,2024-09-06,Sacred Heart,Mercyhurst,Away,,1,0.0,1.0,1.0,20.0,15.0,23.0,,,1.0,1.0,,,2.0,2.0,18.0,,,3.0,2.0
590,2024-09-08,Sacred Heart,Bryant,Away,,2,1.0,2.0,1.0,8.0,7.0,31.0,,,3.0,,1.0,1.0,10.0,8.0,21.0,,,1.0,
590,2024-09-13,Sacred Heart,Hofstra,Home,,1,,1.0,1.0,12.0,5.0,,,,1.0,,1.0,,12.0,6.0,,,1.0,2.0,
590,2024-09-15,Sacred Heart,Dartmouth,Away,,2,3.0,2.0,2.0,7.0,4.0,,,,,,3.0,4.0,10.0,8.0,,,,,
590,2024-09-20,Sacred Heart,Yale,Away,,1,5.0,1.0,1.0,3.0,1.0,,,,,,5.0,4.0,29.0,12.0,,,,1.0,
590,2024-09-25,Sacred Heart,Holy Cross,Away,,1,2.0,1.0,1.0,22.0,18.0,,,,1.0,,2.0,2.0,9.0,8.0,,,,1.0,1.0
590,2024-09-27,Sacred Heart,Merrimack,Away,,2,,1.0,1.0,25.0,14.0,,,,,,1.0,,6.0,3.0,,,1.0,1.0,
590,2024-10-04,Sacred Heart,Saint Francis,Home,,0,2.0,,,8.0,4.0,,,,,,2.0,2.0,5.0,3.0,,,,2.0,1.0
590,2024-10-06,Sacred Heart,Georgetown,Home,,2,1.0,2.0,3.0,15.0,7.0,25.0,,,2.0,,1.0,,8.0,7.0,43.0,,,,1.0
590,2024-10-11,Sacred Heart,Wagner,Away,,1,,1.0,1.0,12.0,5.0,,,,2.0,2.0,2.0,2.0,16.0,8.0,,,1.0,1.0,
590,2024-10-13,Sacred Heart,Towson,Home,,3,2.0,3.0,2.0,9.0,7.0,,,,,,2.0,1.0,9.0,5.0,,,,1.0,
590,2024-10-18,Sacred Heart,Fairfield,Home,,0,1.0,,,12.0,3.0,27.0,,,,,1.0,,16.0,8.0,35.0,,1.0,1.0,
590,2024-10-20,Sacred Heart,Rider,Home,,0,3.0,,,11.0,5.0,,,,1.0,,3.0,3.0,17.0,8.0,,,,1.0,1.0
590,2024-10-25,Sacred Heart,Stonehill,Away,,1,2.0,1.0,1.0,10.0,6.0,,,,,1.0,2.0,,7.0,6.0,,,,1.0,
590,2024-10-27,Sacred Heart,Quinnipiac,Away,,2,1.0,2.0,2.0,7.0,4.0,47.0,,,2.0,,1.0,2.0,10.0,4.0,49.0,,,3.0,
590,2024-11-01,Sacred Heart,LIU,Home,,0,1.0,,,6.0,3.0,31.0,,,,,1.0,1.0,15.0,6.0,43.0,,1.0,1.0,
600,2024-08-30,Saint Francis,Ball St.,Away,,3,,3.0,1.0,12.0,9.0,,,,,1.0,2.0,1.0,24.0,23.0,,,2.0,2.0,
600,2024-09-01,Saint Francis,Miami (OH),Away,,0,5.0,,,3.0,2.0,,,,1.0,,5.0,5.0,16.0,13.0,,,,1.0,
600,2024-09-06,Saint Francis,Towson,Away,,1,5.0,1.0,2.0,13.0,4.0,,,,,,5.0,6.0,15.0,11.0,,,,,
600,2024-09-08,Saint Francis,Georgetown,Home,,1,0.0,1.0,,15.0,7.0,38.0,,,,,,,6.0,3.0,42.0,,,1.0,
600,2024-09-13,Saint Francis,Mercyhurst,Home,,4,0.0,4.0,4.0,22.0,14.0,29.0,,1.0,1.0,,,,,,43.0,,,1.0,
600,2024-09-15,Saint Francis,Mercyhurst,Away,,3,1.0,3.0,2.0,29.0,25.0,26.0,,,2.0,,1.0,,2.0,2.0,27.0,,,1.0,4.0
600,2024-09-20,Saint Francis,Queens (NC),Away,,3,0.0,3.0,3.0,16.0,7.0,32.0,,1.0,1.0,,,,7.0,3.0,26.0,,1.0,2.0,
600,2024-09-22,Saint Francis,Davidson,Away,,0,1.0,,,9.0,3.0,,,,,,1.0,,9.0,3.0,,,,,2.0
600,2024-09-27,Saint Francis,Stonehill,Home,,2,1.0,2.0,,15.0,10.0,48.0,,,2.0,,1.0,2.0,10.0,6.0,43.0,,,,
600,2024-10-04,Saint Francis,Sacred Heart,Away,,2,0.0,2.0,2.0,5.0,3.0,,,,2.0,1.0,,,8.0,4.0,,,,,
600,2024-10-06,Saint Francis,Drexel,Away,,1,2.0,1.0,1.0,6.0,2.0,21.0,,1.0,3.0,,2.0,2.0,26.0,12.0,26.0,,,2.0,
600,2024-10-11,Saint Francis,Rider,Home,,2,3.0,2.0,3.0,7.0,6.0,44.0,,,,1.0,3.0,2.0,12.0,11.0,66.0,,,1.0,
600,2024-10-13,Saint Francis,Lock Haven,Away,,3,,3.0,2.0,11.0,6.0,18.0,,,2.0,,2.0,1.0,7.0,5.0,10.0,,,1.0,
600,2024-10-18,Saint Francis,LIU,Away,,0,2.0,,,15.0,9.0,,,,,,2.0,4.0,15.0,10.0,,,,,
600,2024-10-20,Saint Francis,Wagner,Away,,4,,4.0,4.0,14.0,8.0,,,1.0,1.0,,5.0,4.0,18.0,12.0,,,,1.0,1.0
600,2024-10-25,Saint Francis,Fairfield,Home,,2,1.0,2.0,,6.0,5.0,45.0,,,,,1.0,1.0,8.0,7.0,37.0,,,1.0,
600,2024-10-27,Saint Francis,Bellarmine,Home,,1,,1.0,1.0,22.0,14.0,38.0,,,1.0,,2.0,2.0,6.0,4.0,38.0,,,,
600,2024-11-01,Saint Francis,Merrimack,Home,,5,1.0,5.0,3.0,23.0,12.0,24.0,,,,,1.0,1.0,1.0,1.0,39.0,,,,
606,2024-08-30,Saint Joseph's,UConn,Away,,4,,4.0,3.0,14.0,10.0,6.0,,,,,5.0,5.0,10.0,8.0,5.0,,,,
606,2024-08-31,Saint Joseph's,New Hampshire,Home,,4,2.0,4.0,3.0,11.0,11.0,1.0,,,1.0,,2.0,1.0,8.0,6.0,5.0,,,1.0,1.0
606,2024-09-06,Saint Joseph's,Penn St.,Home,,4,1.0,4.0,4.0,22.0,14.0,,,,1.0,,1.0,,4.0,3.0,,,,2.0,
606,2024-09-11,Saint Joseph's,Rutgers,Away,,1,0.0,1.0,1.0,9.0,4.0,,,,,,,,9.0,3.0,,,,1.0,
606,2024-09-13,Saint Joseph's,Villanova,Home,,6,2.0,6.0,4.0,14.0,10.0,,,,,,2.0,3.0,5.0,4.0,,,,1.0,1.0
606,2024-09-15,Saint Joseph's,Penn,Home,,5,1.0,5.0,7.0,10.0,7.0,,,,1.0,,1.0,1.0,3.0,1.0,,,,,1.0
606,2024-09-20,Saint Joseph's,Davidson,Away,,5,0.0,5.0,3.0,20.0,10.0,,,,2.0,,,,3.0,1.0,,,,1.0,
606,2024-09-22,Saint Joseph's,Duke,Away,,1,,,,14.0,2.0,,,,2.0,,,,10.0,3.0,,,,2.0,
606,2024-09-27,Saint Joseph's,Massachusetts,Home,,1,,1.0,1.0,6.0,4.0,,,,1.0,,2.0,1.0,9.0,8.0,,,1.0,,1.0
606,2024-10-04,Saint Joseph's,Lock Haven,Home,,13,1.0,13.0,14.0,35.0,22.0,,,,,,1.0,1.0,4.0,3.0,,,,,
606,2024-10-06,Saint Joseph's,Delaware,Away,,1,,1.0,2.0,16.0,10.0,37.0,,,1.0,,,,7.0,3.0,47.0,,,,1.0
606,2024-10-11,Saint Joseph's,VCU,Away,,4,2.0,4.0,3.0,11.0,8.0,35.0,,,,,2.0,3.0,11.0,5.0,39.0,,1.0,1.0,
606,2024-10-13,Saint Joseph's,Virginia,Away,,5,2.0,5.0,5.0,10.0,7.0,,,,,,2.0,2.0,5.0,3.0,,,,2.0,
606,2024-10-18,Saint Joseph's,Richmond,Home,,7,0.0,7.0,6.0,22.0,16.0,,,,,,,,,,,,,1.0,
606,2024-10-20,Saint Joseph's,Drexel,Home,,4,0.0,4.0,3.0,14.0,10.0,,,,1.0,,,,1.0,,,,,,
606,2024-10-25,Saint Joseph's,Saint Louis,Away,,1,0.0,1.0,1.0,22.0,13.0,,,,,,,,2.0,1.0,,,,,
606,2024-10-27,Saint Joseph's,Harvard,Home,,1,,1.0,,7.0,4.0,,,,,,2.0,1.0,6.0,4.0,,,,1.0,
606,2024-11-01,Saint Joseph's,La Salle,Home,,3,0.0,3.0,2.0,19.0,12.0,,,,1.0,,,,1.0,1.0,,,,,1.0
606,2024-11-07,Saint Joseph's,Richmond,Home,,6,1.0,6.0,1.0,18.0,11.0,,,,,,1.0,2.0,2.0,2.0,,,,,
606,2024-11-09,Saint Joseph's,Massachusetts,Home,,2,1.0,2.0,3.0,4.0,2.0,,,,2.0,,1.0,1.0,10.0,2.0,,,,,
606,2024-11-15,Saint Joseph's,Lafayette,Home,,1,0.0,1.0,,14.0,10.0,,,,1.0,,,,1.0,,,,1.0,,1.0
606,2024-11-17,Saint Joseph's,Princeton,Home,,1,0.0,1.0,1.0,2.0,1.0,50.0,,,,,,,3.0,2.0,64.0,,,1.0,
606,2024-11-22,Saint Joseph's,North Carolina,Home,,2,1.0,2.0,,9.0,7.0,,,1.0,,1.0,1.0,2.0,16.0,11.0,,,,2.0,1.0
606,2024-11-24,Saint Joseph's,Northwestern,Home,,0,5.0,,,3.0,1.0,,,,,,5.0,8.0,15.0,11.0,,,,1.0,
609,2024-08-30,Saint Louis,Central Mich.,Home,,1,4.0,1.0,1.0,12.0,7.0,,,,,,4.0,3.0,11.0,7.0,,,,,1.0
609,2024-09-01,Saint Louis,Bellarmine,Home,,1,,1.0,1.0,11.0,6.0,,,,3.0,,2.0,2.0,12.0,7.0,,,,1.0,1.0
609,2024-09-11,Saint Louis,Ball St.,Home,,2,,2.0,2.0,13.0,11.0,,,,1.0,,3.0,3.0,14.0,11.0,,,,,
609,2024-09-15,Saint Louis,Ohio,Away,,1,5.0,1.0,,13.0,10.0,,,,,,5.0,3.0,13.0,11.0,,,,,1.0
609,2024-09-20,Saint Louis,Richmond,Home,,1,3.0,1.0,1.0,6.0,4.0,,,,2.0,1.0,3.0,3.0,13.0,8.0,,,,2.0,
609,2024-09-22,Saint Louis,Frostburg St.,Home,,7,1.0,7.0,4.0,26.0,16.0,,,,1.0,,1.0,1.0,2.0,1.0,,,1.0,1.0,
609,2024-09-27,Saint Louis,La Salle,Away,,0,1.0,,,5.0,1.0,25.0,,,1.0,,1.0,,5.0,2.0,21.0,,,1.0,
609,2024-10-04,Saint Louis,Massachusetts,Away,,1,5.0,1.0,,8.0,4.0,,,,,2.0,5.0,4.0,48.0,29.0,,,,,
609,2024-10-06,Saint Louis,Stonehill,Home,,0,1.0,,,10.0,5.0,,,1.0,2.0,,1.0,1.0,12.0,7.0,,,,1.0,
609,2024-10-11,Saint Louis,Davidson,Home,,2,3.0,2.0,3.0,12.0,5.0,,,1.0,1.0,,3.0,4.0,23.0,13.0,,,,1.0,
609,2024-10-18,Saint Louis,VCU,Away,,0,7.0,,,12.0,5.0,33.0,,,,1.0,7.0,7.0,24.0,17.0,39.0,,,,
609,2024-10-25,Saint Louis,Saint Joseph's,Home,,0,1.0,,,2.0,1.0,,,,,,1.0,1.0,22.0,13.0,,,,,
609,2024-10-27,Saint Louis,Maryville (MO),Home,,9,1.0,9.0,4.0,29.0,19.0,,,,,,1.0,1.0,5.0,3.0,,,,,
609,2024-11-01,Saint Louis,Lock Haven,Away,,1,6.0,1.0,,17.0,10.0,17.0,,1.0,2.0,,6.0,5.0,21.0,12.0,30.0,,,2.0,1.0
674,2024-08-30,Stanford,Ohio,Home,,4,1.0,4.0,4.0,15.0,9.0,,,,,,1.0,,9.0,7.0,,,,2.0,
674,2024-09-01,Stanford,Ball St.,Away,,5,0.0,5.0,4.0,19.0,14.0,,,,1.0,,,,2.0,1.0,,,,,1.0
674,2024-09-05,Stanford,Kent St.,Home,,3,1.0,3.0,1.0,10.0,5.0,,,,2.0,,1.0,,9.0,4.0,,,,,
674,2024-09-08,Stanford,Northeastern,Home,,0,1.0,,,7.0,2.0,,,,,,1.0,,15.0,7.0,,,,,
674,2024-09-13,Stanford,UC Davis,Away,,1,0.0,1.0,,15.0,9.0,,,,2.0,,,,6.0,4.0,,,,,1.0
674,2024-09-18,Stanford,Bellarmine,Away,,4,0.0,4.0,4.0,14.0,7.0,,,,1.0,,,,2.0,1.0,,,,,
674,2024-09-20,Stanford,Louisville,Away,,0,2.0,,,5.0,3.0,,,,1.0,,2.0,2.0,12.0,7.0,,,,,
674,2024-09-22,Stanford,Virginia,Away,,1,5.0,1.0,2.0,2.0,1.0,,,,1.0,,5.0,6.0,18.0,12.0,,,1.0,2.0,
674,2024-10-04,Stanford,North Carolina,Home,,0,3.0,,,5.0,3.0,,,,2.0,,3.0,4.0,20.0,12.0,,,,,
674,2024-10-06,Stanford,Duke,Home,,0,3.0,,,6.0,3.0,,,,,,3.0,4.0,14.0,7.0,,,,1.0,
674,2024-10-11,Stanford,Syracuse,Away,,0,3.0,,,9.0,3.0,,,,1.0,,3.0,2.0,17.0,13.0,,,,1.0,
674,2024-10-13,Stanford,Boston College,Away,,0,2.0,,,3.0,,,,,,3.0,2.0,3.0,20.0,12.0,,,,1.0,
674,2024-10-18,Stanford,Northwestern,Away,,0,7.0,,,7.0,3.0,,,1.0,3.0,,7.0,8.0,21.0,19.0,,,1.0,1.0,
674,2024-10-20,Stanford,Indiana,Away,,2,1.0,2.0,3.0,6.0,4.0,,,,2.0,1.0,1.0,,25.0,7.0,,,,,
674,2024-10-25,Stanford,Wake Forest,Home,,1,0.0,1.0,,6.0,3.0,,,3.0,1.0,,,,16.0,9.0,,,,1.0,
674,2024-10-31,Stanford,California,Home,,3,1.0,3.0,1.0,11.0,10.0,,,,1.0,1.0,1.0,,20.0,11.0,,,,1.0,1.0
674,2024-11-05,Stanford,Boston College,Home,,2,3.0,2.0,2.0,6.0,5.0,,,,,,3.0,5.0,18.0,8.0,,,,1.0,
682,2024-08-30,Stonehill,Holy Cross,Away,,1,3.0,1.0,1.0,8.0,4.0,,,1.0,1.0,,3.0,3.0,7.0,4.0,,,,,
682,2024-09-04,Stonehill,Central Mich.,Home,,4,2.0,4.0,3.0,16.0,11.0,,,,,,2.0,1.0,7.0,6.0,,,,,
682,2024-09-06,Stonehill,Providence,Away,,0,3.0,,,6.0,3.0,,,,1.0,,3.0,4.0,14.0,7.0,,,,1.0,
682,2024-09-08,Stonehill,Quinnipiac,Away,,0,,,,4.0,,48.0,,1.0,,1.0,1.0,,21.0,10.0,48.0,,2.0,,
682,2024-09-13,Stonehill,UMass Lowell,Away,,0,2.0,,,4.0,2.0,,,,,,2.0,2.0,20.0,9.0,,,,1.0,
682,2024-09-20,Stonehill,Bryant,Away,,0,1.0,,,17.0,9.0,21.0,,,,,1.0,2.0,3.0,1.0,28.0,,,1.0,
682,2024-09-22,Stonehill,Maine,Away,,0,3.0,,,4.0,3.0,37.0,,,,1.0,3.0,3.0,27.0,19.0,24.0,,,,2.0
682,2024-09-27,Stonehill,Saint Francis,Away,,1,2.0,1.0,2.0,10.0,6.0,43.0,,,,,2.0,,15.0,10.0,48.0,,,2.0,
682,2024-09-29,Stonehill,Vermont,Away,,0,5.0,,,11.0,6.0,,,,2.0,,5.0,4.0,11.0,5.0,,,1.0,1.0,
682,2024-10-04,Stonehill,Rider,Home,,3,,3.0,3.0,11.0,10.0,,,,2.0,,2.0,1.0,10.0,8.0,,,1.0,2.0,
682,2024-10-06,Stonehill,Saint Louis,Home,,1,0.0,1.0,1.0,12.0,7.0,,,,1.0,,,,10.0,5.0,,,1.0,2.0,
682,2024-10-11,Stonehill,Merrimack,Home,,2,0.0,2.0,1.0,25.0,12.0,,,,,,,,4.0,3.0,,,,,
682,2024-10-13,Stonehill,Queens (NC),Home,,6,3.0,6.0,4.0,23.0,15.0,,,,2.0,,3.0,,11.0,7.0,,,,,1.0
682,2024-10-18,Stonehill,Wagner,Away,,2,,2.0,1.0,12.0,8.0,,,,1.0,,3.0,1.0,15.0,10.0,,,,2.0,
682,2024-10-20,Stonehill,LIU,Away,,0,5.0,,,3.0,2.0,,,1.0,,,5.0,2.0,18.0,14.0,,,1.0,,
682,2024-10-25,Stonehill,Sacred Heart,Home,,2,1.0,2.0,,7.0,6.0,,,,1.0,,1.0,1.0,10.0,6.0,,,,,1.0
682,2024-10-27,Stonehill,Mercyhurst,Home,,3,0.0,3.0,1.0,27.0,17.0,,,,,1.0,,,4.0,4.0,,,,,1.0
682,2024-11-01,Stonehill,Fairfield,Away,,1,4.0,1.0,1.0,8.0,3.0,21.0,,,,,4.0,6.0,14.0,11.0,20.0,,,1.0,
688,2024-08-30,Syracuse,Lock Haven,Away,,9,0.0,9.0,8.0,19.0,13.0,20.0,,,,,,,,,16.0,,,,1.0
688,2024-09-01,Syracuse,Penn St.,Away,,2,1.0,2.0,2.0,7.0,5.0,,,1.0,1.0,,1.0,,8.0,5.0,,,1.0,1.0,
688,2024-09-08,Syracuse,Ohio St.,Home,,0,5.0,,,8.0,6.0,,,1.0,1.0,,5.0,4.0,11.0,8.0,,,,,
688,2024-09-13,Syracuse,Northeastern,Home,,2,0.0,2.0,1.0,22.0,12.0,,,,2.0,,,,4.0,1.0,,,2.0,2.0,1.0
688,2024-09-15,Syracuse,Lafayette,Home,,2,1.0,2.0,2.0,11.0,10.0,,,1.0,2.0,,1.0,2.0,16.0,8.0,,,1.0,2.0,
688,2024-09-20,Syracuse,North Carolina,Away,,0,5.0,,,6.0,4.0,,,,1.0,,5.0,5.0,13.0,9.0,,,,1.0,
688,2024-09-22,Syracuse,Longwood,Away,,4,0.0,4.0,3.0,24.0,18.0,44.0,,,1.0,,,,2.0,,22.0,,,,1.0
688,2024-09-27,Syracuse,Wake Forest,Away,,1,0.0,1.0,,13.0,7.0,,,1.0,2.0,,,,5.0,1.0,,,,,
688,2024-09-29,Syracuse,Duke,Away,,0,,,,9.0,3.0,,,,,,,,19.0,7.0,,,,1.0,
688,2024-10-04,Syracuse,Louisville,Home,,2,1.0,2.0,4.0,12.0,6.0,,,,,,1.0,1.0,4.0,1.0,,,,,
688,2024-10-06,Syracuse,Princeton,Home,,2,1.0,2.0,3.0,12.0,8.0,,,1.0,2.0,2.0,1.0,1.0,10.0,4.0,,,1.0,1.0,
688,2024-10-11,Syracuse,Stanford,Home,,3,0.0,3.0,2.0,17.0,13.0,,,,1.0,,,,9.0,3.0,,,,1.0,
688,2024-10-13,Syracuse,California,Home,,2,,2.0,4.0,16.0,7.0,,,,1.0,1.0,1.0,1.0,12.0,4.0,,,,1.0,
688,2024-10-18,Syracuse,Virginia,Away,,2,,2.0,3.0,6.0,3.0,,,,1.0,,2.0,2.0,17.0,7.0,,,,,1.0
688,2024-10-24,Syracuse,Bucknell,Away,,7,2.0,7.0,8.0,18.0,15.0,,,,,,2.0,2.0,7.0,3.0,,,,1.0,
688,2024-10-27,Syracuse,UConn,Away,,3,1.0,3.0,2.0,10.0,8.0,8.0,,,,,1.0,1.0,6.0,3.0,6.0,,,1.0,
688,2024-11-01,Syracuse,Boston College,Home,,0,1.0,,,6.0,3.0,,,,1.0,1.0,1.0,,8.0,6.0,,,,1.0,
688,2024-11-05,Syracuse,Virginia,Home,,1,0.0,1.0,,7.0,7.0,,,2.0,2.0,,,,15.0,6.0,,,1.0,2.0,1.0
688,2024-11-06,Syracuse,North Carolina,Home,,1,3.0,1.0,,4.0,3.0,,,,,,3.0,3.0,17.0,8.0,,,,1.0,
688,2024-11-15,Syracuse,Harvard,Home,,0,,,,6.0,4.0,,,1.0,1.0,1.0,1.0,,8.0,4.0,,,,,
690,2024-08-30,Temple,Queens (NC),Home,,7,0.0,7.0,6.0,38.0,25.0,,,,1.0,,,,2.0,1.0,,,,2.0,2.0
690,2024-09-01,Temple,Lock Haven,Away,,6,0.0,6.0,5.0,22.0,14.0,14.0,,,,,,,2.0,2.0,4.0,,,1.0,
690,2024-09-06,Temple,Virginia,Away,,0,7.0,,,10.0,5.0,,,,,1.0,7.0,3.0,21.0,16.0,,,,2.0,
690,2024-09-08,Temple,Richmond,Away,,2,,2.0,1.0,16.0,13.0,,,,1.0,,3.0,2.0,10.0,7.0,,,,3.0,
690,2024-09-13,Temple,Penn,Away,,1,3.0,1.0,,14.0,6.0,,,,,,3.0,2.0,9.0,7.0,,,,1.0,
690,2024-09-20,Temple,UConn,Away,,0,2.0,,,7.0,4.0,3.0,,,,,2.0,3.0,10.0,7.0,2.0,,,1.0,
690,2024-09-22,Temple,La Salle,Home,,4,0.0,4.0,3.0,13.0,10.0,,,,,,,,4.0,3.0,,,,1.0,
690,2024-09-27,Temple,Old Dominion,Home,,1,,1.0,1.0,8.0,4.0,,,,,1.0,,,8.0,5.0,,,,1.0,
690,2024-09-29,Temple,Monmouth,Home,,3,,3.0,1.0,14.0,10.0,,,1.0,,,2.0,,9.0,5.0,,,1.0,3.0,
690,2024-10-04,Temple,Liberty,Away,,5,1.0,5.0,4.0,14.0,10.0,,,,,,1.0,1.0,19.0,9.0,,,,1.0,1.0
690,2024-10-06,Temple,Wagner,Home,,2,,2.0,2.0,20.0,12.0,,,,,,1.0,1.0,6.0,5.0,,,,2.0,
690,2024-10-11,Temple,Providence,Home,,1,0.0,1.0,1.0,13.0,7.0,,,,1.0,,,,8.0,3.0,,,2.0,3.0,
690,2024-10-18,Temple,Georgetown,Home,,3,0.0,3.0,3.0,17.0,5.0,,,,1.0,,,,9.0,2.0,,,,1.0,
690,2024-10-20,Temple,Lafayette,Away,,1,,1.0,2.0,7.0,5.0,23.0,,,1.0,,2.0,1.0,12.0,5.0,29.0,,,2.0,
690,2024-10-25,Temple,Villanova,Away,,0,3.0,,,13.0,3.0,37.0,,,,,3.0,2.0,8.0,6.0,40.0,,,1.0,
690,2024-10-27,Temple,Yale,Away,,0,3.0,,,11.0,7.0,,,,,,3.0,3.0,20.0,13.0,,,,1.0,
690,2024-11-01,Temple,Quinnipiac,Home,,2,1.0,2.0,2.0,14.0,8.0,,,,,2.0,1.0,1.0,6.0,3.0,,,,1.0,1.0
690,2024-11-03,Temple,Lehigh,Home,,2,0.0,2.0,3.0,17.0,7.0,,,1.0,3.0,,,,1.0,,,,1.0,2.0,2.0
690,2024-11-08,Temple,Old Dominion,Home,,2,,2.0,2.0,8.0,5.0,,,,,,1.0,,6.0,4.0,,,,2.0,
690,2024-11-10,Temple,UConn,Home,,0,1.0,,,9.0,3.0,,,1.0,1.0,,1.0,,5.0,3.0,,,,1.0,
711,2024-08-30,Towson,App State,Away,,0,3.0,,,4.0,2.0,,,,1.0,,3.0,3.0,23.0,15.0,,,,,
711,2024-09-01,Towson,Davidson,Away,,0,1.0,,,6.0,3.0,,,,2.0,,1.0,1.0,15.0,7.0,,,,,
711,2024-09-06,Towson,Saint Francis,Home,,5,1.0,5.0,6.0,15.0,11.0,,,,,,1.0,2.0,13.0,4.0,,,,,
711,2024-09-08,Towson,Wagner,Home,,1,2.0,1.0,1.0,8.0,6.0,,,1.0,2.0,,2.0,2.0,11.0,9.0,,,,,
711,2024-09-13,Towson,Georgetown,Home,,5,4.0,5.0,5.0,16.0,10.0,,,,3.0,,4.0,3.0,6.0,5.0,,,,,
711,2024-09-15,Towson,Queens (NC),Home,,4,0.0,4.0,5.0,24.0,9.0,,,,,,,,7.0,4.0,,,,2.0,
711,2024-09-20,Towson,Delaware,Home,,0,1.0,,,7.0,1.0,,,2.0,1.0,,1.0,1.0,13.0,5.0,,,,2.0,
711,2024-09-27,Towson,William & Mary,Away,,2,,2.0,1.0,17.0,10.0,,,,1.0,1.0,1.0,1.0,17.0,7.0,,,,1.0,2.0
711,2024-09-29,Towson,Richmond,Away,,1,,1.0,,11.0,7.0,,,,1.0,1.0,2.0,3.0,16.0,11.0,,,,1.0,
711,2024-10-04,Towson,Drexel,Home,,0,1.0,,,5.0,5.0,,,,,,1.0,1.0,11.0,7.0,,,,2.0,
711,2024-10-06,Towson,Colgate,Home,,4,1.0,4.0,2.0,19.0,10.0,,,,,,1.0,,9.0,3.0,,,,,1.0
711,2024-10-11,Towson,Northeastern,Away,,1,3.0,1.0,,6.0,4.0,,,2.0,3.0,,3.0,1.0,11.0,6.0,,,1.0,2.0,
711,2024-10-13,Towson,Sacred Heart,Away,,2,3.0,2.0,1.0,9.0,5.0,,,,1.0,,3.0,2.0,9.0,7.0,,,,,
711,2024-10-18,Towson,Monmouth,Away,,1,4.0,1.0,,8.0,6.0,,,,,1.0,4.0,4.0,15.0,10.0,,,,3.0,
711,2024-10-20,Towson,Bellarmine,Home,,2,1.0,2.0,2.0,23.0,13.0,,,,1.0,,1.0,1.0,6.0,5.0,,,,1.0,
711,2024-10-25,Towson,Hofstra,Home,,2,3.0,2.0,3.0,11.0,6.0,,,1.0,1.0,,3.0,2.0,8.0,5.0,,,1.0,2.0,
711,2024-10-27,Towson,Lafayette,Home,,0,4.0,,,3.0,2.0,,,,1.0,,4.0,4.0,17.0,8.0,,,,2.0,
711,2024-11-03,Towson,Lock Haven,Away,,1,0.0,1.0,1.0,6.0,2.0,40.0,,,,1.0,,,13.0,7.0,24.0,,,1.0,
14,2024-08-30,UAlbany,Ohio St.,Away,,1,6.0,1.0,,11.0,6.0,,,,1.0,1.0,6.0,3.0,18.0,12.0,,,,,1.0
14,2024-09-01,UAlbany,Ohio,Home,,4,0.0,4.0,6.0,13.0,9.0,,,,1.0,,,,4.0,,,,,1.0,
14,2024-09-06,UAlbany,Merrimack,Home,,8,0.0,8.0,8.0,25.0,20.0,,,,,,,,,,,,,,1.0
14,2024-09-08,UAlbany,Cornell,Home,,3,,2.0,3.0,13.0,10.0,,,,3.0,3.0,2.0,1.0,13.0,8.0,,,,2.0,
14,2024-09-13,UAlbany,Harvard,Away,,3,,3.0,4.0,13.0,11.0,14.0,,,3.0,1.0,2.0,,8.0,6.0,18.0,,,1.0,
14,2024-09-15,UAlbany,Drexel,Home,,3,1.0,3.0,1.0,7.0,6.0,,,,3.0,,1.0,,2.0,2.0,,,,1.0,
14,2024-09-22,UAlbany,UC Davis,Home,,2,0.0,2.0,2.0,21.0,15.0,,,,1.0,,,,4.0,1.0,,,,,
14,2024-09-27,UAlbany,UMass Lowell,Home,,2,1.0,2.0,1.0,17.0,9.0,,,,1.0,,1.0,1.0,4.0,3.0,,,,,
14,2024-09-29,UAlbany,Liberty,Home,,4,2.0,4.0,1.0,11.0,8.0,,,,2.0,,2.0,1.0,5.0,3.0,,,,,1.0
14,2024-10-04,UAlbany,Hofstra,Away,,3,0.0,3.0,3.0,12.0,6.0,41.0,,,,,,,1.0,,13.0,,,,
14,2024-10-06,UAlbany,UConn,Home,,0,2.0,,,7.0,2.0,,,1.0,2.0,,2.0,2.0,7.0,6.0,,,,2.0,
14,2024-10-11,UAlbany,Bryant,Home,,3,0.0,3.0,2.0,23.0,13.0,,,,1.0,,,,3.0,3.0,,,,,
14,2024-10-13,UAlbany,Lehigh,Away,,2,1.0,2.0,2.0,18.0,11.0,,,,3.0,,1.0,1.0,4.0,4.0,,,,1.0,1.0
14,2024-10-18,UAlbany,New Hampshire,Away,,3,,3.0,3.0,13.0,5.0,,,,1.0,,2.0,1.0,6.0,3.0,,,1.0,1.0,
14,2024-10-20,UAlbany,Boston College,Away,,1,3.0,1.0,1.0,6.0,3.0,,,,,3.0,3.0,2.0,17.0,11.0,,,,2.0,
14,2024-10-25,UAlbany,Maine,Away,,2,1.0,2.0,2.0,18.0,13.0,25.0,,,,1.0,1.0,2.0,9.0,5.0,27.0,,,,2.0
14,2024-10-27,UAlbany,Colgate,Home,,8,0.0,8.0,4.0,23.0,14.0,,,,2.0,,,,6.0,3.0,,,,1.0,
14,2024-11-01,UAlbany,Vermont,Home,,3,1.0,3.0,1.0,7.0,5.0,,,,,1.0,1.0,,8.0,4.0,,,,,
14,2024-11-08,UAlbany,Vermont,Home,,0,1.0,,,6.0,3.0,,,,,1.0,1.0,,7.0,4.0,,,,,1.0
108,2024-08-30,UC Davis,Michigan St.,Home,,3,4.0,3.0,4.0,8.0,3.0,,,,1.0,,4.0,5.0,10.0,7.0,,,1.0,2.0,
108,2024-09-06,UC Davis,Northeastern,Home,,3,2.0,3.0,4.0,12.0,8.0,,,,1.0,2.0,2.0,4.0,23.0,12.0,,,,1.0,1.0
108,2024-09-08,UC Davis,Kent St.,Home,,2,0.0,2.0,,9.0,6.0,,,,1.0,,,,19.0,9.0,,,,1.0,
108,2024-09-13,UC Davis,Stanford,Home,,0,1.0,,,6.0,4.0,,,,,1.0,1.0,,15.0,9.0,,,,2.0,
108,2024-09-15,UC Davis,California,Away,,0,2.0,,,2.0,1.0,,,,,,2.0,4.0,15.0,10.0,,,,1.0,
108,2024-09-20,UC Davis,Vermont,Away,,2,,2.0,1.0,8.0,6.0,,,,2.0,,3.0,3.0,17.0,12.0,,,,,
108,2024-09-22,UC Davis,UAlbany,Away,,0,2.0,,,4.0,1.0,,,,,,2.0,2.0,21.0,15.0,,,,1.0,
108,2024-09-29,UC Davis,California,Home,,0,4.0,,,6.0,1.0,,,,1.0,,4.0,3.0,20.0,8.0,,,,3.0,
108,2024-10-04,UC Davis,New Hampshire,Away,,2,3.0,2.0,1.0,10.0,6.0,,,,,,3.0,3.0,21.0,16.0,,,,1.0,
108,2024-10-06,UC Davis,Maine,Away,,1,3.0,1.0,2.0,4.0,2.0,27.0,,,,,3.0,2.0,19.0,11.0,41.0,,,2.0,
108,2024-10-18,UC Davis,Iowa,Away,,0,5.0,,,4.0,2.0,,,,,,5.0,4.0,30.0,12.0,,,,1.0,
108,2024-10-20,UC Davis,Northwestern,Away,,1,11.0,1.0,,2.0,2.0,,,,,2.0,11.0,10.0,30.0,21.0,,,,,
108,2024-10-22,UC Davis,Ball St.,Away,,3,1.0,3.0,4.0,17.0,11.0,,,,,,1.0,2.0,7.0,7.0,,,,2.0,
108,2024-10-27,UC Davis,Louisville,Home,,2,6.0,2.0,3.0,8.0,5.0,,,,,,6.0,3.0,19.0,14.0,,,2.0,2.0,
108,2024-11-01,UC Davis,Bryant,Away,,5,2.0,5.0,2.0,14.0,8.0,28.0,,,,,2.0,2.0,13.0,7.0,26.0,,,,
108,2024-11-03,UC Davis,UMass Lowell,Away,,1,4.0,1.0,1.0,8.0,4.0,,,,,,4.0,2.0,19.0,13.0,,,,,
108,2024-11-07,UC Davis,Maine,Home,,3,4.0,3.0,2.0,13.0,7.0,,,1.0,,,4.0,1.0,25.0,16.0,,,1.0,1.0,1.0
164,2024-08-30,UConn,Saint Joseph's,Home,,5,,5.0,5.0,10.0,8.0,5.0,,,,,4.0,3.0,14.0,10.0,6.0,,,,
164,2024-09-01,UConn,New Hampshire,Home,,6,2.0,6.0,6.0,16.0,11.0,6.0,,,,,2.0,2.0,8.0,5.0,7.0,,1.0,1.0,
164,2024-09-06,UConn,Cornell,Home,,6,1.0,6.0,5.0,20.0,19.0,4.0,,,1.0,,1.0,,5.0,4.0,2.0,,1.0,1.0,
164,2024-09-08,UConn,Rutgers,Away,,2,1.0,2.0,3.0,11.0,9.0,,,,2.0,,1.0,1.0,11.0,6.0,,,,,2.0
164,2024-09-12,UConn,Brown,Away,,4,0.0,4.0,5.0,9.0,5.0,,,1.0,2.0,,,,6.0,2.0,,,,1.0,
164,2024-09-15,UConn,Harvard,Away,,2,3.0,2.0,,6.0,4.0,30.0,,,,2.0,3.0,3.0,14.0,10.0,35.0,,2.0,2.0,
164,2024-09-20,UConn,Temple,Home,,2,0.0,2.0,3.0,10.0,7.0,2.0,,,1.0,,,,7.0,4.0,3.0,,,,
164,2024-09-22,UConn,Yale,Home,,3,2.0,3.0,6.0,10.0,7.0,1.0,,,1.0,,2.0,4.0,11.0,8.0,2.0,,,,1.0
164,2024-09-27,UConn,Georgetown,Away,,5,0.0,5.0,5.0,23.0,17.0,39.0,,,1.0,,,,2.0,1.0,47.0,,,1.0,
164,2024-09-29,UConn,Delaware,Away,,2,,2.0,1.0,19.0,8.0,45.0,,,2.0,1.0,1.0,1.0,11.0,6.0,41.0,,1.0,1.0,
164,2024-10-04,UConn,Villanova,Home,,5,0.0,5.0,5.0,13.0,10.0,11.0,,1.0,2.0,,,,4.0,,8.0,,,2.0,
164,2024-10-06,UConn,UAlbany,Away,,2,0.0,2.0,2.0,7.0,6.0,,,,2.0,,,,7.0,2.0,,,1.0,2.0,
164,2024-10-11,UConn,Quinnipiac,Home,,6,0.0,6.0,6.0,22.0,17.0,9.0,,,,,,,4.0,2.0,11.0,,,,1.0
164,2024-10-18,UConn,Providence,Away,,2,,2.0,3.0,20.0,8.0,,,,2.0,,3.0,1.0,7.0,4.0,,,,,1.0
164,2024-10-20,UConn,Massachusetts,Home,,1,0.0,1.0,,11.0,6.0,16.0,,,1.0,1.0,,,6.0,3.0,11.0,,,1.0,
164,2024-10-25,UConn,Liberty,Home,,2,,2.0,2.0,10.0,6.0,13.0,,,3.0,,1.0,1.0,12.0,7.0,11.0,,,,
164,2024-10-27,UConn,Syracuse,Home,,1,3.0,1.0,1.0,6.0,3.0,6.0,,,1.0,,3.0,2.0,10.0,8.0,8.0,,,,
164,2024-11-01,UConn,Old Dominion,Away,,3,1.0,3.0,2.0,6.0,5.0,,,1.0,2.0,1.0,1.0,2.0,17.0,8.0,,,,,
164,2024-11-08,UConn,Liberty,Home,,2,1.0,2.0,2.0,10.0,5.0,,,,2.0,,1.0,2.0,8.0,4.0,,,,1.0,
164,2024-11-10,UConn,Temple,Home,,1,0.0,1.0,,5.0,3.0,,,,1.0,,,,9.0,3.0,,,1.0,1.0,
164,2024-11-15,UConn,Massachusetts,Home,,1,2.0,1.0,2.0,4.0,3.0,,,,1.0,,2.0,2.0,8.0,6.0,1.0,,,,
368,2024-08-30,UMass Lowell,Merrimack,Home,,6,0.0,6.0,4.0,39.0,23.0,,,,2.0,,,,2.0,1.0,,,,,
368,2024-09-01,UMass Lowell,Duke,Away,,1,3.0,1.0,2.0,5.0,3.0,,,,1.0,,3.0,3.0,17.0,11.0,,,,2.0,
368,2024-09-06,UMass Lowell,Brown,Away,,3,2.0,3.0,1.0,16.0,8.0,,,1.0,3.0,,2.0,3.0,28.0,12.0,,,1.0,1.0,
368,2024-09-08,UMass Lowell,Bucknell,Away,,0,2.0,,,7.0,4.0,,,,1.0,1.0,2.0,2.0,10.0,7.0,,,,2.0,1.0
368,2024-09-13,UMass Lowell,Stonehill,Home,,2,0.0,2.0,2.0,20.0,9.0,,,,1.0,,,,4.0,2.0,,,,,
368,2024-09-15,UMass Lowell,Massachusetts,Away,,3,,3.0,2.0,8.0,5.0,,,1.0,2.0,,4.0,1.0,50.0,21.0,,,2.0,1.0,
368,2024-09-22,UMass Lowell,Wake Forest,Home,,1,0.0,1.0,,6.0,3.0,,,1.0,,,,,20.0,10.0,,,,,
368,2024-09-27,UMass Lowell,UAlbany,Away,,1,2.0,1.0,1.0,4.0,3.0,,,,,,2.0,1.0,17.0,9.0,,,,1.0,
368,2024-09-29,UMass Lowell,Northeastern,Away,,3,6.0,3.0,3.0,11.0,6.0,,,,1.0,,6.0,4.0,14.0,8.0,,,,3.0,
368,2024-10-04,UMass Lowell,Bryant,Home,,4,0.0,4.0,4.0,26.0,18.0,,,,2.0,,,,3.0,1.0,,,,1.0,1.0
368,2024-10-06,UMass Lowell,LIU,Home,,3,1.0,3.0,1.0,19.0,13.0,,,,,,1.0,,11.0,4.0,,,,1.0,
368,2024-10-11,UMass Lowell,Maine,Home,,5,1.0,5.0,4.0,18.0,11.0,,,,,,1.0,1.0,9.0,5.0,,,,,
368,2024-10-18,UMass Lowell,Vermont,Away,,1,3.0,1.0,1.0,10.0,2.0,,,,2.0,,3.0,4.0,16.0,10.0,,,,3.0,
368,2024-10-20,UMass Lowell,Dartmouth,Home,,5,1.0,5.0,5.0,28.0,14.0,,,,1.0,,1.0,,10.0,7.0,,,,,
368,2024-10-25,UMass Lowell,New Hampshire,Away,,0,4.0,,,14.0,6.0,,,,1.0,,4.0,2.0,17.0,12.0,,,,,
368,2024-11-01,UMass Lowell,Rutgers,Home,,2,,2.0,2.0,8.0,5.0,,,,,2.0,1.0,,16.0,9.0,,,,,
368,2024-11-03,UMass Lowell,UC Davis,Home,,4,1.0,4.0,2.0,19.0,13.0,,,,,,1.0,1.0,8.0,4.0,,,,,
368,2024-11-07,UMass Lowell,Vermont,Home,,0,2.0,,,6.0,3.0,,,,2.0,,2.0,1.0,13.0,7.0,,,,1.0,
740,2024-08-30,VCU,American,Home,,1,,1.0,,6.0,3.0,43.0,,,2.0,,,,5.0,4.0,46.0,,,1.0,
740,2024-09-02,VCU,Monmouth,Away,,3,,3.0,1.0,27.0,16.0,,,,,,3.0,4.0,17.0,15.0,,,,,1.0
740,2024-09-08,VCU,App State,Home,,3,,3.0,3.0,15.0,6.0,41.0,,,,,2.0,,10.0,6.0,46.0,,,2.0,
740,2024-09-15,VCU,Wake Forest,Away,,0,4.0,,,12.0,4.0,,,,1.0,,4.0,5.0,10.0,7.0,,,,,
740,2024-09-20,VCU,Massachusetts,Away,,0,2.0,,,16.0,7.0,,,,,,2.0,3.0,11.0,5.0,,,,3.0,
740,2024-09-22,VCU,Northeastern,Away,,3,,3.0,2.0,10.0,5.0,,,,3.0,,2.0,3.0,12.0,8.0,,,,1.0,
740,2024-09-27,VCU,Lock Haven,Home,,4,0.0,4.0,3.0,29.0,23.0,46.0,,,,,,,4.0,2.0,36.0,,,,1.0
740,2024-09-29,VCU,Old Dominion,Home,,2,,2.0,1.0,15.0,10.0,49.0,,,1.0,,1.0,1.0,15.0,6.0,56.0,,,2.0,
740,2024-10-04,VCU,Davidson,Away,,2,1.0,2.0,4.0,14.0,4.0,,,,2.0,,1.0,,16.0,6.0,,,,1.0,
740,2024-10-06,VCU,Queens (NC),Away,,8,0.0,8.0,3.0,25.0,18.0,25.0,,,,,,,5.0,2.0,25.0,,,2.0,
740,2024-10-11,VCU,Saint Joseph's,Home,,2,4.0,2.0,3.0,11.0,5.0,39.0,,1.0,1.0,,4.0,3.0,11.0,8.0,35.0,,,,
740,2024-10-13,VCU,William & Mary,Away,,2,1.0,2.0,,17.0,13.0,,,,,,1.0,1.0,9.0,6.0,,,,,
740,2024-10-18,VCU,Saint Louis,Home,,7,0.0,7.0,7.0,24.0,17.0,39.0,,,,,,,12.0,5.0,33.0,,,,1.0
740,2024-10-20,VCU,Duke,Away,,0,4.0,,,4.0,3.0,,,,1.0,,4.0,3.0,10.0,7.0,,,,,
740,2024-10-25,VCU,La Salle,Away,,5,0.0,5.0,3.0,14.0,13.0,15.0,,,,,,,7.0,1.0,19.0,,,,
740,2024-10-26,VCU,Georgetown,Away,,4,0.0,4.0,2.0,24.0,17.0,25.0,,,2.0,,,,3.0,1.0,21.0,,,1.0,
740,2024-11-01,VCU,Richmond,Home,,0,1.0,,,9.0,2.0,47.0,,,,,1.0,1.0,6.0,3.0,45.0,,,,
740,2024-11-07,VCU,Massachusetts,Home,,0,4.0,,,6.0,2.0,,,,1.0,,4.0,4.0,11.0,8.0,,,,,
738,2024-08-30,Vermont,Lafayette,Away,,1,2.0,1.0,1.0,6.0,5.0,20.0,,,1.0,1.0,2.0,1.0,11.0,7.0,31.0,,,2.0,1.0
738,2024-09-01,Vermont,Rutgers,Away,,0,5.0,,,9.0,3.0,,,,,1.0,5.0,3.0,28.0,17.0,,,,1.0,1.0
738,2024-09-06,Vermont,Michigan St.,Away,,1,3.0,1.0,,9.0,5.0,,,,,,3.0,4.0,10.0,7.0,,,,2.0,
738,2024-09-07,Vermont,Ohio,Home,,1,,1.0,,14.0,5.0,24.0,,,1.0,,2.0,1.0,6.0,4.0,24.0,,,2.0,
738,2024-09-15,Vermont,Wagner,Home,,2,0.0,2.0,2.0,16.0,9.0,,,,1.0,,,,9.0,3.0,,,,,
738,2024-09-20,Vermont,UC Davis,Home,,3,,3.0,3.0,17.0,12.0,,,,,,2.0,1.0,8.0,6.0,,,,2.0,
738,2024-09-22,Vermont,Harvard,Home,,1,4.0,1.0,1.0,6.0,4.0,,,,2.0,,4.0,2.0,26.0,15.0,,,,1.0,
738,2024-09-27,Vermont,Maine,Away,,1,3.0,1.0,2.0,17.0,14.0,21.0,,,,1.0,3.0,5.0,10.0,8.0,40.0,,,1.0,1.0
738,2024-09-29,Vermont,Stonehill,Home,,5,0.0,5.0,4.0,11.0,5.0,,,1.0,1.0,,,,11.0,6.0,,,,2.0,
738,2024-10-06,Vermont,Dartmouth,Away,,7,0.0,7.0,7.0,20.0,17.0,,,,1.0,,,,12.0,7.0,,,,,
738,2024-10-11,Vermont,New Hampshire,Away,,2,,2.0,1.0,11.0,8.0,,,2.0,,,3.0,1.0,21.0,11.0,,,,2.0,1.0
738,2024-10-18,Vermont,UMass Lowell,Home,,3,1.0,3.0,4.0,16.0,10.0,,,,3.0,,1.0,1.0,10.0,2.0,,,,2.0,
738,2024-10-20,Vermont,Merrimack,Home,,7,0.0,7.0,4.0,44.0,29.0,,,,,,,,,,,,,,1.0
738,2024-10-25,Vermont,Bryant,Home,,4,0.0,4.0,3.0,24.0,13.0,,,,2.0,,,,4.0,3.0,,,,1.0,
738,2024-11-01,Vermont,UAlbany,Away,,1,3.0,1.0,,8.0,4.0,,,,,,3.0,1.0,7.0,5.0,,,,,1.0
738,2024-11-03,Vermont,Hofstra,Home,,4,0.0,4.0,3.0,16.0,10.0,,,,2.0,1.0,,,7.0,6.0,,,,,1.0
738,2024-11-07,Vermont,UMass Lowell,Home,,2,0.0,2.0,1.0,13.0,7.0,,,,1.0,,,,6.0,3.0,,,,2.0,
738,2024-11-08,Vermont,UAlbany,Away,,1,0.0,1.0,,7.0,4.0,,,,,1.0,,,6.0,3.0,,,,,1.0
738,2024-11-10,Vermont,New Hampshire,Home,,3,2.0,3.0,2.0,14.0,7.0,,,1.0,,,2.0,2.0,12.0,7.0,,,,,
738,2024-11-13,Vermont,Miami (OH),Home,,1,2.0,1.0,1.0,16.0,7.0,,,,1.0,,2.0,1.0,8.0,5.0,,,,1.0,1.0
739,2024-08-30,Villanova,James Madison,Away,,1,2.0,1.0,,13.0,7.0,31.0,,,2.0,,2.0,,11.0,4.0,39.0,,1.0,4.0,1.0
739,2024-09-01,Villanova,Sacred Heart,Home,,3,0.0,3.0,4.0,28.0,18.0,37.0,,,,,,,4.0,1.0,21.0,,,,1.0
739,2024-09-06,Villanova,Drexel,Home,,2,3.0,2.0,4.0,9.0,6.0,34.0,,1.0,1.0,,3.0,2.0,19.0,10.0,37.0,,,3.0,
739,2024-09-09,Villanova,Mercyhurst,Home,,9,0.0,9.0,8.0,47.0,22.0,38.0,,,2.0,,,,,,24.0,,,,
739,2024-09-13,Villanova,Saint Joseph's,Away,,2,6.0,2.0,3.0,5.0,4.0,,,,1.0,1.0,6.0,4.0,14.0,10.0,,,,,
739,2024-09-16,Villanova,La Salle,Home,,2,0.0,2.0,3.0,12.0,7.0,43.0,,,,,,,11.0,3.0,37.0,,,,
739,2024-09-20,Villanova,Georgetown,Home,,6,1.0,6.0,5.0,23.0,14.0,32.0,,,,,1.0,,12.0,5.0,44.0,,1.0,2.0,
739,2024-09-22,Villanova,William & Mary,Away,,2,,2.0,1.0,23.0,14.0,,,,,,1.0,1.0,7.0,4.0,,,,1.0,1.0
739,2024-09-27,Villanova,Quinnipiac,Home,,4,2.0,4.0,5.0,27.0,15.0,44.0,,,,,2.0,1.0,12.0,6.0,41.0,,,1.0,
739,2024-09-29,Villanova,Iowa,Home,,0,2.0,,,7.0,2.0,34.0,,1.0,2.0,,2.0,1.0,8.0,5.0,42.0,,,1.0,
739,2024-10-04,Villanova,UConn,Away,,0,5.0,,,4.0,,8.0,,,2.0,,5.0,5.0,13.0,10.0,11.0,,1.0,2.0,
739,2024-10-06,Villanova,Penn,Away,,5,1.0,5.0,6.0,14.0,10.0,,,,3.0,,1.0,1.0,15.0,6.0,,,1.0,1.0,
739,2024-10-11,Villanova,Liberty,Home,,0,1.0,,,10.0,4.0,30.0,,2.0,1.0,1.0,1.0,,7.0,5.0,23.0,,,1.0,1.0
739,2024-10-18,Villanova,Old Dominion,Away,,1,2.0,1.0,,3.0,2.0,,,,1.0,,2.0,3.0,15.0,9.0,,,,2.0,
739,2024-10-25,Villanova,Temple,Home,,3,0.0,3.0,2.0,8.0,6.0,40.0,,,1.0,,,,13.0,3.0,37.0,,,,
739,2024-10-27,Villanova,Fairfield,Home,,4,3.0,4.0,2.0,14.0,5.0,33.0,,,1.0,,3.0,4.0,6.0,3.0,28.0,,,,
739,2024-11-01,Villanova,Providence,Away,,3,2.0,3.0,2.0,12.0,6.0,,,2.0,2.0,,2.0,3.0,10.0,5.0,,,1.0,3.0,
746,2024-08-30,Virginia,Penn St.,Away,,2,1.0,2.0,1.0,24.0,13.0,,,,2.0,,1.0,1.0,6.0,1.0,,,,,
746,2024-09-06,Virginia,Temple,Home,,7,0.0,7.0,3.0,21.0,16.0,,,,2.0,,,,10.0,5.0,,,,,1.0
746,2024-09-08,Virginia,Liberty,Away,,2,1.0,2.0,2.0,14.0,6.0,,,,2.0,,1.0,,9.0,7.0,,,,1.0,
746,2024-09-13,Virginia,Maryland,Away,,1,0.0,1.0,,3.0,3.0,,,,1.0,1.0,,,4.0,1.0,,,,1.0,
746,2024-09-15,Virginia,American,Home,,3,,3.0,2.0,11.0,8.0,,,1.0,2.0,,2.0,1.0,4.0,2.0,,,,1.0,
746,2024-09-20,Virginia,California,Home,,4,3.0,4.0,1.0,13.0,11.0,,,,1.0,,3.0,4.0,13.0,6.0,,,,,1.0
746,2024-09-22,Virginia,Stanford,Home,,5,1.0,5.0,6.0,18.0,12.0,,,1.0,2.0,,1.0,2.0,2.0,1.0,,,,1.0,
746,2024-09-27,Virginia,Duke,Away,,1,0.0,1.0,2.0,8.0,2.0,,,,1.0,,,,4.0,1.0,,,,2.0,
746,2024-09-29,Virginia,William & Mary,Home,,4,1.0,4.0,3.0,29.0,16.0,,,,1.0,,1.0,1.0,2.0,2.0,,,,,
746,2024-10-04,Virginia,Boston College,Away,,2,,2.0,1.0,10.0,6.0,,,1.0,2.0,,3.0,3.0,3.0,3.0,,,1.0,2.0,
746,2024-10-06,Virginia,Louisville,Home,,1,0.0,1.0,1.0,7.0,4.0,,,1.0,1.0,,,,6.0,1.0,,,,,
746,2024-10-13,Virginia,Saint Joseph's,Home,,2,5.0,2.0,2.0,5.0,3.0,,,,2.0,,5.0,5.0,10.0,7.0,,,,,
746,2024-10-18,Virginia,Syracuse,Home,,3,,2.0,2.0,17.0,7.0,,,,,1.0,2.0,3.0,6.0,3.0,,,,1.0,
746,2024-10-20,Virginia,Miami (OH),Home,,1,0.0,1.0,,17.0,6.0,,,,1.0,,,,1.0,,,,,,
746,2024-10-25,Virginia,North Carolina,Away,,0,4.0,,,3.0,,,,1.0,1.0,,4.0,6.0,10.0,6.0,,,,,
746,2024-11-01,Virginia,Wake Forest,Away,,2,,2.0,2.0,9.0,5.0,,,2.0,2.0,,1.0,1.0,5.0,4.0,,,1.0,1.0,
746,2024-11-05,Virginia,Syracuse,Home,,0,1.0,,,15.0,6.0,,,1.0,2.0,1.0,1.0,,7.0,7.0,,,2.0,2.0,
746,2024-11-15,Virginia,Michigan,Home,,2,1.0,2.0,2.0,8.0,6.0,,,,2.0,1.0,1.0,1.0,11.0,5.0,,,,3.0,
746,2024-11-17,Virginia,Northwestern,Away,,2,,2.0,1.0,6.0,5.0,,,1.0,2.0,1.0,3.0,4.0,13.0,9.0,,,,2.0,
748,2024-08-30,Wagner,La Salle,Home,,1,2.0,1.0,1.0,11.0,7.0,,,,1.0,,2.0,1.0,12.0,7.0,,,,1.0,
748,2024-09-01,Wagner,Lehigh,Away,,2,3.0,2.0,2.0,16.0,5.0,,,,1.0,,3.0,2.0,14.0,8.0,,,,1.0,
748,2024-09-08,Wagner,Towson,Away,,2,1.0,2.0,2.0,11.0,9.0,,,,,,1.0,1.0,8.0,6.0,,,1.0,2.0,
748,2024-09-13,Wagner,Bucknell,Home,,4,2.0,4.0,5.0,10.0,8.0,,,,,,2.0,1.0,14.0,7.0,,,1.0,2.0,1.0
748,2024-09-15,Wagner,Vermont,Away,,0,2.0,,,9.0,3.0,,,,,,2.0,2.0,16.0,9.0,,,,1.0,
748,2024-09-20,Wagner,Mercyhurst,Away,,5,0.0,5.0,4.0,29.0,26.0,40.0,,,,1.0,,,3.0,2.0,35.0,,,,1.0
748,2024-09-22,Wagner,Hofstra,Home,,4,0.0,4.0,1.0,19.0,15.0,,,,,,,,8.0,3.0,,,,1.0,2.0
748,2024-09-27,Wagner,LIU,Home,,4,0.0,4.0,2.0,17.0,9.0,,,,,,,,5.0,2.0,,,,1.0,
748,2024-09-29,Wagner,Columbia,Home,,1,,1.0,,15.0,10.0,,,,2.0,,,,13.0,3.0,,,,,2.0
748,2024-10-04,Wagner,Fairfield,Away,,1,3.0,1.0,,12.0,4.0,19.0,,,,,3.0,3.0,12.0,9.0,28.0,,,,1.0
748,2024-10-06,Wagner,Temple,Away,,1,,1.0,1.0,6.0,5.0,,,,2.0,,2.0,2.0,20.0,12.0,,,,,
748,2024-10-11,Wagner,Sacred Heart,Home,,2,,2.0,2.0,16.0,8.0,,,1.0,1.0,,1.0,1.0,12.0,5.0,,,,2.0,2.0
748,2024-10-18,Wagner,Stonehill,Home,,3,,3.0,1.0,15.0,10.0,,,,2.0,,2.0,1.0,12.0,8.0,,,,1.0,
748,2024-10-20,Wagner,Saint Francis,Home,,5,,5.0,4.0,18.0,12.0,,,,1.0,1.0,4.0,4.0,14.0,8.0,,,1.0,1.0,
748,2024-10-25,Wagner,Merrimack,Away,,3,0.0,3.0,2.0,25.0,17.0,,,,,,,,7.0,2.0,,,,1.0,
748,2024-10-27,Wagner,Drexel,Away,,1,,1.0,1.0,11.0,6.0,29.0,,,1.0,,2.0,3.0,10.0,6.0,20.0,,,1.0,
748,2024-11-01,Wagner,Rider,Away,,2,1.0,2.0,,9.0,7.0,50.0,,2.0,1.0,,1.0,,17.0,11.0,58.0,,,1.0,
748,2024-11-07,Wagner,LIU,Home,,2,,2.0,,15.0,8.0,,,1.0,,,1.0,,12.0,3.0,,,1.0,,
748,2024-11-09,Wagner,Fairfield,Home,,1,2.0,1.0,,12.0,8.0,,,,1.0,,2.0,1.0,6.0,5.0,,,,,
749,2024-08-30,Wake Forest,Iowa,Home,,0,,,,7.0,2.0,,,,3.0,,,,13.0,6.0,,,1.0,2.0,
749,2024-09-01,Wake Forest,Michigan,Away,,1,2.0,1.0,1.0,4.0,1.0,,,,3.0,,2.0,1.0,17.0,10.0,,,,1.0,
749,2024-09-08,Wake Forest,Harvard,Home,,0,1.0,,,11.0,3.0,,,1.0,3.0,,1.0,,11.0,5.0,,,1.0,2.0,
749,2024-09-13,Wake Forest,App State,Away,,4,1.0,4.0,2.0,15.0,12.0,,,,1.0,,1.0,1.0,3.0,1.0,,,1.0,2.0,
749,2024-09-15,Wake Forest,VCU,Home,,4,0.0,4.0,5.0,10.0,7.0,,,,,,,,12.0,4.0,,,,1.0,
749,2024-09-20,Wake Forest,Boston College,Away,,1,4.0,1.0,,5.0,3.0,,,1.0,1.0,,4.0,5.0,13.0,9.0,,,,1.0,
749,2024-09-22,Wake Forest,UMass Lowell,Away,,0,1.0,,,20.0,10.0,,,,,,1.0,,6.0,3.0,,,1.0,,
749,2024-09-27,Wake Forest,Syracuse,Home,,0,1.0,,,5.0,1.0,,,,,,1.0,,13.0,7.0,,,1.0,2.0,
749,2024-09-29,Wake Forest,Kent St.,Home,,3,1.0,3.0,4.0,28.0,17.0,,,,2.0,,1.0,2.0,10.0,4.0,,,,,
749,2024-10-06,Wake Forest,Davidson,Home,,6,0.0,6.0,2.0,19.0,12.0,,,,,,,,4.0,3.0,,,1.0,1.0,
749,2024-10-11,Wake Forest,Duke,Home,,0,2.0,,,4.0,2.0,,,,,,2.0,1.0,15.0,5.0,,,,1.0,
749,2024-10-13,Wake Forest,Louisville,Home,,3,,3.0,3.0,10.0,4.0,,,,1.0,,2.0,,6.0,6.0,,,,1.0,
749,2024-10-18,Wake Forest,North Carolina,Away,,0,7.0,,,7.0,1.0,,,1.0,2.0,,7.0,8.0,19.0,14.0,,,,1.0,
749,2024-10-20,Wake Forest,James Madison,Away,,3,,3.0,2.0,18.0,12.0,41.0,,,1.0,,2.0,,7.0,6.0,44.0,,1.0,,
749,2024-10-25,Wake Forest,Stanford,Away,,0,1.0,,,16.0,9.0,,,,1.0,,1.0,,6.0,3.0,,,3.0,1.0,
749,2024-10-27,Wake Forest,California,Away,,3,,3.0,,22.0,10.0,,,,1.0,,2.0,2.0,16.0,4.0,,,,1.0,3.0
749,2024-11-01,Wake Forest,Virginia,Home,,1,,1.0,1.0,5.0,4.0,,,1.0,1.0,,2.0,2.0,9.0,5.0,,,2.0,2.0,
749,2024-11-05,Wake Forest,Duke,Home,,1,4.0,1.0,1.0,4.0,2.0,,,,2.0,,4.0,3.0,17.0,9.0,,,,1.0,
786,2024-08-30,William & Mary,Duke,Away,,0,5.0,,,,,,,,,,5.0,3.0,28.0,15.0,,,,2.0,
786,2024-09-01,William & Mary,Richmond,Home,,1,7.0,1.0,,9.0,3.0,,,,2.0,2.0,7.0,5.0,26.0,17.0,,,,,
786,2024-09-06,William & Mary,Harvard,Home,,0,6.0,,,1.0,,,,,1.0,2.0,6.0,5.0,26.0,23.0,,,,1.0,
786,2024-09-08,William & Mary,Old Dominion,Home,,1,4.0,1.0,,3.0,3.0,,,,1.0,,4.0,3.0,22.0,15.0,,,,2.0,1.0
786,2024-09-13,William & Mary,Liberty,Away,,0,5.0,,,2.0,,,,,1.0,,5.0,5.0,25.0,12.0,,,,1.0,
786,2024-09-15,William & Mary,James Madison,Away,,0,4.0,,,4.0,3.0,38.0,,,1.0,,4.0,4.0,21.0,12.0,35.0,,1.0,2.0,
786,2024-09-20,William & Mary,American,Away,,0,2.0,,,4.0,4.0,,,,2.0,,2.0,1.0,22.0,14.0,,,1.0,3.0,
786,2024-09-22,William & Mary,Villanova,Home,,1,,1.0,1.0,7.0,4.0,,,,1.0,1.0,2.0,1.0,23.0,14.0,,,,,
786,2024-09-27,William & Mary,Towson,Home,,1,,1.0,1.0,17.0,7.0,,,,1.0,2.0,2.0,1.0,17.0,10.0,,,,1.0,1.0
786,2024-09-29,William & Mary,Virginia,Away,,1,4.0,1.0,1.0,2.0,2.0,,,,,,4.0,3.0,29.0,16.0,,,,1.0,
786,2024-10-04,William & Mary,Northeastern,Away,,1,4.0,1.0,1.0,6.0,2.0,,,,,,4.0,3.0,14.0,13.0,,,,,
786,2024-10-11,William & Mary,Delaware,Home,,2,1.0,2.0,1.0,7.0,3.0,,,,2.0,,1.0,1.0,14.0,10.0,,,,,
786,2024-10-13,William & Mary,VCU,Home,,1,2.0,1.0,1.0,9.0,6.0,,,,,,2.0,,17.0,13.0,,,,,
786,2024-10-18,William & Mary,Hofstra,Away,,0,2.0,,,11.0,6.0,18.0,,2.0,1.0,,2.0,2.0,14.0,9.0,26.0,,,1.0,
786,2024-10-25,William & Mary,Drexel,Home,,0,5.0,,,5.0,4.0,,,1.0,1.0,1.0,5.0,5.0,17.0,13.0,,,,3.0,
786,2024-10-27,William & Mary,Longwood,Home,,3,1.0,3.0,3.0,18.0,13.0,,,1.0,1.0,,1.0,1.0,15.0,9.0,,,,1.0,
786,2024-11-01,William & Mary,Monmouth,Away,,1,10.0,1.0,2.0,7.0,4.0,,,,1.0,,10.0,14.0,28.0,19.0,,,,3.0,
813,2024-09-06,Yale,Lehigh,Away,,6,1.0,6.0,7.0,21.0,14.0,,,1.0,1.0,,1.0,1.0,9.0,4.0,,,,2.0,
813,2024-09-08,Yale,Drexel,Away,,2,,2.0,2.0,6.0,5.0,28.0,,,2.0,,1.0,,10.0,8.0,39.0,,,1.0,
813,2024-09-13,Yale,Fairfield,Away,,1,0.0,1.0,,7.0,5.0,27.0,,,1.0,,,,10.0,1.0,37.0,,,1.0,
813,2024-09-15,Yale,Brown,Home,,1,,1.0,1.0,14.0,7.0,,,1.0,2.0,,2.0,2.0,12.0,5.0,,,,1.0,
813,2024-09-20,Yale,Sacred Heart,Home,,5,1.0,5.0,4.0,29.0,12.0,,,,1.0,,1.0,1.0,3.0,1.0,,,,,
813,2024-09-22,Yale,UConn,Away,,2,3.0,2.0,4.0,11.0,8.0,2.0,,,,1.0,3.0,6.0,10.0,7.0,1.0,,,1.0,
813,2024-09-27,Yale,Penn,Home,,2,,2.0,2.0,12.0,5.0,,,3.0,1.0,1.0,1.0,1.0,15.0,6.0,,,1.0,2.0,
813,2024-09-29,Yale,Quinnipiac,Home,,4,2.0,4.0,2.0,28.0,21.0,,,,2.0,1.0,2.0,,16.0,7.0,,,1.0,1.0,1.0
813,2024-10-04,Yale,Harvard,Away,,1,3.0,1.0,1.0,7.0,3.0,6.0,,,1.0,,3.0,1.0,12.0,7.0,13.0,,,1.0,
813,2024-10-06,Yale,Monmouth,Away,,1,2.0,1.0,1.0,19.0,9.0,,,,,,2.0,4.0,13.0,6.0,,,,1.0,1.0
813,2024-10-11,Yale,Cornell,Home,,5,0.0,5.0,4.0,16.0,11.0,,,,2.0,,,,12.0,5.0,,,2.0,1.0,
813,2024-10-15,Yale,Hofstra,Away,,2,,2.0,1.0,19.0,11.0,37.0,,,,,1.0,2.0,3.0,1.0,33.0,,,,1.0
813,2024-10-18,Yale,Dartmouth,Away,,4,0.0,4.0,1.0,21.0,14.0,,,,,,,,1.0,,,,,,1.0
813,2024-10-25,Yale,Columbia,Home,,2,3.0,2.0,1.0,25.0,11.0,,,,,,3.0,1.0,7.0,4.0,,,,,
813,2024-10-27,Yale,Temple,Home,,3,0.0,3.0,3.0,20.0,13.0,,,,1.0,,,,11.0,7.0,,,,,
813,2024-11-02,Yale,Princeton,Away,,0,1.0,,,9.0,1.0,,,,2.0,,1.0,,14.0,7.0,,,1.0,2.0,
