ncaa_id,team,season,jersey,full_name,roster_name,last_name,first_name,yr,pos,feet,inches,gp,gs,goals,fouls,rc,yc,gc,player_ncaa_id,ast,pts,shatt,dsv
23,American,2025,18,Maura Read,Maura Read,Read,Maura,Fr,M,,,3.0,0.0,1.0,,,,,,,2.0,2.0,
23,American,2025,5,Kaleigh Missimer,Kaleigh Missimer,Missimer,Kaleigh,Sr,M,,,2.0,0.0,2.0,,,,,,,4.0,3.0,
23,American,2025,15,Sydney Huddleston,Sydney Huddleston,Huddleston,Sydney,Fr,M,,,3.0,0.0,,,,,,,,0.0,1.0,
23,American,2025,11,Agustina Roffo,Agustina Roffo,Roffo,Agustina,Sr,M,,,18.0,16.0,8.0,,,,1.0,,2.0,18.0,16.0,
23,American,2025,19,Maddy Snyder,Maddy Snyder,Snyder,Maddy,Fr,B,,,17.0,0.0,,,,,1.0,,1.0,1.0,1.0,
23,American,2025,16,Ninthe Botman,Ninthe Botman,Botman,Ninthe,Fr,F,,,18.0,17.0,6.0,,,,,,2.0,14.0,26.0,
23,American,2025,22,Mia Edwards,Mia Edwards,Edwards,Mia,Jr,B,,,18.0,12.0,,,,,,,1.0,1.0,9.0,
23,American,2025,21,Lotti Süme,Lotti Süme,Süme,Lotti,Fr,B,,,18.0,18.0,3.0,,,,1.0,,5.0,11.0,28.0,1.0
23,American,2025,2,Jill DuVarney,Jill DuVarney,DuVarney,Jill,Fr,F,,,12.0,0.0,,,,,,,,0.0,5.0,
23,American,2025,7,Elle Ridge,Elle Ridge,Ridge,Elle,Jr,M,,,18.0,18.0,2.0,,,1.0,,,,4.0,7.0,
23,American,2025,8,Alyssa Freeman,Alyssa Freeman,Freeman,Alyssa,Jr,M,,,18.0,18.0,2.0,,,,1.0,,1.0,5.0,17.0,
23,American,2025,20,Olivia Morraye,Olivia Morraye,Morraye,Olivia,So,B,,,17.0,17.0,1.0,,,,2.0,,5.0,7.0,10.0,
23,American,2025,6,Sarah Steinman,Sarah Steinman,Steinman,Sarah,Jr,B,,,13.0,8.0,2.0,,,1.0,,,2.0,6.0,8.0,
23,American,2025,9,Ashley Huddleston,Ashley Huddleston,Huddleston,Ashley,Jr,M,,,18.0,0.0,,,,,1.0,,,0.0,7.0,
23,American,2025,14,Kendall Varty,Kendall Varty,Varty,Kendall,So,M,,,18.0,0.0,1.0,,,,1.0,,2.0,4.0,5.0,
23,American,2025,17,Emilia Winkler,Emilia Winkler,Winkler,Emilia,Jr,M,,,18.0,18.0,1.0,,,,,,9.0,11.0,15.0,
23,American,2025,1,Jordan Reicher,Jordan Reicher,Reicher,Jordan,Jr,F,,,18.0,18.0,13.0,,,,4.0,,1.0,27.0,51.0,
23,American,2025,26,Emma Guydish,Emma Guydish,Guydish,Emma,Jr,F,,,15.0,0.0,,,,,,,,0.0,6.0,
23,American,2025,4,Sophie Willemse,Sophie Willemse,Willemse,Sophie,Jr,B,,,18.0,18.0,5.0,,,2.0,4.0,,6.0,16.0,26.0,
23,American,2025,12,Kylie Briggs,Kylie Briggs,Briggs,Kylie,So,M,,,16.0,0.0,,,,1.0,,,,0.0,3.0,
27,App State,2025,20,Samantha Connors,Samantha Connors,Connors,Samantha,Sr,M,,,20.0,20.0,2.0,,,,,,2.0,6.0,12.0,2.0
27,App State,2025,8,Frederique Grimbergen,Frederique Grimbergen,Grimbergen,Frederique,So,M,,,20.0,20.0,8.0,,,,,,3.0,19.0,19.0,
27,App State,2025,24,Sophia Baxter,Sophia Baxter,Baxter,Sophia,Jr,M,,,20.0,20.0,14.0,,,,,,2.0,30.0,47.0,3.0
27,App State,2025,11,Henriette Stegen,Henriette Stegen,Stegen,Henriette,Sr,F,,,18.0,5.0,3.0,,,,2.0,,4.0,10.0,22.0,
27,App State,2025,7,Sarah Callery,Sarah Callery,Callery,Sarah,Sr,B,,,15.0,3.0,3.0,,,,,,1.0,7.0,8.0,
27,App State,2025,4,Baylie Phillips,Baylie Phillips,Phillips,Baylie,So,M,,,20.0,1.0,4.0,,,,,,,8.0,9.0,
27,App State,2025,33,Lise Boekaar,Lise Boekaar,Boekaar,Lise,Sr,M,,,20.0,20.0,13.0,,,,1.0,,19.0,45.0,75.0,
27,App State,2025,16,Kassie Paul,Kassie Paul,Paul,Kassie,Jr,M,,,20.0,19.0,2.0,,,,,,2.0,6.0,17.0,
27,App State,2025,22,Hadley Kuzmicky,Hadley Kuzmicky,Kuzmicky,Hadley,Sr,F,,,19.0,15.0,10.0,,,,2.0,,5.0,25.0,32.0,
27,App State,2025,1,Bridget Donovan,Bridget Donovan,Donovan,Bridget,Sr,F,,,19.0,19.0,1.0,,,,,,5.0,7.0,11.0,
27,App State,2025,34,Calista Schwartz,Calista Schwartz,Schwartz,Calista,Jr,B,,,20.0,18.0,,,,1.0,,,3.0,3.0,10.0,
27,App State,2025,2,Emma Livingston,Emma Livingston,Livingston,Emma,Fr,M,,,8.0,0.0,,,,,,,,0.0,1.0,
27,App State,2025,5,Kate Richardson,Kate Richardson,Richardson,Kate,Sr,F,,,20.0,20.0,8.0,,,,1.0,,3.0,19.0,30.0,
27,App State,2025,12,Carlotta Fabian,Carlotta Fabian,Fabian,Carlotta,Fr,F,,,18.0,0.0,,,,,,,1.0,1.0,11.0,
27,App State,2025,10,Sarah Perkins,Sarah Perkins,Perkins,Sarah,Sr,M,,,20.0,20.0,1.0,,,,2.0,,3.0,5.0,10.0,1.0
27,App State,2025,44,Claire Grenis,Claire Grenis,Grenis,Claire,Sr,GK,,,20.0,20.0,,,,,,,,0.0,1.0,
47,Ball St.,2025,14,Lois van Wijk,Lois van Wijk,Wijk,Lois,Fr,,,,16.0,10.0,,,,,,,,0.0,2.0,
47,Ball St.,2025,20,Braiden Scheffler,Braiden Scheffler,Scheffler,Braiden,Fr,,,,19.0,0.0,,,,,,,1.0,1.0,3.0,
47,Ball St.,2025,3,Riley Hannick,Riley Hannick,Hannick,Riley,Fr,,,,17.0,0.0,,,,,,,,0.0,4.0,
47,Ball St.,2025,5,Jade Vandevoorde,Jade Vandevoorde,Vandevoorde,Jade,Fr,,,,19.0,19.0,3.0,,,,,,4.0,10.0,22.0,
47,Ball St.,2025,4,Emily Kate Covert,Emily Kate Covert,Covert,Emily,So,,,,19.0,15.0,,,,,,,3.0,3.0,18.0,
47,Ball St.,2025,19,Jemimah Kriechelberg,Jemimah Kriechelberg,Kriechelberg,Jemimah,Jr,,,,19.0,1.0,,,,,,,,0.0,5.0,
47,Ball St.,2025,13,Lauren LEWIS,Lauren LEWIS,LEWIS,Lauren,So,B,,,19.0,18.0,,,,,1.0,,,0.0,,
47,Ball St.,2025,7,Emma van Hal,Emma van Hal,Hal,Emma,Sr,,,,19.0,19.0,1.0,,,,2.0,,2.0,4.0,45.0,1.0
47,Ball St.,2025,11,Julia VERRATTI,Julia VERRATTI,VERRATTI,Julia,Jr,,,,19.0,18.0,7.0,,,,1.0,,2.0,16.0,17.0,
47,Ball St.,2025,8,Grace CLOKIE,Grace CLOKIE,CLOKIE,Grace,Sr,,,,19.0,18.0,2.0,,,1.0,1.0,,,4.0,18.0,
47,Ball St.,2025,16,Ellie FRANCOIS,Ellie FRANCOIS,FRANCOIS,Ellie,Jr,,,,19.0,10.0,2.0,,,,1.0,,2.0,6.0,7.0,
47,Ball St.,2025,15,Reagan KUNKLE,Reagan KUNKLE,KUNKLE,Reagan,Jr,,,,16.0,0.0,1.0,,,,,,1.0,3.0,8.0,
47,Ball St.,2025,10,Emalene HARTER,Emalene HARTER,HARTER,Emalene,So,,,,19.0,0.0,,,,,,,,0.0,3.0,
47,Ball St.,2025,2,Maddie Summit,Maddie Summit,Summit,Maddie,Sr,,,,19.0,2.0,1.0,,,,,,,2.0,6.0,
47,Ball St.,2025,18,Jessica ROCHAT,Jessica ROCHAT,ROCHAT,Jessica,Sr,B,,,19.0,19.0,2.0,,,,2.0,,2.0,6.0,21.0,1.0
47,Ball St.,2025,9,Caity MCGOUGH,Caity MCGOUGH,MCGOUGH,Caity,Jr,,,,19.0,19.0,,,,,1.0,,,0.0,1.0,1.0
47,Ball St.,2025,26,Christine DITIZIO,Christine DITIZIO,DITIZIO,Christine,Sr,,,,19.0,19.0,,,,1.0,2.0,,,0.0,17.0,
47,Ball St.,2025,6,Caroline MASSEY,Caroline MASSEY,MASSEY,Caroline,Fr,,,,19.0,0.0,,,,,,,,0.0,1.0,
52,Bellarmine,2025,12,Mira Alcorn,Mira Alcorn,Alcorn,Mira,Fr,M,,,18.0,3.0,,,,1.0,,,,0.0,2.0,
52,Bellarmine,2025,6,Anne McCarthy,Anne McCarthy,McCarthy,Anne,Fr,F,,,18.0,11.0,,,,,,,,0.0,2.0,
52,Bellarmine,2025,15,Madison Patton,Madison Patton,Patton,Madison,Fr,F,,,18.0,17.0,2.0,,,,1.0,,,4.0,9.0,
52,Bellarmine,2025,21,Cami Paris,Cami Paris,Paris,Cami,Fr,M,,,17.0,17.0,1.0,,,,1.0,,,2.0,12.0,
52,Bellarmine,2025,10,Lilli Vera,Lilli Vera,Vera,Lilli,Fr,F,,,15.0,0.0,,,,,1.0,,,0.0,2.0,
52,Bellarmine,2025,25,Emily Williams,Emily Williams,Williams,Emily,Sr,F,,,6.0,1.0,,,,,,,,0.0,1.0,
52,Bellarmine,2025,3,Maria Bonwell,Maria Bonwell,Bonwell,Maria,Sr,B,,,17.0,14.0,,,,,,,,0.0,,1.0
52,Bellarmine,2025,7,Dominique Hudson,Dominique Hudson,Hudson,Dominique,So,B,,,18.0,18.0,1.0,,,,,,,2.0,1.0,
52,Bellarmine,2025,8,Luna Tuncay,Luna Tuncay,Tuncay,Luna,So,M,,,18.0,17.0,2.0,,,,1.0,,,4.0,21.0,
52,Bellarmine,2025,27,Alicia Hudson,Alicia Hudson,Hudson,Alicia,Sr,M,,,16.0,16.0,1.0,,,,1.0,,3.0,5.0,16.0,
52,Bellarmine,2025,2,Reilly Casey,Reilly Casey,Casey,Reilly,Jr,B,,,16.0,10.0,,,,,1.0,,,0.0,,
52,Bellarmine,2025,24,Skylar Sokal,Skylar Sokal,Sokal,Skylar,So,B,,,8.0,3.0,,,,,,,,0.0,2.0,1.0
52,Bellarmine,2025,22,Annie Malloy,Annie Malloy,Malloy,Annie,So,B,,,15.0,5.0,,,,,,,,0.0,,1.0
52,Bellarmine,2025,11,Eve Gladys,Eve Gladys,Gladys,Eve,So,F,,,18.0,0.0,,,,,,,,0.0,2.0,
52,Bellarmine,2025,4,Brooke Buchanan,Brooke Buchanan,Buchanan,Brooke,Jr,M,,,17.0,10.0,,,,,,,4.0,4.0,3.0,
52,Bellarmine,2025,1,Mia Booth,Mia Booth,Booth,Mia,Jr,F,,,14.0,0.0,,,,,,,,0.0,1.0,
52,Bellarmine,2025,5,Anouk Richters,Anouk Richters,Richters,Anouk,So,F,,,18.0,18.0,2.0,,,1.0,1.0,,3.0,7.0,9.0,
67,Boston College,2025,23,Eva Kluskens,Eva Kluskens,Kluskens,Eva,Sr,M,,,16.0,16.0,1.0,,,1.0,2.0,,4.0,6.0,15.0,
67,Boston College,2025,5,Martina Giacchino,Martina Giacchino,Giacchino,Martina,Sr,M,,,16.0,16.0,,,,3.0,1.0,,4.0,4.0,12.0,2.0
67,Boston College,2025,2,Klara Mueffelmann,Klara Mueffelmann,Mueffelmann,Klara,Jr,F,,,16.0,15.0,1.0,,,2.0,1.0,,2.0,4.0,21.0,
67,Boston College,2025,4,Laila Rosenquest,Laila Rosenquest,Rosenquest,Laila,Jr,M,,,16.0,16.0,1.0,,,,1.0,,1.0,3.0,19.0,3.0
67,Boston College,2025,6,Madeline Leigh,Madeline Leigh,Leigh,Madeline,Jr,M,,,16.0,16.0,2.0,,,,,,3.0,7.0,27.0,
67,Boston College,2025,15,Maeve Seeger,Maeve Seeger,Seeger,Maeve,So,F,,,16.0,16.0,1.0,,,1.0,,,1.0,3.0,5.0,1.0
67,Boston College,2025,8,Maisy Ricciardelli,Maisy Ricciardelli,Ricciardelli,Maisy,So,F,,,16.0,0.0,,,,,1.0,,,0.0,3.0,
67,Boston College,2025,12,Mia Garber,Mia Garber,Garber,Mia,Sr,F,,,16.0,16.0,2.0,,,2.0,6.0,,,4.0,24.0,
67,Boston College,2025,16,Madelieve Drion,Madelieve Drion,Drion,Madelieve,Jr,M,,,16.0,16.0,5.0,,,1.0,3.0,,1.0,11.0,19.0,
67,Boston College,2025,1,Sophia Sisco,Sophia Sisco,Sisco,Sophia,Fr,M,,,16.0,4.0,1.0,,,,1.0,,,2.0,4.0,
67,Boston College,2025,3,Alexandra De Cain,Alexandra De Cain,Cain,Alexandra,Fr,M,,,16.0,16.0,4.0,,,,1.0,,2.0,10.0,23.0,
67,Boston College,2025,9,Caroline Chisholm,Caroline Chisholm,Chisholm,Caroline,Fr,F,,,16.0,11.0,2.0,,,1.0,3.0,,1.0,5.0,23.0,1.0
67,Boston College,2025,10,Lillian Pergola,Lillian Pergola,Pergola,Lillian,Fr,F,,,6.0,0.0,,,,,,,,0.0,2.0,
67,Boston College,2025,11,Kathryn Bock,Kathryn Bock,Bock,Kathryn,Fr,F,,,11.0,0.0,1.0,,,,,,,2.0,1.0,
67,Boston College,2025,7,Melea Weber,Melea Weber,Weber,Melea,So,F,,,16.0,1.0,4.0,,,,1.0,,,8.0,18.0,
67,Boston College,2025,18,Ava Meehan,Ava Meehan,Meehan,Ava,So,F,,,16.0,0.0,,,,1.0,,,,0.0,6.0,
68,Boston U.,2025,15,Molly Driscoll,Molly Driscoll,Driscoll,Molly,Fr,F,,,19.0,16.0,5.0,5.0,,1.0,,,4.0,14.0,18.0,
68,Boston U.,2025,7,Lucy Johnson,Lucy Johnson,Johnson,Lucy,Fr,F,,,19.0,2.0,,2.0,,1.0,,,,0.0,6.0,
68,Boston U.,2025,17,Delfi Coulo,Delfi Coulo,Coulo,Delfi,Fr,F,,,18.0,14.0,1.0,8.0,,1.0,3.0,,4.0,6.0,25.0,
68,Boston U.,2025,24,Rachel Turer,Rachel Turer,Turer,Rachel,Fr,B,,,18.0,17.0,1.0,3.0,,,,,1.0,3.0,12.0,2.0
68,Boston U.,2025,4,Olivia Hammer,Olivia Hammer,Hammer,Olivia,Jr,F,,,19.0,0.0,,3.0,,,1.0,,,0.0,3.0,
68,Boston U.,2025,20,Caroline O'Brien,Caroline O'Brien,O'Brien,Caroline,Sr,F,,,19.0,18.0,15.0,9.0,,,2.0,,7.0,37.0,64.0,2.0
68,Boston U.,2025,13,Kaitlyn Williams,Kaitlyn Williams,Williams,Kaitlyn,So,F,,,17.0,1.0,,,,,,,,0.0,4.0,
68,Boston U.,2025,9,Natalie Epperson,Natalie Epperson,Epperson,Natalie,Sr,F,,,17.0,1.0,1.0,3.0,,,3.0,,,2.0,8.0,
68,Boston U.,2025,18,Caitlin Wong,Caitlin Wong,Wong,Caitlin,So,M,,,18.0,0.0,,,,,,,,0.0,1.0,
68,Boston U.,2025,5,Megan Wetzel,Megan Wetzel,Wetzel,Megan,Sr,M,,,19.0,19.0,,4.0,,,1.0,,4.0,4.0,5.0,
68,Boston U.,2025,3,Bella Bergner,Bella Bergner,Bergner,Bella,Jr,M,,,19.0,3.0,1.0,6.0,,,2.0,,2.0,4.0,11.0,
68,Boston U.,2025,22,Alex Purcell,Alex Purcell,Purcell,Alex,Jr,B,,,17.0,16.0,,2.0,,,4.0,,2.0,2.0,20.0,
68,Boston U.,2025,6,Nicole Lauro,Nicole Lauro,Lauro,Nicole,Jr,M,,,19.0,18.0,6.0,5.0,,1.0,5.0,,,12.0,29.0,
68,Boston U.,2025,14,Maggie Driscoll,Maggie Driscoll,Driscoll,Maggie,Jr,M,,,19.0,19.0,2.0,6.0,,1.0,3.0,,4.0,8.0,15.0,5.0
68,Boston U.,2025,2,Mallory Hudson,Mallory Hudson,Hudson,Mallory,Fr,M,,,19.0,0.0,,2.0,,,,,,0.0,3.0,
68,Boston U.,2025,8,Celia Nocivelli,Celia Nocivelli,Nocivelli,Celia,Sr,B,,,14.0,2.0,,3.0,,,,,,0.0,,1.0
68,Boston U.,2025,10,Shea Freda,Shea Freda,Freda,Shea,So,B,,,19.0,19.0,,6.0,,,,,1.0,1.0,,1.0
68,Boston U.,2025,19,Martu Coulo,Martu Coulo,Coulo,Martu,Sr,F,,,19.0,19.0,1.0,6.0,,,1.0,,,2.0,20.0,
80,Brown,2025,18,Lizzie Loftus,Lizzie Loftus,Loftus,Lizzie,Jr,B,,,16.0,16.0,1.0,,,1.0,,,6.0,8.0,16.0,
80,Brown,2025,10,Kate Siedem,Kate Siedem,Siedem,Kate,Jr,B,,,16.0,16.0,3.0,,,,,,2.0,8.0,17.0,2.0
80,Brown,2025,14,Juliette Meijaard,Juliette Meijaard,Meijaard,Juliette,Jr,F,,,16.0,16.0,2.0,,,3.0,1.0,,7.0,11.0,7.0,
80,Brown,2025,11,Zita Cohen,Zita Cohen,Cohen,Zita,Sr,M,,,3.0,0.0,1.0,,,,,,,2.0,2.0,
80,Brown,2025,3,Zoe Lawrence,Zoe Lawrence,Lawrence,Zoe,Jr,F,,,12.0,1.0,,,,,3.0,,,0.0,5.0,
80,Brown,2025,12,Estelle Ballet,Estelle Ballet,Ballet,Estelle,Jr,M,,,13.0,0.0,1.0,,,,,,1.0,3.0,1.0,
80,Brown,2025,2,Kiersten Smith,Kiersten Smith,Smith,Kiersten,So,F,,,16.0,16.0,5.0,,,,,,2.0,12.0,31.0,
80,Brown,2025,21,Sadie Schultz,Sadie Schultz,Schultz,Sadie,So,M,,,14.0,0.0,4.0,,,,,,,8.0,11.0,
80,Brown,2025,8,Lexi Pellegrino,Lexi Pellegrino,Pellegrino,Lexi,Sr,F,,,16.0,16.0,10.0,,,,,,4.0,24.0,69.0,
80,Brown,2025,1,Mia Karine Myklebust,Mia Karine Myklebust,Myklebust,Mia,Sr,F,,,16.0,16.0,8.0,,,1.0,1.0,,8.0,24.0,25.0,
80,Brown,2025,17,Frances Moriniere,Frances Moriniere,Moriniere,Frances,Jr,F,,,15.0,0.0,2.0,,,1.0,,,3.0,7.0,7.0,
80,Brown,2025,22,Gretchen Scott,Gretchen Scott,Scott,Gretchen,So,M,,,3.0,0.0,,,,,,,,0.0,2.0,
80,Brown,2025,20,Lucy Adams,Lucy Adams,Adams,Lucy,Sr,M,,,16.0,16.0,4.0,,,,5.0,,11.0,19.0,38.0,
80,Brown,2025,13,Alexandra Madrid,Alexandra Madrid,Madrid,Alexandra,So,M,,,16.0,12.0,,,,1.0,3.0,,4.0,4.0,2.0,
80,Brown,2025,7,Sophia Clark,Sophia Clark,Clark,Sophia,Fr,F,,,16.0,16.0,5.0,,,2.0,1.0,,1.0,11.0,27.0,
80,Brown,2025,9,Elizabeth Burger,Elizabeth Burger,Burger,Elizabeth,Fr,F,,,2.0,0.0,,,,,,,,0.0,1.0,
80,Brown,2025,16,Emily Jury,Emily Jury,Jury,Emily,Fr,M,,,16.0,16.0,1.0,,,,1.0,,,2.0,5.0,
80,Brown,2025,4,Grace Almeida,Grace Almeida,Almeida,Grace,Fr,F,,,15.0,0.0,1.0,,,,,,,2.0,6.0,
81,Bryant,2025,25,Claire Joss,Claire Joss,Joss,Claire,Jr,B,,,18.0,18.0,2.0,1.0,,,,,3.0,7.0,20.0,1.0
81,Bryant,2025,8,Kerin Birch,Kerin Birch,Birch,Kerin,So,M,,,18.0,17.0,,2.0,,,1.0,,,0.0,5.0,
81,Bryant,2025,20,Callie Caito,Callie Caito,Caito,Callie,Jr,M,,,17.0,17.0,6.0,2.0,,1.0,4.0,,1.0,13.0,25.0,
81,Bryant,2025,24,Alexa Sedicino,Alexa Sedicino,Sedicino,Alexa,Jr,F,,,18.0,17.0,2.0,3.0,,,1.0,,3.0,7.0,14.0,
81,Bryant,2025,27,Gabrielle Dwyer,Gabrielle Dwyer,Dwyer,Gabrielle,Jr,B,,,18.0,16.0,,1.0,,,,,3.0,3.0,1.0,4.0
81,Bryant,2025,4,Natalie Griffin,Natalie Griffin,Griffin,Natalie,Sr,M,,,18.0,18.0,3.0,2.0,,,6.0,,1.0,7.0,6.0,
81,Bryant,2025,2,Laura Rothwell,Laura Rothwell,Rothwell,Laura,Sr,M,,,18.0,8.0,,1.0,,,1.0,,2.0,2.0,6.0,
81,Bryant,2025,21,Julie Diderich,Julie Diderich,Diderich,Julie,Jr,B,,,18.0,0.0,1.0,3.0,,,1.0,,2.0,4.0,3.0,
81,Bryant,2025,1,Megan Smith,Megan Smith,Smith,Megan,So,F,,,17.0,11.0,5.0,1.0,,1.0,,,1.0,11.0,13.0,1.0
81,Bryant,2025,5,Zoe Bates,Zoe Bates,Bates,Zoe,Sr,M,,,18.0,6.0,,,,,,,,0.0,4.0,
81,Bryant,2025,7,Emerson Johnson,Emerson Johnson,Johnson,Emerson,Fr,,,,18.0,14.0,1.0,1.0,,1.0,2.0,,,2.0,7.0,
81,Bryant,2025,3,Elsa Bishop,Elsa Bishop,Bishop,Elsa,Fr,,,,18.0,7.0,,,,,,,,0.0,1.0,
81,Bryant,2025,10,Maddy DeFilippo,Maddy DeFilippo,DeFilippo,Maddy,Fr,,,,16.0,0.0,2.0,,,,,,,4.0,7.0,
81,Bryant,2025,9,India Hayes,India Hayes,Hayes,India,Jr,F,,,18.0,1.0,,2.0,,,,,1.0,1.0,3.0,
81,Bryant,2025,11,Ellie Picard,Ellie Picard,Picard,Ellie,Fr,,,,16.0,0.0,,,,,,,1.0,1.0,4.0,
81,Bryant,2025,12,Elyse Bouchard,Elyse Bouchard,Bouchard,Elyse,Fr,,,,18.0,17.0,1.0,1.0,,,,,4.0,6.0,6.0,
83,Bucknell,2025,5,Ameerah Kothari,Ameerah Kothari,Kothari,Ameerah,Fr,M,,,17.0,17.0,3.0,,,,3.0,,1.0,7.0,15.0,
83,Bucknell,2025,8,Mary Sylvester,Mary Sylvester,Sylvester,Mary,Fr,F,,,16.0,10.0,,,,,1.0,,,0.0,1.0,
83,Bucknell,2025,23,Saskia de Koster,Saskia de Koster,Koster,Saskia,Fr,F,,,15.0,2.0,,,,,,,1.0,1.0,1.0,
83,Bucknell,2025,19,Brooke Parker,Brooke Parker,Parker,Brooke,Fr,B,,,14.0,9.0,,,,,,,,0.0,,1.0
83,Bucknell,2025,22,Jip Zwaard,Jip Zwaard,Zwaard,Jip,Fr,B,,,17.0,16.0,,,,,,,1.0,1.0,12.0,1.0
83,Bucknell,2025,9,Bella Notaro,Bella Notaro,Notaro,Bella,So,M,,,17.0,11.0,1.0,,,,2.0,,4.0,6.0,29.0,
83,Bucknell,2025,17,Kira Leclercq,Kira Leclercq,Leclercq,Kira,Sr,M,,,17.0,17.0,13.0,,,,,,6.0,32.0,67.0,6.0
83,Bucknell,2025,1,Ryane Fisahn,Ryane Fisahn,Fisahn,Ryane,Jr,F,,,17.0,14.0,5.0,,,1.0,1.0,,,10.0,16.0,
83,Bucknell,2025,21,Katie Lintz,Katie Lintz,Lintz,Katie,Jr,F,,,17.0,5.0,3.0,,,,,,,6.0,11.0,
83,Bucknell,2025,2,Sally Hunter,Sally Hunter,Hunter,Sally,So,B,,,15.0,15.0,2.0,,,,,,6.0,10.0,6.0,
83,Bucknell,2025,7,Julia Corropolese,Julia Corropolese,Corropolese,Julia,Jr,B,,,4.0,0.0,,,,,,,,0.0,1.0,
83,Bucknell,2025,6,Reese Czajkowski,Reese Czajkowski,Czajkowski,Reese,So,M,,,17.0,17.0,10.0,,,,4.0,,2.0,22.0,61.0,
83,Bucknell,2025,10,Nicky Punt,Nicky Punt,Punt,Nicky,Sr,M,,,17.0,17.0,2.0,,,1.0,1.0,,12.0,16.0,14.0,
83,Bucknell,2025,28,Alexandra Shizas,Alexandra Shizas,Shizas,Alexandra,Sr,B,,,16.0,2.0,1.0,,,,,,,2.0,4.0,
83,Bucknell,2025,4,Lauren Sanford,Lauren Sanford,Sanford,Lauren,Jr,B,,,2.0,0.0,,,,,,,,0.0,1.0,
83,Bucknell,2025,3,Gianna Puorro,Gianna Puorro,Puorro,Gianna,Sr,M,,,13.0,13.0,3.0,,,,1.0,,2.0,8.0,12.0,
107,California,2025,11,Agustina Daud,Agustina Daud,Daud,Agustina,Fr,M,,,16.0,16.0,1.0,,,,2.0,,3.0,5.0,7.0,
107,California,2025,31,Emma Becker,Emma Becker,Becker,Emma,Fr,B,,,16.0,16.0,,,,,,,1.0,1.0,,
107,California,2025,3,Cassidy Puleo,Cassidy Puleo,Puleo,Cassidy,Sr,B,,,15.0,7.0,,,,1.0,1.0,,,0.0,,
107,California,2025,7,Josefina Moyano,Josefina Moyano,Moyano,Josefina,Fr,M,,,16.0,6.0,2.0,,,1.0,2.0,,4.0,8.0,13.0,
107,California,2025,18,Zara Schmitz,Zara Schmitz,Schmitz,Zara,Sr,F,,,16.0,12.0,3.0,,,,,,4.0,10.0,14.0,
107,California,2025,17,Victoria Beiro,Victoria Beiro,Beiro,Victoria,Jr,B,,,11.0,2.0,1.0,,,,,,2.0,4.0,8.0,
107,California,2025,13,Lieve Schalk,Lieve Schalk,Schalk,Lieve,Sr,M,,,16.0,16.0,,,,,,,6.0,6.0,3.0,
107,California,2025,28,Hannah Ward,Hannah Ward,Ward,Hannah,So,F,,,3.0,0.0,1.0,,,,,,,2.0,1.0,
107,California,2025,6,Holly Pears,Holly Pears,Pears,Holly,Jr,F,,,16.0,14.0,4.0,,,,,,3.0,11.0,21.0,
107,California,2025,9,Maya Hoepfner,Maya Hoepfner,Hoepfner,Maya,So,M,,,14.0,14.0,3.0,,,1.0,1.0,,2.0,8.0,19.0,2.0
107,California,2025,5,Morgan Kallman,Morgan Kallman,Kallman,Morgan,Sr,F,,,15.0,2.0,1.0,,,,,,1.0,3.0,8.0,
107,California,2025,23,Is Panikowski,Is Panikowski,Panikowski,Is,Jr,F,,,6.0,0.0,,,,,,,1.0,1.0,1.0,
107,California,2025,21,Jessica Lewis,Jessica Lewis,Lewis,Jessica,So,M,,,15.0,13.0,,,,,,,,0.0,2.0,
107,California,2025,4,Liz Klompmaker,Liz Klompmaker,Klompmaker,Liz,So,F,,,16.0,16.0,16.0,,,1.0,2.0,,2.0,34.0,77.0,
107,California,2025,24,Adya Kadam,Adya Kadam,Kadam,Adya,Fr,M,,,10.0,1.0,,,,,,,1.0,1.0,,
107,California,2025,10,Olivia Sharratt,Olivia Sharratt,Sharratt,Olivia,Sr,F,,,16.0,15.0,6.0,,,,3.0,,2.0,14.0,10.0,
107,California,2025,19,Mia DiGiulio,Mia DiGiulio,DiGiulio,Mia,So,M,,,15.0,9.0,,,,,,,,0.0,3.0,
129,Central Mich.,2025,5,Hailey Bainer,Hailey Bainer,Bainer,Hailey,Jr,M,,,19.0,19.0,3.0,,,1.0,,,4.0,10.0,25.0,
129,Central Mich.,2025,10,Violet Barton,Violet Barton,Barton,Violet,So,M,,,19.0,19.0,,,,,,,,0.0,2.0,1.0
129,Central Mich.,2025,11,Annabelle Cotroneo,Annabelle Cotroneo,Cotroneo,Annabelle,Jr,F,,,19.0,19.0,1.0,,,,2.0,,2.0,4.0,7.0,
129,Central Mich.,2025,28,Cameron Pluciennik,Cameron Pluciennik,Pluciennik,Cameron,Jr,F,,,19.0,10.0,6.0,,,1.0,,,2.0,14.0,24.0,
129,Central Mich.,2025,4,Rosa Maria Ruiz Hellin,Rosa Maria Ruiz Hellin,Hellin,Rosa,Sr,F,,,11.0,0.0,,,,,1.0,,,0.0,,
129,Central Mich.,2025,22,Peyton Pallman,Peyton Pallman,Pallman,Peyton,So,M,,,14.0,0.0,2.0,,,,1.0,,1.0,5.0,3.0,
129,Central Mich.,2025,7,Shannon Dwyer,Shannon Dwyer,Dwyer,Shannon,Sr,F,,,19.0,17.0,,,,,1.0,,1.0,1.0,2.0,3.0
129,Central Mich.,2025,1,Amelia Lane,Amelia Lane,Lane,Amelia,Sr,M,,,19.0,7.0,1.0,,,,1.0,,3.0,5.0,8.0,
129,Central Mich.,2025,9,Carolena Ryon,Carolena Ryon,Ryon,Carolena,So,F,,,17.0,16.0,10.0,,,,1.0,,1.0,21.0,39.0,
129,Central Mich.,2025,29,Mallory Camryn,Mallory Camryn,Camryn,Mallory,Sr,F,,,19.0,18.0,18.0,,,,5.0,,6.0,42.0,85.0,1.0
129,Central Mich.,2025,6,Sophia Havrilla,Sophia Havrilla,Havrilla,Sophia,Jr,F,,,13.0,1.0,,,,,,,,0.0,4.0,
129,Central Mich.,2025,2,Brianna Eckenroth,Brianna Eckenroth,Eckenroth,Brianna,Fr,,,,16.0,0.0,1.0,,,1.0,,,,2.0,6.0,
129,Central Mich.,2025,3,Pleun van Gent,Pleun van Gent,Gent,Pleun,Fr,B,,,19.0,19.0,,,,,,,,0.0,2.0,6.0
129,Central Mich.,2025,12,Teah Savignano,Teah Savignano,Savignano,Teah,Fr,M,,,19.0,19.0,,,,1.0,2.0,,3.0,3.0,8.0,
129,Central Mich.,2025,13,Grace Shepherd,Grace Shepherd,Shepherd,Grace,Fr,F,,,18.0,4.0,,,,,1.0,,,0.0,2.0,
129,Central Mich.,2025,23,Lola Pardo,Lola Pardo,Pardo,Lola,Fr,B,,,16.0,1.0,1.0,,,,,,,2.0,4.0,
129,Central Mich.,2025,14,Mora Elizabeth Rulli,Mora Elizabeth Rulli,Rulli,Mora,Fr,M,,,19.0,19.0,4.0,,,1.0,3.0,,9.0,17.0,29.0,
153,Colgate,2025,27,Kyleigh Welusz,Kyleigh Welusz,Welusz,Kyleigh,So,B,,,17.0,17.0,,9.0,,,,,2.0,2.0,,
153,Colgate,2025,6,Maddie Rohlfing,Maddie Rohlfing,Rohlfing,Maddie,Jr,M,,,17.0,0.0,1.0,6.0,,,,,1.0,3.0,5.0,
153,Colgate,2025,26,Alison Lemmon,Alison Lemmon,Lemmon,Alison,Sr,M,,,15.0,1.0,,,,,,,,0.0,,1.0
153,Colgate,2025,3,Tyler Argilagos,Tyler Argilagos,Argilagos,Tyler,Sr,F,,,17.0,2.0,1.0,3.0,,,,,1.0,3.0,11.0,
153,Colgate,2025,18,Dani Palmer,Dani Palmer,Palmer,Dani,Sr,F,,,17.0,17.0,5.0,17.0,,,,,3.0,13.0,23.0,
153,Colgate,2025,10,Annie Lake,Annie Lake,Lake,Annie,Jr,B,,,17.0,17.0,,12.0,,,3.0,,2.0,2.0,1.0,3.0
153,Colgate,2025,15,Lauren Widdowson,Lauren Widdowson,Widdowson,Lauren,Jr,M,,,16.0,15.0,2.0,8.0,,,3.0,,5.0,9.0,9.0,
153,Colgate,2025,28,Abby Williams,Abby Williams,Williams,Abby,Jr,B,,,2.0,2.0,1.0,,,,,,,2.0,2.0,
153,Colgate,2025,23,Grace Schmelzinger,Grace Schmelzinger,Schmelzinger,Grace,Sr,M,,,17.0,17.0,1.0,13.0,,1.0,,,1.0,3.0,36.0,
153,Colgate,2025,17,Ahria Dhillon,Ahria Dhillon,Dhillon,Ahria,Sr,B,,,17.0,17.0,,7.0,,,,,3.0,3.0,26.0,
153,Colgate,2025,24,Hannah Marcotrigiano,Hannah Marcotrigiano,Marcotrigiano,Hannah,Sr,F,,,17.0,17.0,1.0,7.0,,,1.0,,,2.0,4.0,
153,Colgate,2025,19,Kate Rose,Kate Rose,Rose,Kate,So,M,,,15.0,0.0,,2.0,,,,,,0.0,5.0,
153,Colgate,2025,5,Katie Convey,Katie Convey,Convey,Katie,Sr,F,,,12.0,1.0,,1.0,,,,,,0.0,1.0,
153,Colgate,2025,7,Alli Troth,Alli Troth,Troth,Alli,Jr,F,,,16.0,0.0,,1.0,,,,,,0.0,4.0,
153,Colgate,2025,4,Anna Lochhead,Anna Lochhead,Lochhead,Anna,Sr,M,,,17.0,17.0,1.0,10.0,,,1.0,,2.0,4.0,4.0,1.0
153,Colgate,2025,8,Morgan Willis,Morgan Willis,Willis,Morgan,Jr,F,,,17.0,16.0,10.0,13.0,,,,,1.0,21.0,32.0,
153,Colgate,2025,20,Elicia Bikhazi-Green,Elicia Bikhazi-Green,Bikhazi-Green,Elicia,Fr,M,,,16.0,0.0,1.0,3.0,,,,,,2.0,3.0,
153,Colgate,2025,25,Elizabeth Rogers,Elizabeth Rogers,Rogers,Elizabeth,Fr,M,,,17.0,14.0,,11.0,,,,,,0.0,3.0,
153,Colgate,2025,29,Ava Poliafico,Ava Poliafico,Poliafico,Ava,Fr,M,,,12.0,0.0,,2.0,,,,,,0.0,1.0,
153,Colgate,2025,9,Minah Cho,Minah Cho,Cho,Minah,Fr,F,,,11.0,0.0,1.0,1.0,,,,,,2.0,1.0,
158,Columbia,2025,20,Ashley Kim,Ashley Kim,Kim,Ashley,So,F,,,15.0,4.0,3.0,,,,,,1.0,7.0,8.0,
158,Columbia,2025,2,Madison Kim,Madison Kim,Kim,Madison,Jr,M,,,11.0,10.0,,,,,,,,0.0,1.0,
158,Columbia,2025,11,Delfina Gonzalez Lobo,Delfina Gonzalez Lobo,Lobo,Delfina,Jr,M,,,15.0,15.0,3.0,,,,,,2.0,8.0,4.0,
158,Columbia,2025,7,Lizzie Adams,Lizzie Adams,Adams,Lizzie,So,F,,,15.0,14.0,5.0,,,,,,,10.0,16.0,6.0
158,Columbia,2025,17,Mckenzie Bloom,Mckenzie Bloom,Bloom,Mckenzie,Jr,F,,,15.0,15.0,1.0,,,,5.0,,4.0,6.0,10.0,
158,Columbia,2025,8,Jacinta Solari Etcheberry,Jacinta Solari Etcheberry,Etcheberry,Jacinta,So,F,,,15.0,15.0,6.0,,,,,,5.0,17.0,36.0,
158,Columbia,2025,15,Nicole Campolattaro,Nicole Campolattaro,Campolattaro,Nicole,So,F,,,15.0,5.0,1.0,,,,,,2.0,4.0,12.0,
158,Columbia,2025,12,Sophia Abate,Sophia Abate,Abate,Sophia,Sr,F,,,15.0,14.0,3.0,,,1.0,1.0,,5.0,11.0,14.0,
158,Columbia,2025,5,Samantha Petrucco,Samantha Petrucco,Petrucco,Samantha,Sr,M,,,15.0,15.0,,,,1.0,1.0,,1.0,1.0,3.0,
158,Columbia,2025,3,Emma Reilly,Emma Reilly,Reilly,Emma,Jr,M,,,12.0,12.0,,,,,1.0,,,0.0,,
158,Columbia,2025,6,Augustina Solari Etcheberry,Augustina Solari Etcheberry,Etcheberry,Augustina,Fr,B,,,11.0,10.0,1.0,,,,,,,2.0,13.0,1.0
158,Columbia,2025,14,Izzy Kaczor,Izzy Kaczor,Kaczor,Izzy,Fr,F,,,15.0,13.0,5.0,,,1.0,4.0,,,10.0,12.0,
158,Columbia,2025,22,Maya Raphael,Maya Raphael,Raphael,Maya,Fr,B,,,15.0,6.0,1.0,,,,,,,2.0,1.0,
158,Columbia,2025,4,Sophie Green,Sophie Green,Green,Sophie,Fr,F,,,2.0,0.0,,,,,1.0,,,0.0,,
167,Cornell,2025,7,Grace Leahy,Grace Leahy,Leahy,Grace,Sr,M,,,15.0,15.0,2.0,,,2.0,3.0,,,4.0,17.0,
167,Cornell,2025,17,Jenna Villeneuve,Jenna Villeneuve,Villeneuve,Jenna,Sr,M,,,14.0,1.0,1.0,,,,,,1.0,3.0,4.0,
167,Cornell,2025,5,Georgia Kelly,Georgia Kelly,Kelly,Georgia,Sr,M,,,15.0,12.0,,,,1.0,,,1.0,1.0,25.0,
167,Cornell,2025,27,Sarah Burns,Sarah Burns,Burns,Sarah,Jr,B,,,4.0,0.0,,,,,1.0,,,0.0,,
167,Cornell,2025,2,Olivia Weir,Olivia Weir,Weir,Olivia,Jr,M,,,14.0,1.0,1.0,,,,,,,2.0,14.0,
167,Cornell,2025,28,Uma Kading,Uma Kading,Kading,Uma,So,F,,,14.0,13.0,11.0,,,1.0,4.0,,5.0,27.0,67.0,
167,Cornell,2025,3,Emma Poplyk,Emma Poplyk,Poplyk,Emma,Jr,M,,,15.0,4.0,1.0,,,1.0,,,6.0,8.0,10.0,
167,Cornell,2025,23,Blake Wilks,Blake Wilks,Wilks,Blake,So,F,,,12.0,8.0,3.0,,,,1.0,,,6.0,10.0,
167,Cornell,2025,20,Julia Ramsey,Julia Ramsey,Ramsey,Julia,Jr,M,,,15.0,15.0,5.0,,,,,,14.0,24.0,21.0,
167,Cornell,2025,19,Delaney Keegan,Delaney Keegan,Keegan,Delaney,So,M,,,6.0,0.0,1.0,,,,,,,2.0,2.0,
167,Cornell,2025,12,Annabel Cheveley,Annabel Cheveley,Cheveley,Annabel,Jr,M,,,15.0,6.0,5.0,,,,,,3.0,13.0,31.0,
167,Cornell,2025,15,Vivienne Mueller,Vivienne Mueller,Mueller,Vivienne,Sr,B,,,15.0,9.0,4.0,,,,1.0,,3.0,11.0,19.0,
167,Cornell,2025,8,Ashley Plzak,Ashley Plzak,Plzak,Ashley,Jr,F,,,11.0,4.0,2.0,,,,,,2.0,6.0,14.0,
167,Cornell,2025,24,Chloe West,Chloe West,West,Chloe,Fr,B,,,15.0,14.0,2.0,,,,,,1.0,5.0,15.0,
167,Cornell,2025,9,Colomba Infante,Colomba Infante,Infante,Colomba,Fr,M,,,15.0,14.0,,,,,,,2.0,2.0,21.0,
167,Cornell,2025,21,Sophia Grimm,Sophia Grimm,Grimm,Sophia,Fr,B,,,15.0,13.0,,,,,,,,0.0,2.0,
167,Cornell,2025,4,Shea Larkee,Shea Larkee,Larkee,Shea,Fr,M,,,3.0,0.0,,,,,,,,0.0,2.0,
167,Cornell,2025,26,Stella Thibeault,Stella Thibeault,Thibeault,Stella,Fr,M,,,8.0,1.0,1.0,,,,,,,2.0,3.0,
167,Cornell,2025,6,Rease Coleman,Rease Coleman,Coleman,Rease,Jr,B,,,15.0,14.0,,,,2.0,3.0,,6.0,6.0,9.0,
167,Cornell,2025,16,Emmy Horner,Emmy Horner,Horner,Emmy,Fr,M,,,15.0,6.0,1.0,,,,4.0,,1.0,3.0,4.0,
167,Cornell,2025,11,Ella Kaplan,Ella Kaplan,Kaplan,Ella,Fr,F,,,11.0,0.0,1.0,,,,1.0,,,2.0,5.0,
172,Dartmouth,2025,5,Ally Brosie,Ally Brosie,Brosie,Ally,So,F,,,16.0,4.0,1.0,5.0,,,,,,2.0,3.0,
172,Dartmouth,2025,11,Katherina Cohen,Katherina Cohen,Cohen,Katherina,So,B,,,14.0,3.0,1.0,4.0,,,1.0,,,2.0,1.0,2.0
172,Dartmouth,2025,2,Raina Johns,Raina Johns,Johns,Raina,Jr,M,,,16.0,16.0,,8.0,,,2.0,,,0.0,1.0,
172,Dartmouth,2025,17,Lucia Campaño,Lucia Campaño,Campaño,Lucia,Jr,M,,,14.0,14.0,5.0,,,2.0,,,1.0,11.0,16.0,1.0
172,Dartmouth,2025,8,Amelie Luessmann,Amelie Luessmann,Luessmann,Amelie,So,F,,,16.0,14.0,5.0,4.0,,1.0,1.0,,1.0,11.0,18.0,
172,Dartmouth,2025,21,Zoe Schaffer,Zoe Schaffer,Schaffer,Zoe,Sr,F,,,14.0,12.0,1.0,4.0,,,,,2.0,4.0,10.0,
172,Dartmouth,2025,12,Olivia Galiotos,Olivia Galiotos,Galiotos,Olivia,Sr,B,,,16.0,16.0,3.0,5.0,,,2.0,,3.0,9.0,20.0,
172,Dartmouth,2025,7,Riley Dumigan,Riley Dumigan,Dumigan,Riley,Jr,F,,,16.0,16.0,1.0,1.0,,,1.0,,3.0,5.0,12.0,
172,Dartmouth,2025,28,Florentina Terra,Florentina Terra,Terra,Florentina,Sr,M,,,16.0,14.0,,3.0,,,1.0,,1.0,1.0,,1.0
172,Dartmouth,2025,20,Ruby Walsh,Ruby Walsh,Walsh,Ruby,So,B,,,16.0,16.0,1.0,1.0,,,,,,2.0,9.0,7.0
172,Dartmouth,2025,14,Ella Bowman,Ella Bowman,Bowman,Ella,Jr,B,,,16.0,15.0,5.0,4.0,,,2.0,,4.0,14.0,35.0,1.0
172,Dartmouth,2025,4,Gemma Franco,Gemma Franco,Franco,Gemma,Fr,F,,,16.0,5.0,1.0,5.0,,,2.0,,,2.0,8.0,
172,Dartmouth,2025,6,Lilly Venezia,Lilly Venezia,Venezia,Lilly,Fr,F,,,13.0,0.0,,2.0,,,,,,0.0,1.0,
172,Dartmouth,2025,9,Georgia Thornton,Georgia Thornton,Thornton,Georgia,Fr,M,,,15.0,0.0,,3.0,,1.0,1.0,,2.0,2.0,8.0,
172,Dartmouth,2025,18,Madeline Windsor,Madeline Windsor,Windsor,Madeline,Fr,M,,,15.0,0.0,,,,,,,,0.0,1.0,
172,Dartmouth,2025,23,Ava Russo,Ava Russo,Russo,Ava,Fr,B,,,11.0,11.0,,,,,,,,0.0,1.0,
173,Davidson,2025,22,Hallie Slidell,Hallie Slidell,Slidell,Hallie,So,M,,,19.0,2.0,1.0,,,,,,2.0,4.0,5.0,
173,Davidson,2025,8,Sib Naaktgeboren,Sib Naaktgeboren,Naaktgeboren,Sib,Sr,M,,,19.0,19.0,21.0,,,,1.0,,6.0,48.0,100.0,
173,Davidson,2025,13,Emily Najarian,Emily Najarian,Najarian,Emily,So,F,,,15.0,0.0,,,,,,,,0.0,3.0,
173,Davidson,2025,1,Ava Mickel,Ava Mickel,Mickel,Ava,Jr,F,,,19.0,19.0,3.0,,,,,,2.0,8.0,24.0,
173,Davidson,2025,30,Matilda Collins,Matilda Collins,Collins,Matilda,Jr,B,,,19.0,19.0,5.0,,,,3.0,,,10.0,44.0,2.0
173,Davidson,2025,10,Brennan Bazant,Brennan Bazant,Bazant,Brennan,Sr,B,,,10.0,1.0,,,,,,,,0.0,1.0,
173,Davidson,2025,15,Hannah Merritt,Hannah Merritt,Merritt,Hannah,Sr,M,,,15.0,13.0,4.0,,,,,,2.0,10.0,26.0,
173,Davidson,2025,11,Celie Constantine,Celie Constantine,Constantine,Celie,Sr,M,,,19.0,19.0,2.0,,,,5.0,,9.0,13.0,17.0,
173,Davidson,2025,19,Sarah Grace Clifton,Sarah Grace Clifton,Clifton,Sarah,Sr,M,,,19.0,12.0,,,,2.0,1.0,,1.0,1.0,5.0,
173,Davidson,2025,16,Liv Goeke,Liv Goeke,Goeke,Liv,Jr,M,,,19.0,19.0,,,,,,,1.0,1.0,4.0,3.0
173,Davidson,2025,25,Emma Datch,Emma Datch,Datch,Emma,So,M,,,19.0,11.0,,,,,,,,0.0,2.0,
173,Davidson,2025,12,Emelia Little,Emelia Little,Little,Emelia,Sr,F,,,19.0,19.0,2.0,,,,2.0,,1.0,5.0,8.0,
173,Davidson,2025,9,Eva van der Kooi,Eva van der Kooi,Kooi,Eva,So,M,,,19.0,16.0,4.0,,,,1.0,,4.0,12.0,16.0,
173,Davidson,2025,2,Eliza Agan,Eliza Agan,Agan,Eliza,Fr,M,,,15.0,0.0,,,,,1.0,,,0.0,2.0,
173,Davidson,2025,20,Lourdes Greta Dorothea Wolf,Lourdes Greta Dorothea Wolf,Wolf,Lourdes,Fr,F,,,19.0,18.0,5.0,,,2.0,5.0,,2.0,12.0,29.0,
173,Davidson,2025,5,Emilia Ostos,Emilia Ostos,Ostos,Emilia,Fr,F,,,18.0,1.0,2.0,,,,2.0,,,4.0,11.0,
180,Delaware,2025,22,Noelle Sabbagh,Noelle Sabbagh,Sabbagh,Noelle,Sr,F,,,18.0,18.0,2.0,,,1.0,,,2.0,6.0,24.0,
180,Delaware,2025,17,Kate Fiest,Kate Fiest,Fiest,Kate,Jr,M,,,18.0,18.0,5.0,,,1.0,,,8.0,18.0,18.0,
180,Delaware,2025,3,Rachael Whitehead,Rachael Whitehead,Whitehead,Rachael,Jr,M,,,18.0,18.0,3.0,,,,1.0,,3.0,9.0,14.0,
180,Delaware,2025,15,Sarah Rigual,Sarah Rigual,Rigual,Sarah,Jr,M,,,18.0,18.0,3.0,,,,,,7.0,13.0,15.0,
180,Delaware,2025,6,Tetje Williamson,Tetje Williamson,Williamson,Tetje,Jr,B,,,16.0,2.0,,,,,,,,0.0,,2.0
180,Delaware,2025,1,Lily Cosner,Lily Cosner,Cosner,Lily,So,M,,,18.0,8.0,1.0,,,,,,1.0,3.0,2.0,3.0
180,Delaware,2025,8,Iris Bekker,Iris Bekker,Bekker,Iris,Jr,B,,,18.0,18.0,8.0,,,,1.0,,4.0,20.0,53.0,1.0
180,Delaware,2025,2,Emma Miller,Emma Miller,Miller,Emma,Sr,M,,,18.0,14.0,3.0,,,1.0,,,1.0,7.0,21.0,
180,Delaware,2025,24,Kathryn Clarke,Kathryn Clarke,Clarke,Kathryn,Fr,M,,,18.0,10.0,,,,1.0,1.0,,2.0,2.0,7.0,
180,Delaware,2025,10,Ella Cellini,Ella Cellini,Cellini,Ella,Fr,M,,,18.0,0.0,,,,,,,1.0,1.0,5.0,
180,Delaware,2025,5,Amanda Rattay,Amanda Rattay,Rattay,Amanda,Fr,F,,,18.0,4.0,2.0,,,,,,,4.0,6.0,
180,Delaware,2025,7,Linde van Leeuwen,Linde van Leeuwen,Leeuwen,Linde,So,B,,,18.0,17.0,2.0,,,,,,2.0,6.0,16.0,1.0
180,Delaware,2025,18,Livia van 't Hek,Livia van 't Hek,Hek,Livia,Fr,F,,,17.0,2.0,5.0,,,,,,1.0,11.0,18.0,
180,Delaware,2025,14,Brynn String,Brynn String,String,Brynn,Fr,M,,,16.0,0.0,,,,,,,,0.0,1.0,
180,Delaware,2025,21,Alexa Michielsen,Alexa Michielsen,Michielsen,Alexa,Sr,F,,,18.0,17.0,6.0,,,2.0,1.0,,2.0,14.0,29.0,
191,Drexel,2025,2,Maya Williams,Maya Williams,Williams,Maya,So,F,,,8.0,0.0,1.0,1.0,,,,,,2.0,1.0,
191,Drexel,2025,11,Marti Sanabria,Marti Sanabria,Sanabria,Marti,Sr,F,,,21.0,21.0,1.0,2.0,,,1.0,,4.0,6.0,13.0,
191,Drexel,2025,30,Sadie Schultz,Sadie Schultz,Schultz,Sadie,So,M,,,21.0,13.0,2.0,1.0,,,,,,4.0,10.0,
191,Drexel,2025,33,Lily Haag,Lily Haag,Haag,Lily,Jr,M,,,20.0,2.0,2.0,,,,2.0,,,4.0,11.0,
191,Drexel,2025,13,Natali Foster,Natali Foster,Foster,Natali,Sr,F,,,21.0,21.0,7.0,3.0,,1.0,1.0,,4.0,18.0,39.0,
191,Drexel,2025,5,Paige Hoyer,Paige Hoyer,Hoyer,Paige,Jr,F,,,14.0,3.0,,,,,,,,0.0,2.0,
191,Drexel,2025,3,Val Van Hellemont,Val Van Hellemont,Hellemont,Val,Jr,M,,,21.0,21.0,8.0,5.0,,1.0,1.0,,12.0,28.0,37.0,
191,Drexel,2025,1,Ryan Hickey,Ryan Hickey,Hickey,Ryan,Sr,M,,,19.0,4.0,2.0,1.0,,,,,,4.0,16.0,
191,Drexel,2025,14,Phebe Herlocher,Phebe Herlocher,Herlocher,Phebe,Sr,B,,,4.0,1.0,,,,,,,,0.0,1.0,
191,Drexel,2025,21,Anna Castaldo,Anna Castaldo,Castaldo,Anna,Sr,M,,,21.0,21.0,6.0,1.0,,1.0,7.0,,1.0,13.0,45.0,
191,Drexel,2025,8,Lauren Kushma,Lauren Kushma,Kushma,Lauren,Fr,M,,,15.0,0.0,,1.0,,,,,1.0,1.0,3.0,
191,Drexel,2025,15,Nicole Enslin,Nicole Enslin,Enslin,Nicole,Jr,B,,,19.0,13.0,1.0,1.0,,,,,,2.0,1.0,
191,Drexel,2025,24,Pili Lemoine,Pili Lemoine,Lemoine,Pili,So,M,,,21.0,21.0,8.0,2.0,,,,,10.0,26.0,44.0,
191,Drexel,2025,29,Anna Getty,Anna Getty,Getty,Anna,Sr,B,,,21.0,21.0,1.0,1.0,,,,,1.0,3.0,2.0,
191,Drexel,2025,6,Florienne Bosdijk,Florienne Bosdijk,Bosdijk,Florienne,Fr,M,,,21.0,18.0,1.0,1.0,,1.0,1.0,,,2.0,4.0,
191,Drexel,2025,20,Kylah Kelly,Kylah Kelly,Kelly,Kylah,Fr,B,,,11.0,7.0,,,,1.0,,,,0.0,,
191,Drexel,2025,10,Fleur Hamers,Fleur Hamers,Hamers,Fleur,Fr,F,,,21.0,21.0,4.0,1.0,,2.0,3.0,,5.0,13.0,67.0,
193,Duke,2025,3,Juliette Schulten,Juliette Schulten,Schulten,Juliette,Fr,B,,,21.0,21.0,1.0,,,,4.0,,1.0,3.0,10.0,1.0
193,Duke,2025,8,Juliette Gatsonides,Juliette Gatsonides,Gatsonides,Juliette,Fr,M,,,9.0,0.0,,,,,,,,0.0,1.0,
193,Duke,2025,11,Lily Soldan,Lily Soldan,Soldan,Lily,Fr,F,,,7.0,0.0,1.0,,,,,,,2.0,1.0,
193,Duke,2025,10,Shae Wozniak,Shae Wozniak,Wozniak,Shae,Fr,M,,,14.0,7.0,4.0,,,,1.0,,1.0,9.0,11.0,
193,Duke,2025,33,Ava Cickavage,Ava Cickavage,Cickavage,Ava,Sr,M,,,21.0,21.0,,,,,1.0,,,0.0,3.0,
193,Duke,2025,9,Sofia Fidalgo Schioppa,Sofia Fidalgo Schioppa,Schioppa,Sofia,Fr,M,,,21.0,18.0,2.0,,,,,,,4.0,5.0,
193,Duke,2025,24,Issy Carey,Issy Carey,Carey,Issy,Sr,F,,,16.0,0.0,1.0,,,,2.0,,,2.0,5.0,
193,Duke,2025,7,Kyle Massey,Kyle Massey,Massey,Kyle,Jr,F,,,21.0,0.0,1.0,,,,1.0,,1.0,3.0,12.0,
193,Duke,2025,13,Ashley Stockdale,Ashley Stockdale,Stockdale,Ashley,So,M,,,21.0,21.0,4.0,,,2.0,3.0,,1.0,9.0,13.0,
193,Duke,2025,27,Sophia Miller,Sophia Miller,Miller,Sophia,Jr,M,,,20.0,1.0,,,,,1.0,,,0.0,,1.0
193,Duke,2025,4,Reagan Ciabattoni,Reagan Ciabattoni,Ciabattoni,Reagan,Sr,M,,,6.0,0.0,1.0,,,,,,,2.0,1.0,
193,Duke,2025,6,Macy Szukics,Macy Szukics,Szukics,Macy,Sr,M,,,21.0,21.0,3.0,,,,,,6.0,12.0,35.0,
193,Duke,2025,34,Brynn Crouse,Brynn Crouse,Crouse,Brynn,Sr,F,,,21.0,0.0,,,,,,,1.0,1.0,9.0,
193,Duke,2025,14,Alaina McVeigh,Alaina McVeigh,McVeigh,Alaina,Sr,F,,,21.0,21.0,15.0,,,,,,9.0,39.0,68.0,
193,Duke,2025,21,Paige Bitting,Paige Bitting,Bitting,Paige,Sr,M,,,21.0,21.0,,,,,1.0,,2.0,2.0,2.0,
193,Duke,2025,18,Julia Boehringer,Julia Boehringer,Boehringer,Julia,So,F,,,21.0,21.0,10.0,,,,4.0,,5.0,25.0,38.0,
193,Duke,2025,2,Madison Beach,Madison Beach,Beach,Madison,So,F,,,21.0,21.0,3.0,,,1.0,4.0,,12.0,18.0,20.0,
193,Duke,2025,12,Maggie Kondrath,Maggie Kondrath,Kondrath,Maggie,Jr,F,,,20.0,13.0,4.0,,,,1.0,,3.0,11.0,13.0,
220,Fairfield,2025,3,Rory Saxon,Rory Saxon,Saxon,Rory,Fr,F,,,3.0,0.0,,1.0,,,,,,0.0,1.0,
220,Fairfield,2025,11,Alyse Wanchisen,Alyse Wanchisen,Wanchisen,Alyse,Fr,M,,,18.0,0.0,,2.0,,,,,2.0,2.0,8.0,
220,Fairfield,2025,9,Margaret Dowd,Margaret Dowd,Dowd,Margaret,Fr,M,,,5.0,1.0,,1.0,,,,,,0.0,,
220,Fairfield,2025,4,Alex Jordon,Alex Jordon,Jordon,Alex,Fr,B,,,16.0,0.0,2.0,,,,,,1.0,5.0,4.0,
220,Fairfield,2025,2,Amanda Dressel,Amanda Dressel,Dressel,Amanda,So,F,,,18.0,0.0,3.0,4.0,,,2.0,,,6.0,10.0,
220,Fairfield,2025,18,Kaelyn Fogelson,Kaelyn Fogelson,Fogelson,Kaelyn,Fr,F,,,22.0,17.0,8.0,6.0,,,2.0,,3.0,19.0,20.0,
220,Fairfield,2025,21,Alice Pifferi,Alice Pifferi,Pifferi,Alice,Sr,M,,,22.0,22.0,2.0,3.0,,,,,10.0,14.0,5.0,
220,Fairfield,2025,24,Courtland Schumacher,Courtland Schumacher,Schumacher,Courtland,Jr,F,,,22.0,21.0,2.0,2.0,,,2.0,,5.0,9.0,11.0,
220,Fairfield,2025,1,Alex Senior,Alex Senior,Senior,Alex,Sr,F,,,22.0,21.0,10.0,2.0,,,2.0,,5.0,25.0,60.0,
220,Fairfield,2025,22,Beatrice Loevenich,Beatrice Loevenich,Loevenich,Beatrice,So,F,,,12.0,0.0,,2.0,,,,,,0.0,1.0,
220,Fairfield,2025,14,Catherine Fitzgerald,Catherine Fitzgerald,Fitzgerald,Catherine,Jr,B,,,20.0,20.0,2.0,,,1.0,,,,4.0,20.0,
220,Fairfield,2025,19,Pilar Mengotti,Pilar Mengotti,Mengotti,Pilar,Sr,B,,,22.0,21.0,10.0,4.0,,1.0,2.0,,6.0,26.0,73.0,3.0
220,Fairfield,2025,6,Autumn BARTUSH,Autumn BARTUSH,BARTUSH,Autumn,Sr,M,,,22.0,8.0,3.0,1.0,,,,,,6.0,22.0,
220,Fairfield,2025,8,Grace CAMERA,Grace CAMERA,CAMERA,Grace,So,F,,,2.0,0.0,,,,,,,,0.0,1.0,
220,Fairfield,2025,10,Camille PERLOV,Camille PERLOV,PERLOV,Camille,So,F,,,22.0,22.0,8.0,7.0,,1.0,2.0,,3.0,19.0,41.0,
220,Fairfield,2025,13,Kylie CORCORAN,Kylie CORCORAN,CORCORAN,Kylie,So,M,,,22.0,2.0,2.0,5.0,,1.0,3.0,,1.0,5.0,17.0,
220,Fairfield,2025,17,Konni Hofmann,Konni Hofmann,Hofmann,Konni,Sr,F,,,22.0,16.0,12.0,7.0,,,1.0,,5.0,29.0,65.0,
220,Fairfield,2025,16,Catalina Ness,Catalina Ness,Ness,Catalina,Jr,F,,,21.0,17.0,1.0,3.0,,,1.0,,6.0,8.0,33.0,
220,Fairfield,2025,5,Rylee LaLoup,Rylee LaLoup,LaLoup,Rylee,Sr,F,,,22.0,4.0,9.0,6.0,,,3.0,,3.0,21.0,31.0,
220,Fairfield,2025,12,Noor Hellemans,Noor Hellemans,Hellemans,Noor,Jr,M,,,21.0,21.0,2.0,2.0,,,1.0,,7.0,11.0,17.0,
251,Georgetown,2025,21,Kate McManaman,Kate McManaman,McManaman,Kate,So,M,,,9.0,0.0,,,,,,,,0.0,1.0,
251,Georgetown,2025,9,Julia Hall,Julia Hall,Hall,Julia,Sr,F,,,17.0,0.0,,,,,,,,0.0,1.0,
251,Georgetown,2025,15,Caroline Suko,Caroline Suko,Suko,Caroline,Jr,M,,,15.0,0.0,2.0,,,,,,,4.0,4.0,
251,Georgetown,2025,20,Izzy Lee,Izzy Lee,Lee,Izzy,Jr,M,,,15.0,15.0,3.0,,,,1.0,,1.0,7.0,5.0,
251,Georgetown,2025,6,Riley Fitzgerald,Riley Fitzgerald,Fitzgerald,Riley,So,F,,,17.0,17.0,4.0,,,2.0,7.0,,1.0,9.0,23.0,
251,Georgetown,2025,7,Elena Perez Alejandro,Elena Perez Alejandro,Alejandro,Elena,Jr,M,,,17.0,17.0,1.0,,,1.0,3.0,,4.0,6.0,22.0,
251,Georgetown,2025,5,Colleen Maloney,Colleen Maloney,Maloney,Colleen,So,M,,,17.0,9.0,,,,,1.0,,1.0,1.0,,
251,Georgetown,2025,19,Lily Jamison,Lily Jamison,Jamison,Lily,Sr,M,,,17.0,17.0,,,,,2.0,,2.0,2.0,10.0,
251,Georgetown,2025,12,Elizabeth Rossotti,Elizabeth Rossotti,Rossotti,Elizabeth,Jr,F,,,14.0,5.0,2.0,,,,1.0,,,4.0,7.0,
251,Georgetown,2025,2,Sydney Yodh,Sydney Yodh,Yodh,Sydney,Sr,F,,,17.0,17.0,5.0,,,,2.0,,2.0,12.0,34.0,
251,Georgetown,2025,27,Anna Gill,Anna Gill,Gill,Anna,Jr,B,,,17.0,15.0,,,,1.0,1.0,,2.0,2.0,1.0,
251,Georgetown,2025,3,Katherine Malloy,Katherine Malloy,Malloy,Katherine,So,F,,,17.0,17.0,3.0,,,,,,1.0,7.0,22.0,
251,Georgetown,2025,22,Ellie Johnson,Ellie Johnson,Johnson,Ellie,Sr,M,,,17.0,17.0,3.0,,,2.0,,,,6.0,14.0,
251,Georgetown,2025,14,Kelly O'Connor,Kelly O'Connor,O'Connor,Kelly,Sr,B,,,17.0,7.0,,,,1.0,,,,0.0,1.0,
251,Georgetown,2025,11,Adelae Chierici,Adelae Chierici,Chierici,Adelae,Fr,F,,,16.0,3.0,,,,,,,1.0,1.0,15.0,
251,Georgetown,2025,17,Lindsay Morin,Lindsay Morin,Morin,Lindsay,Fr,M,,,17.0,13.0,,,,,,,,0.0,7.0,
251,Georgetown,2025,28,Lily Saal,Lily Saal,Saal,Lily,Fr,M,,,13.0,0.0,1.0,,,,1.0,,2.0,4.0,18.0,
251,Georgetown,2025,8,Laney Reiser,Laney Reiser,Reiser,Laney,Fr,M,,,12.0,0.0,,,,,1.0,,,0.0,2.0,
275,Harvard,2025,7,Rosa Kooijmans,Rosa Kooijmans,Kooijmans,Rosa,Fr,M,,,20.0,0.0,2.0,,,,,,4.0,8.0,6.0,
275,Harvard,2025,5,Lucy Barker,Lucy Barker,Barker,Lucy,Fr,F,,,21.0,0.0,1.0,,,1.0,,,1.0,3.0,14.0,
275,Harvard,2025,13,Brooke Chandler,Brooke Chandler,Chandler,Brooke,Fr,B,,,19.0,17.0,,,,,,,,0.0,1.0,
275,Harvard,2025,10,Josephine Carollo,Josephine Carollo,Carollo,Josephine,Fr,M,,,8.0,0.0,,,,,,,,0.0,3.0,
275,Harvard,2025,17,Kate Oliver,Kate Oliver,Oliver,Kate,Sr,F,,,20.0,1.0,1.0,,,,1.0,,6.0,8.0,15.0,
275,Harvard,2025,2,Martha le Huray,Martha le Huray,Huray,Martha,So,M,,,21.0,20.0,13.0,,,,,,6.0,32.0,39.0,
275,Harvard,2025,20,Smilla Klas,Smilla Klas,Klas,Smilla,Jr,M,,,21.0,21.0,,,,,3.0,,,0.0,,
275,Harvard,2025,18,Lara Beekhuis,Lara Beekhuis,Beekhuis,Lara,Jr,M,,,21.0,20.0,11.0,,,,2.0,,6.0,28.0,52.0,
275,Harvard,2025,8,Bronte-May Brough,Bronte-May Brough,Brough,Bronte-May,Sr,B,,,21.0,20.0,6.0,,,1.0,1.0,,3.0,15.0,45.0,
275,Harvard,2025,16,Emily Bronckers,Emily Bronckers,Bronckers,Emily,So,F,,,21.0,0.0,5.0,,,,3.0,,1.0,11.0,9.0,
275,Harvard,2025,0,Sage Piekarski,Sage Piekarski,Piekarski,Sage,Jr,F,,,21.0,20.0,16.0,,,2.0,2.0,,4.0,36.0,44.0,
275,Harvard,2025,19,Paige Cornelius,Paige Cornelius,Cornelius,Paige,So,M,,,20.0,9.0,,,,,,,,0.0,4.0,
275,Harvard,2025,12,Marie Schaefers,Marie Schaefers,Schaefers,Marie,Sr,M,,,17.0,13.0,,,,,,,1.0,1.0,1.0,
275,Harvard,2025,15,Charlotte Casiraghi,Charlotte Casiraghi,Casiraghi,Charlotte,Jr,B,,,15.0,5.0,,,,,1.0,,,0.0,,1.0
275,Harvard,2025,3,Kitty Chapple,Kitty Chapple,Chapple,Kitty,Sr,M,,,21.0,21.0,2.0,,,,1.0,,7.0,11.0,11.0,
275,Harvard,2025,4,Fiene Oerlemans,Fiene Oerlemans,Oerlemans,Fiene,Sr,M,,,21.0,21.0,,,,2.0,5.0,,4.0,4.0,22.0,
275,Harvard,2025,9,Tilly Butterworth,Tilly Butterworth,Butterworth,Tilly,So,M,,,21.0,21.0,5.0,,,,1.0,,1.0,11.0,43.0,
283,Hofstra,2025,5,Efremia Geralis,Efremia Geralis,Geralis,Efremia,Sr,M,,,17.0,11.0,,,,1.0,1.0,,2.0,2.0,,
283,Hofstra,2025,7,Pilar Penaloza,Pilar Penaloza,Penaloza,Pilar,Sr,M,,,18.0,18.0,1.0,,,,1.0,,3.0,5.0,19.0,
283,Hofstra,2025,16,Riley MacIntosh,Riley MacIntosh,MacIntosh,Riley,Sr,M,,,18.0,13.0,,,,2.0,1.0,,3.0,3.0,5.0,1.0
283,Hofstra,2025,11,Tess Satterfield,Tess Satterfield,Satterfield,Tess,Jr,,,,18.0,1.0,2.0,,,,,,,4.0,15.0,
283,Hofstra,2025,1,Teresa Karoff,Teresa Karoff,Karoff,Teresa,Sr,B,,,18.0,18.0,13.0,2.0,,,4.0,,3.0,29.0,26.0,
283,Hofstra,2025,14,Julia Böcker,Julia Böcker,Böcker,Julia,So,,,,13.0,0.0,,,,,,,,0.0,3.0,
283,Hofstra,2025,24,Kelly Levengood,Kelly Levengood,Levengood,Kelly,Jr,,,,18.0,18.0,4.0,,,,,,,8.0,12.0,
283,Hofstra,2025,17,Camryn Stewart,Camryn Stewart,Stewart,Camryn,Jr,,,,12.0,0.0,,,,,1.0,,,0.0,,
283,Hofstra,2025,9,Kesia Richardson,Kesia Richardson,Richardson,Kesia,Jr,B,,,16.0,15.0,2.0,,,2.0,3.0,,3.0,7.0,11.0,
283,Hofstra,2025,15,Adrianna Losiak,Adrianna Losiak,Losiak,Adrianna,Sr,,,,18.0,17.0,,,,,,,,0.0,5.0,1.0
283,Hofstra,2025,8,Jamie Mc Millan,Jamie Mc Millan,Millan,Jamie,Sr,B,,,18.0,17.0,1.0,,,2.0,1.0,,4.0,6.0,25.0,1.0
283,Hofstra,2025,6,Jaime Lewis,Jaime Lewis,Lewis,Jaime,Jr,F,,,18.0,17.0,8.0,,,1.0,5.0,,,16.0,41.0,
283,Hofstra,2025,21,Caitlin Lozano,Caitlin Lozano,Lozano,Caitlin,So,,,,18.0,12.0,,,,,,,3.0,3.0,3.0,
283,Hofstra,2025,25,Alex Gordon,Alex Gordon,Gordon,Alex,Jr,,,,8.0,0.0,,,,1.0,,,,0.0,,
283,Hofstra,2025,23,Tati Boyd,Tati Boyd,Boyd,Tati,Sr,,,,7.0,1.0,,,,,,,,0.0,1.0,
283,Hofstra,2025,20,Kristi Santos,Kristi Santos,Santos,Kristi,Jr,F,,,18.0,1.0,2.0,,,,1.0,,,4.0,11.0,
283,Hofstra,2025,18,Gwenn van Dijik,Gwenn van Dijik,Dijik,Gwenn,Fr,,,,18.0,17.0,3.0,,,3.0,4.0,,10.0,16.0,42.0,
283,Hofstra,2025,3,Kalyn Fluker,Kalyn Fluker,Fluker,Kalyn,Fr,,,,9.0,0.0,,,,,,,1.0,1.0,1.0,
283,Hofstra,2025,10,Gabriella Seifert,Gabriella Seifert,Seifert,Gabriella,Fr,,,,1.0,0.0,,,,,,,,0.0,1.0,
285,Holy Cross,2025,22,Kendall Brady,Kendall Brady,Brady,Kendall,So,F,,,16.0,14.0,6.0,,,,1.0,,,12.0,27.0,5.0
285,Holy Cross,2025,23,Jocelyn Monti,Jocelyn Monti,Monti,Jocelyn,So,B,,,15.0,15.0,1.0,,,,1.0,,3.0,5.0,4.0,
285,Holy Cross,2025,8,Coley Leo,Coley Leo,Leo,Coley,Sr,F,,,10.0,1.0,,,,1.0,,,1.0,1.0,2.0,
285,Holy Cross,2025,7,Meredith Schepens,Meredith Schepens,Schepens,Meredith,Jr,M,,,15.0,1.0,,,,,,,2.0,2.0,1.0,
285,Holy Cross,2025,3,Saskia Williams,Saskia Williams,Williams,Saskia,Jr,M,,,16.0,15.0,3.0,,,,,,2.0,8.0,19.0,
285,Holy Cross,2025,21,Marissa MacLean,Marissa MacLean,MacLean,Marissa,Jr,F,,,14.0,14.0,1.0,,,,1.0,,4.0,6.0,13.0,
285,Holy Cross,2025,17,Megan Schienbein,Megan Schienbein,Schienbein,Megan,Sr,B,,,16.0,16.0,2.0,,,,4.0,,3.0,7.0,30.0,1.0
285,Holy Cross,2025,2,Julia Carrozza,Julia Carrozza,Carrozza,Julia,Sr,M,,,16.0,16.0,2.0,,,,1.0,,3.0,7.0,9.0,
285,Holy Cross,2025,6,Maguire Sturgis,Maguire Sturgis,Sturgis,Maguire,Jr,F,,,16.0,16.0,9.0,,,,1.0,,5.0,23.0,57.0,
285,Holy Cross,2025,4,Maya Zahlan,Maya Zahlan,Zahlan,Maya,So,M,,,2.0,0.0,,,,,,,1.0,1.0,2.0,
285,Holy Cross,2025,1,Ava Huntley,Ava Huntley,Huntley,Ava,So,F,,,3.0,0.0,,,,,,,,0.0,6.0,
285,Holy Cross,2025,5,Izzy van der Spuy,Izzy van der Spuy,Spuy,Izzy,Sr,M,,,12.0,1.0,1.0,,,,,,,2.0,1.0,
285,Holy Cross,2025,11,Kendall Blomquist,Kendall Blomquist,Blomquist,Kendall,Sr,M,,,15.0,12.0,2.0,,,1.0,1.0,,,4.0,16.0,1.0
285,Holy Cross,2025,15,Judy Rodolakis,Judy Rodolakis,Rodolakis,Judy,So,F,,,5.0,0.0,,,,,,,1.0,1.0,,
285,Holy Cross,2025,25,Alexa Birch,Alexa Birch,Birch,Alexa,Fr,F,,,16.0,0.0,,,,,,,1.0,1.0,2.0,2.0
285,Holy Cross,2025,18,Rachel Egan,Rachel Egan,Egan,Rachel,Fr,M,,,16.0,16.0,2.0,,,1.0,,,2.0,6.0,9.0,1.0
285,Holy Cross,2025,19,Martina Di Gregorio,Martina Di Gregorio,Gregorio,Martina,Fr,M,,,15.0,4.0,4.0,,,,1.0,,1.0,9.0,12.0,
285,Holy Cross,2025,9,Maeve Kiernan,Maeve Kiernan,Kiernan,Maeve,Fr,M,,,16.0,15.0,,,,,,,,0.0,4.0,
306,Indiana,2025,27,Theresa Ricci,Theresa Ricci,Ricci,Theresa,Jr,F,,,18.0,4.0,6.0,,,,,,4.0,16.0,19.0,
306,Indiana,2025,33,Hannah Riddle,Hannah Riddle,Riddle,Hannah,Jr,B,,,18.0,0.0,4.0,,,,1.0,,2.0,10.0,13.0,
306,Indiana,2025,13,Elen Nicholls,Elen Nicholls,Nicholls,Elen,Jr,B,,,18.0,18.0,,,,,,,,0.0,2.0,
306,Indiana,2025,34,Inés Garcia Prado,Inés Garcia Prado,Prado,Inés,Jr,M,,,18.0,18.0,7.0,,,1.0,1.0,,9.0,23.0,55.0,8.0
306,Indiana,2025,10,Anna Mozeleski,Anna Mozeleski,Mozeleski,Anna,Sr,M,,,14.0,1.0,4.0,,,,,,,8.0,21.0,
306,Indiana,2025,11,Morgan Qualls,Morgan Qualls,Qualls,Morgan,So,B,,,16.0,4.0,,,,,,,,0.0,1.0,
306,Indiana,2025,9,Ava Winner,Ava Winner,Winner,Ava,Jr,F,,,9.0,0.0,2.0,,,,,,,4.0,6.0,
306,Indiana,2025,24,Javi Baeza,Javi Baeza,Baeza,Javi,Jr,M,,,18.0,18.0,,,,,1.0,,4.0,4.0,9.0,
306,Indiana,2025,2,Kate Longo,Kate Longo,Longo,Kate,So,B,,,12.0,1.0,,,,,,,1.0,1.0,3.0,
306,Indiana,2025,16,Mijntje Hagen,Mijntje Hagen,Hagen,Mijntje,So,F,,,18.0,18.0,6.0,,,,1.0,,10.0,22.0,36.0,1.0
306,Indiana,2025,29,Cecilia Maixner,Cecilia Maixner,Maixner,Cecilia,Jr,B,,,12.0,0.0,,,,,,,,0.0,1.0,
306,Indiana,2025,21,Emma Thompson,Emma Thompson,Thompson,Emma,Sr,B,,,18.0,17.0,,,,,1.0,,,0.0,2.0,
306,Indiana,2025,14,Charlotte Glasper,Charlotte Glasper,Glasper,Charlotte,So,F,,,18.0,13.0,7.0,,,,1.0,,7.0,21.0,22.0,
306,Indiana,2025,7,Molly Stutte,Molly Stutte,Stutte,Molly,Fr,F,,,18.0,17.0,7.0,,,,1.0,,1.0,15.0,34.0,
306,Indiana,2025,32,Sydney Meltzer,Sydney Meltzer,Meltzer,Sydney,Fr,M,,,8.0,7.0,,,,,,,,0.0,2.0,
306,Indiana,2025,15,Kiki Oomens,Kiki Oomens,Oomens,Kiki,Fr,F,,,18.0,12.0,,,,,1.0,,,0.0,8.0,
306,Indiana,2025,4,Lily Freeman,Lily Freeman,Freeman,Lily,Fr,B,,,18.0,13.0,1.0,,,,,,,2.0,2.0,
306,Indiana,2025,6,Georgia Rottinghaus,Georgia Rottinghaus,Rottinghaus,Georgia,Fr,M,,,13.0,0.0,,,,,,,2.0,2.0,4.0,
306,Indiana,2025,17,Celia Arroyo Cabezudo,Celia Arroyo Cabezudo,Cabezudo,Celia,Fr,F,,,18.0,15.0,8.0,,,,1.0,,1.0,17.0,30.0,
312,Iowa,2025,23,Tea Fortpied,Tea Fortpied,Fortpied,Tea,Fr,B,,,20.0,18.0,,,,,2.0,,2.0,2.0,11.0,
312,Iowa,2025,20,Jordan Byers,Jordan Byers,Byers,Jordan,Fr,M,,,20.0,17.0,1.0,,,,,,4.0,6.0,10.0,
312,Iowa,2025,4,Niamh de Jong,Niamh de Jong,Jong,Niamh,Fr,M,,,20.0,9.0,,,,,1.0,,1.0,1.0,4.0,
312,Iowa,2025,11,Peyton Shellaway,Peyton Shellaway,Shellaway,Peyton,Fr,B,,,15.0,5.0,,,,1.0,,,1.0,1.0,,
312,Iowa,2025,18,Felicia Zonnenberg,Felicia Zonnenberg,Zonnenberg,Felicia,Fr,M,,,20.0,20.0,3.0,,,,3.0,,13.0,19.0,11.0,
312,Iowa,2025,25,Kaia Beaudoin,Kaia Beaudoin,Beaudoin,Kaia,Fr,M,,,11.0,0.0,,,,,,,,0.0,2.0,
312,Iowa,2025,24,Frederique van Cleef,Frederique van Cleef,Cleef,Frederique,Fr,F,,,20.0,19.0,12.0,,,1.0,1.0,,5.0,29.0,60.0,
312,Iowa,2025,5,Lieve van Kessel,Lieve van Kessel,Kessel,Lieve,Jr,M,,,20.0,19.0,5.0,,,,,,3.0,13.0,11.0,
312,Iowa,2025,12,Milly Short,Milly Short,Short,Milly,Sr,M,,,20.0,20.0,5.0,,,1.0,,,1.0,11.0,14.0,1.0
312,Iowa,2025,14,Lauren DeRose,Lauren DeRose,DeRose,Lauren,Jr,B,,,20.0,14.0,,,,1.0,1.0,,,0.0,,
312,Iowa,2025,10,Dionne van Aalsum,Dionne van Aalsum,Aalsum,Dionne,Jr,M,,,20.0,19.0,28.0,,,,,,3.0,59.0,130.0,
312,Iowa,2025,2,Rachel Herbine,Rachel Herbine,Herbine,Rachel,Jr,F,,,20.0,14.0,,,,2.0,,,5.0,5.0,6.0,
312,Iowa,2025,17,Hannah Maney,Hannah Maney,Maney,Hannah,So,F,,,10.0,0.0,2.0,,,,,,3.0,7.0,4.0,
312,Iowa,2025,6,Tess Reed,Tess Reed,Reed,Tess,Jr,F,,,15.0,0.0,2.0,,,,,,,4.0,4.0,
312,Iowa,2025,15,Fiene ten Seldam,Fiene ten Seldam,Seldam,Fiene,So,B,,,15.0,3.0,,,,,,,,0.0,2.0,
312,Iowa,2025,16,Lexie Haig,Lexie Haig,Haig,Lexie,So,M,,,17.0,0.0,1.0,,,,,,1.0,3.0,5.0,
312,Iowa,2025,7,Gia Whalen,Gia Whalen,Whalen,Gia,Jr,M,,,20.0,20.0,2.0,,,,1.0,,1.0,5.0,13.0,
312,Iowa,2025,21,Rylie Novak,Rylie Novak,Novak,Rylie,So,B,,,5.0,0.0,,,,,,,,0.0,3.0,
317,James Madison,2025,14,Sydney Raguini,Sydney Raguini,Raguini,Sydney,Fr,F,,,19.0,2.0,2.0,,,,,,1.0,5.0,11.0,
317,James Madison,2025,18,Astrid Van Triest,Astrid Van Triest,Triest,Astrid,Fr,M,,,8.0,0.0,,,,,,,,0.0,1.0,
317,James Madison,2025,15,Mika Hilburger,Mika Hilburger,Hilburger,Mika,Fr,M,,,20.0,1.0,,,,,,,,0.0,4.0,
317,James Madison,2025,5,Kenzie King,Kenzie King,King,Kenzie,Fr,B,,,20.0,0.0,,,,1.0,,,,0.0,1.0,
317,James Madison,2025,2,Puck Jansen,Puck Jansen,Jansen,Puck,Fr,B,,,20.0,20.0,2.0,,,1.0,4.0,,,4.0,23.0,1.0
317,James Madison,2025,12,Anna Collinge,Anna Collinge,Collinge,Anna,Fr,M,,,20.0,4.0,,,,,1.0,,,0.0,2.0,
317,James Madison,2025,21,Sophia Walch,Sophia Walch,Walch,Sophia,Fr,F,,,3.0,0.0,,,,,,,,0.0,1.0,
317,James Madison,2025,9,Azul Covarrubias,Azul Covarrubias,Covarrubias,Azul,Jr,B,,,20.0,19.0,,,,2.0,1.0,,6.0,6.0,16.0,
317,James Madison,2025,10,Madelief Molier,Madelief Molier,Molier,Madelief,So,F,,,17.0,15.0,14.0,,,,1.0,,3.0,31.0,38.0,
317,James Madison,2025,6,Maddie Tierney,Maddie Tierney,Tierney,Maddie,Sr,M,,,19.0,18.0,2.0,,,1.0,2.0,,,4.0,13.0,
317,James Madison,2025,29,Jola Ollrogge,Jola Ollrogge,Ollrogge,Jola,Sr,B,,,20.0,20.0,1.0,,,1.0,,,7.0,9.0,14.0,
317,James Madison,2025,1,Ava Drexler-Amey,Ava Drexler-Amey,Drexler-Amey,Ava,Jr,M,,,20.0,20.0,2.0,,,1.0,3.0,,,4.0,19.0,
317,James Madison,2025,24,Julie Narleski,Julie Narleski,Narleski,Julie,Sr,F,,,20.0,20.0,5.0,,,2.0,1.0,,1.0,11.0,21.0,
317,James Madison,2025,28,Skyler Brown,Skyler Brown,Brown,Skyler,Sr,M,,,20.0,20.0,9.0,,,,,,3.0,21.0,37.0,
317,James Madison,2025,22,Lila Harlock,Lila Harlock,Harlock,Lila,Sr,F,,,4.0,1.0,1.0,,,,,,,2.0,1.0,
317,James Madison,2025,11,Avery Ruckman,Avery Ruckman,Ruckman,Avery,So,M,,,17.0,1.0,3.0,,,,,,,6.0,8.0,
317,James Madison,2025,27,Brynna Hill,Brynna Hill,Hill,Brynna,Jr,M,,,20.0,20.0,3.0,,,,3.0,,5.0,11.0,12.0,
317,James Madison,2025,4,Lilly Turner,Lilly Turner,Turner,Lilly,So,M,,,17.0,2.0,,,,2.0,1.0,,,0.0,8.0,
317,James Madison,2025,8,Alice Roeper,Alice Roeper,Roeper,Alice,Sr,M,,,13.0,13.0,10.0,,,,,,5.0,25.0,56.0,
317,James Madison,2025,13,Elena Giangaspero,Elena Giangaspero,Giangaspero,Elena,So,F,,,14.0,0.0,,,,,,,,0.0,1.0,
331,Kent St.,2025,12,Ashlyn Taylor,Ashlyn Taylor,Taylor,Ashlyn,Jr,M,,,14.0,14.0,,,,,,,,0.0,2.0,
331,Kent St.,2025,16,Mary Kate Finnan,Mary Kate Finnan,Finnan,Mary,So,B,,,14.0,10.0,,,,,,,,0.0,3.0,3.0
331,Kent St.,2025,26,Lauren Conroy,Lauren Conroy,Conroy,Lauren,Sr,B,,,15.0,14.0,5.0,,,,1.0,,,10.0,11.0,1.0
331,Kent St.,2025,22,Sophia Livingston,Sophia Livingston,Livingston,Sophia,Jr,M,,,15.0,0.0,,,,,,,,0.0,1.0,1.0
331,Kent St.,2025,10,Lucy Keeler,Lucy Keeler,Keeler,Lucy,Jr,F,,,8.0,0.0,,,,,,,,0.0,1.0,
331,Kent St.,2025,6,Marybritt Duwel,Marybritt Duwel,Duwel,Marybritt,Jr,F,,,15.0,13.0,7.0,,,,,,2.0,16.0,25.0,
331,Kent St.,2025,5,Tess Gately,Tess Gately,Gately,Tess,So,F,,,15.0,1.0,2.0,,,2.0,,,,4.0,16.0,
331,Kent St.,2025,18,Marissa Skinner,Marissa Skinner,Skinner,Marissa,So,B,,,15.0,8.0,2.0,,,,,,1.0,5.0,12.0,1.0
331,Kent St.,2025,25,Eva Usoz,Eva Usoz,Usoz,Eva,Jr,M,,,15.0,15.0,4.0,,,,3.0,,2.0,10.0,34.0,
331,Kent St.,2025,14,Maia Sarrabayrouse,Maia Sarrabayrouse,Sarrabayrouse,Maia,Sr,M,,,15.0,15.0,,,,,,,5.0,5.0,24.0,1.0
331,Kent St.,2025,28,Delfina Larippa,Delfina Larippa,Larippa,Delfina,So,F,,,15.0,11.0,1.0,,,,6.0,,2.0,4.0,35.0,
331,Kent St.,2025,3,Emma Seger,Emma Seger,Seger,Emma,Sr,F,,,14.0,13.0,4.0,,,1.0,1.0,,4.0,12.0,15.0,
331,Kent St.,2025,7,Emma Rolston,Emma Rolston,Rolston,Emma,Sr,F,,,15.0,15.0,6.0,,,1.0,,,1.0,13.0,36.0,
331,Kent St.,2025,20,Adelaide Gagnon,Adelaide Gagnon,Gagnon,Adelaide,Fr,,,,9.0,0.0,,,,,,,,0.0,2.0,
331,Kent St.,2025,15,Julianne Conroy,Julianne Conroy,Conroy,Julianne,Fr,,,,11.0,8.0,,,,,,,,0.0,2.0,
331,Kent St.,2025,11,Torie Del Collo,Torie Del Collo,Collo,Torie,Fr,,,,15.0,3.0,,,,,,,,0.0,4.0,
331,Kent St.,2025,17,Roos ten Pas,Roos ten Pas,Pas,Roos,Fr,,,,15.0,0.0,,,,,,,1.0,1.0,5.0,
331,Kent St.,2025,23,Emily Robertson,Emily Robertson,Robertson,Emily,Fr,,,,9.0,4.0,,,,,,,,0.0,,2.0
361,LIU,2025,7,Guusje Vermeulen,Guusje Vermeulen,Vermeulen,Guusje,Fr,F,,,18.0,18.0,2.0,4.0,,2.0,1.0,,3.0,7.0,10.0,
361,LIU,2025,13,Caitlin Meeker,Caitlin Meeker,Meeker,Caitlin,Fr,F,,,17.0,11.0,,6.0,,,,,1.0,1.0,3.0,
361,LIU,2025,16,Anne Daamen,Anne Daamen,Daamen,Anne,Fr,B,,,18.0,15.0,,5.0,,,3.0,,,0.0,3.0,
361,LIU,2025,6,Hayden Roddis,Hayden Roddis,Roddis,Hayden,So,M,,,11.0,3.0,,2.0,,,,,,0.0,1.0,2.0
361,LIU,2025,5,Lotte Haagmans,Lotte Haagmans,Haagmans,Lotte,So,F,,,17.0,16.0,22.0,6.0,1.0,3.0,,,9.0,53.0,102.0,
361,LIU,2025,23,Juana Laskowski,Juana Laskowski,Laskowski,Juana,Jr,M,,,17.0,16.0,1.0,2.0,,,1.0,,6.0,8.0,14.0,
361,LIU,2025,24,MingGe Daley,MingGe Daley,Daley,MingGe,Jr,B,,,17.0,4.0,,1.0,,,,,,0.0,,
361,LIU,2025,21,Maria Ippolito,Maria Ippolito,Ippolito,Maria,Jr,M,,,17.0,9.0,,2.0,,,,,,0.0,2.0,
361,LIU,2025,4,GiGi Ranoldo,GiGi Ranoldo,Ranoldo,GiGi,Jr,M,,,18.0,16.0,9.0,1.0,,,1.0,,3.0,21.0,19.0,
361,LIU,2025,14,Tess Termars,Tess Termars,Termars,Tess,Fr,F,,,18.0,17.0,8.0,2.0,,1.0,3.0,,8.0,24.0,46.0,
361,LIU,2025,17,Caitlyn Guilfoil,Caitlyn Guilfoil,Guilfoil,Caitlyn,Fr,M,,,18.0,7.0,,1.0,,,1.0,,,0.0,1.0,
361,LIU,2025,19,Rosa Witvliet,Rosa Witvliet,Witvliet,Rosa,Fr,B,,,18.0,17.0,,,,,,,,0.0,,1.0
361,LIU,2025,18,Georgia Dudon,Georgia Dudon,Dudon,Georgia,Jr,M,,,18.0,18.0,2.0,3.0,,,,,,4.0,8.0,1.0
340,La Salle,2025,83,Annabel Leussink,Annabel Leussink,Leussink,Annabel,Fr,M,,,18.0,11.0,2.0,,,,,,,4.0,16.0,
340,La Salle,2025,82,Jeanne Legast,Jeanne Legast,Legast,Jeanne,Fr,F,,,17.0,0.0,4.0,,,1.0,1.0,,,8.0,8.0,
340,La Salle,2025,85,Coco Pelz,Coco Pelz,Pelz,Coco,So,B,,,14.0,4.0,,,,,,,,0.0,1.0,
340,La Salle,2025,21,Janne Zillessen,Janne Zillessen,Zillessen,Janne,Fr,B,,,12.0,10.0,,,,1.0,,,,0.0,,7.0
340,La Salle,2025,6,Victoria Mirabelli,Victoria Mirabelli,Mirabelli,Victoria,Fr,,,,14.0,0.0,,,,,,,,0.0,1.0,
340,La Salle,2025,22,Shea Burns,Shea Burns,Burns,Shea,Sr,B,,,18.0,17.0,6.0,,,,1.0,,,12.0,16.0,
340,La Salle,2025,19,Natalie Forman,Natalie Forman,Forman,Natalie,Fr,,,,18.0,11.0,2.0,,,,,,,4.0,8.0,
340,La Salle,2025,23,Matilda Diedrichsen,Matilda Diedrichsen,Diedrichsen,Matilda,Jr,B,,,18.0,14.0,5.0,,,,1.0,,2.0,12.0,46.0,1.0
340,La Salle,2025,5,Natalie Ricci,Natalie Ricci,Ricci,Natalie,Jr,B,,,18.0,18.0,,,,,,,4.0,4.0,5.0,
340,La Salle,2025,1,Roos Pasveer,Roos Pasveer,Pasveer,Roos,Fr,,,,17.0,16.0,,,,1.0,1.0,,4.0,4.0,23.0,
340,La Salle,2025,12,Sofia Enriquez,Sofia Enriquez,Enriquez,Sofia,Fr,,,,12.0,9.0,3.0,,,,,,1.0,7.0,12.0,
340,La Salle,2025,26,Darian DeLeo,Darian DeLeo,DeLeo,Darian,Jr,F,,,18.0,14.0,6.0,,,,,,2.0,14.0,24.0,
340,La Salle,2025,85,Kelsey Rowe,Kelsey Rowe,Rowe,Kelsey,Fr,F,,,18.0,0.0,1.0,,,,,,1.0,3.0,9.0,
340,La Salle,2025,8,Marisol Torreyson,Marisol Torreyson,Torreyson,Marisol,Fr,,,,17.0,17.0,2.0,,,,1.0,,,4.0,9.0,
340,La Salle,2025,9,Gabrielle LaCroix,Gabrielle LaCroix,LaCroix,Gabrielle,Jr,M,,,18.0,16.0,1.0,,,1.0,1.0,,1.0,3.0,17.0,
340,La Salle,2025,11,Natalie Wilson,Natalie Wilson,Wilson,Natalie,Jr,B,,,18.0,17.0,2.0,,,1.0,1.0,,6.0,10.0,7.0,
342,Lafayette,2025,14,Kiley Gallagher,Kiley Gallagher,Gallagher,Kiley,So,M,,,19.0,14.0,2.0,,,,3.0,,1.0,5.0,6.0,
342,Lafayette,2025,6,Maddie Evans,Maddie Evans,Evans,Maddie,Jr,M,,,19.0,7.0,3.0,,,1.0,,,,6.0,18.0,
342,Lafayette,2025,22,Peyton Guinter,Peyton Guinter,Guinter,Peyton,Sr,F,,,13.0,0.0,,,,,,,,0.0,1.0,
342,Lafayette,2025,17,Ellie Barton,Ellie Barton,Barton,Ellie,Sr,F,,,13.0,0.0,,,,,1.0,,1.0,1.0,2.0,
342,Lafayette,2025,15,Naomi George,Naomi George,George,Naomi,Jr,M,,,12.0,0.0,,,,,,,,0.0,2.0,
342,Lafayette,2025,1,Olivia Krey,Olivia Krey,Krey,Olivia,So,M,,,15.0,4.0,,,,,,,2.0,2.0,2.0,
342,Lafayette,2025,10,Catalina Rubel,Catalina Rubel,Rubel,Catalina,Sr,F,,,9.0,0.0,1.0,,,,,,,2.0,5.0,
342,Lafayette,2025,11,Lea Good,Lea Good,Good,Lea,Jr,M,,,19.0,14.0,4.0,,,,,,8.0,16.0,29.0,
342,Lafayette,2025,4,Stella Malinowski,Stella Malinowski,Malinowski,Stella,Jr,M,,,17.0,15.0,5.0,,,1.0,,,6.0,16.0,25.0,
342,Lafayette,2025,19,Josephine van Wijk,Josephine van Wijk,Wijk,Josephine,Sr,M,,,19.0,19.0,5.0,,,1.0,3.0,,3.0,13.0,40.0,
342,Lafayette,2025,16,Laila Pasic,Laila Pasic,Pasic,Laila,So,M,,,15.0,5.0,2.0,,,,1.0,,,4.0,12.0,
342,Lafayette,2025,12,Katie Gibb,Katie Gibb,Gibb,Katie,Jr,B,,,19.0,16.0,5.0,,,,3.0,,11.0,21.0,12.0,
342,Lafayette,2025,5,Makenzie Switzer,Makenzie Switzer,Switzer,Makenzie,Sr,B,,,19.0,19.0,,,,,1.0,,2.0,2.0,6.0,1.0
342,Lafayette,2025,23,Lena Thedrian,Lena Thedrian,Thedrian,Lena,Jr,B,,,16.0,16.0,8.0,,,,,,5.0,21.0,28.0,3.0
342,Lafayette,2025,13,Mia Freeman,Mia Freeman,Freeman,Mia,So,M,,,19.0,7.0,2.0,,,,,,1.0,5.0,12.0,
342,Lafayette,2025,2,Addison Ford,Addison Ford,Ford,Addison,Fr,M,,,1.0,0.0,,,,,,,,0.0,1.0,
342,Lafayette,2025,9,Lauren Kurek,Lauren Kurek,Kurek,Lauren,Fr,F,,,19.0,9.0,4.0,,,,,,1.0,9.0,20.0,
342,Lafayette,2025,25,Rosalie van Gool,Rosalie van Gool,Gool,Rosalie,Fr,M,,,17.0,17.0,4.0,,,,,,2.0,10.0,27.0,3.0
342,Lafayette,2025,27,Linda Nova,Linda Nova,Nova,Linda,Fr,M,,,18.0,7.0,2.0,,,1.0,1.0,,2.0,6.0,16.0,
352,Lehigh,2025,21,Samantha Hillman,Samantha Hillman,Hillman,Samantha,Fr,M,,,7.0,0.0,,1.0,,,,,,0.0,,
352,Lehigh,2025,17,Jordan Kells,Jordan Kells,Kells,Jordan,So,,,,17.0,0.0,,2.0,,,,,2.0,2.0,3.0,
352,Lehigh,2025,28,Zoe Day,Zoe Day,Day,Zoe,Sr,B,,,17.0,17.0,2.0,5.0,,,,,,4.0,11.0,9.0
352,Lehigh,2025,10,Georgia Reynolds,Georgia Reynolds,Reynolds,Georgia,Jr,B,,,12.0,0.0,,2.0,,,,,,0.0,2.0,2.0
352,Lehigh,2025,1,Carly Smith,Carly Smith,Smith,Carly,Fr,,,,17.0,17.0,,4.0,,,1.0,,,0.0,15.0,
352,Lehigh,2025,12,Riley Thurston,Riley Thurston,Thurston,Riley,So,f,,,17.0,14.0,1.0,8.0,,,,,,2.0,7.0,
352,Lehigh,2025,20,Ella Stephenson,Ella Stephenson,Stephenson,Ella,Jr,B,,,17.0,17.0,4.0,10.0,,,2.0,,,8.0,29.0,
352,Lehigh,2025,15,Kiki Mes,Kiki Mes,Mes,Kiki,Sr,B,,,17.0,17.0,5.0,5.0,,,1.0,,5.0,15.0,30.0,
352,Lehigh,2025,5,Anne Bibus,Anne Bibus,Bibus,Anne,Jr,M,,,17.0,17.0,,2.0,,,,,1.0,1.0,,2.0
352,Lehigh,2025,25,KK Sauve,KK Sauve,Sauve,KK,Sr,M,,,17.0,17.0,1.0,1.0,,,,,2.0,4.0,9.0,1.0
352,Lehigh,2025,9,Aubrey Ide,Aubrey Ide,Ide,Aubrey,Jr,F,,,17.0,10.0,3.0,8.0,,,2.0,,1.0,7.0,27.0,
352,Lehigh,2025,6,Jordyn Pepper,Jordyn Pepper,Pepper,Jordyn,So,,,,13.0,0.0,,1.0,,,,,,0.0,4.0,
352,Lehigh,2025,11,Maddie Kandra,Maddie Kandra,Kandra,Maddie,Sr,F,,,17.0,10.0,3.0,7.0,,,,,,6.0,11.0,
352,Lehigh,2025,24,Gracen Brant,Gracen Brant,Brant,Gracen,Jr,B,,,9.0,0.0,,1.0,,,,,,0.0,5.0,
352,Lehigh,2025,3,Renee Blake,Renee Blake,Blake,Renee,So,,,,6.0,0.0,,1.0,,,,,,0.0,,
352,Lehigh,2025,8,Madison Noh,Madison Noh,Noh,Madison,Sr,F,,,16.0,16.0,3.0,5.0,,,1.0,,1.0,7.0,11.0,
352,Lehigh,2025,16,Lela Boermeester,Lela Boermeester,Boermeester,Lela,Sr,F,,,17.0,17.0,2.0,5.0,,,,,1.0,5.0,8.0,
355,Liberty,2025,24,Avery Pollock,Avery Pollock,Pollock,Avery,So,F,,,20.0,20.0,5.0,,,,1.0,,3.0,13.0,28.0,
355,Liberty,2025,32,Dara Semmartin,Dara Semmartin,Semmartin,Dara,So,B,,,20.0,20.0,6.0,,,1.0,1.0,,16.0,28.0,46.0,1.0
355,Liberty,2025,7,Malena Magnano,Malena Magnano,Magnano,Malena,So,F,,,3.0,0.0,,,,,,,,0.0,3.0,
355,Liberty,2025,13,Kyleigh Faust,Kyleigh Faust,Faust,Kyleigh,Jr,B,,,20.0,13.0,2.0,,,,1.0,,,4.0,3.0,
355,Liberty,2025,11,Josefina Tomasi,Josefina Tomasi,Tomasi,Josefina,So,F,,,20.0,20.0,7.0,,,,2.0,,5.0,19.0,41.0,1.0
355,Liberty,2025,6,Madie Baker,Madie Baker,Baker,Madie,So,B,,,1.0,0.0,1.0,,,,,,,2.0,1.0,
355,Liberty,2025,27,Tori Griffiths,Tori Griffiths,Griffiths,Tori,Jr,F,,,20.0,2.0,6.0,,,,1.0,,,12.0,17.0,
355,Liberty,2025,21,Lou Combrinck,Lou Combrinck,Combrinck,Lou,Sr,M,,,20.0,20.0,7.0,,,1.0,2.0,,12.0,26.0,31.0,
355,Liberty,2025,26,Paris-Gail Isaacs,Paris-Gail Isaacs,Isaacs,Paris-Gail,Fr,B,,,16.0,15.0,,,,,2.0,,2.0,2.0,8.0,
355,Liberty,2025,10,Caroline Richard,Caroline Richard,Richard,Caroline,Fr,B,,,20.0,0.0,,,,,1.0,,1.0,1.0,3.0,
355,Liberty,2025,14,Julieta Tornati,Julieta Tornati,Tornati,Julieta,Fr,B,,,20.0,20.0,5.0,,,1.0,1.0,,3.0,13.0,33.0,
355,Liberty,2025,12,Mia Santana,Mia Santana,Santana,Mia,Fr,M,,,20.0,20.0,,,,,1.0,,3.0,3.0,18.0,
355,Liberty,2025,4,Morena Giacosa,Morena Giacosa,Giacosa,Morena,Fr,B,,,20.0,20.0,6.0,,,,,,4.0,16.0,12.0,
355,Liberty,2025,15,Zoé Gaillard,Zoé Gaillard,Gaillard,Zoé,Fr,M,,,20.0,10.0,7.0,,,,,,,14.0,25.0,
355,Liberty,2025,17,Luna Prieri,Luna Prieri,Prieri,Luna,Jr,F,,,13.0,0.0,2.0,,,,1.0,,1.0,5.0,10.0,
355,Liberty,2025,29,Maite Altamirano,Maite Altamirano,Altamirano,Maite,Jr,M,,,20.0,20.0,1.0,,,,4.0,,4.0,6.0,13.0,
360,Lock Haven,2025,6,Ainsley Flynn,Ainsley Flynn,Flynn,Ainsley,Fr,F,,,17.0,2.0,,,,,,,,0.0,1.0,
360,Lock Haven,2025,2,Maddy Huston,Maddy Huston,Huston,Maddy,So,F,,,17.0,7.0,,,,,,,,0.0,2.0,
360,Lock Haven,2025,21,Cyan Kvacky,Cyan Kvacky,Kvacky,Cyan,So,B,,,14.0,1.0,1.0,,,,1.0,,,2.0,1.0,
360,Lock Haven,2025,18,Rylee Wassmer,Rylee Wassmer,Wassmer,Rylee,So,B,,,18.0,13.0,,,,,,,,0.0,,2.0
360,Lock Haven,2025,1,Madison Friend,Madison Friend,Friend,Madison,So,F,,,18.0,18.0,2.0,,,,3.0,,2.0,6.0,31.0,
360,Lock Haven,2025,7,Brynlee Pinschenat,Brynlee Pinschenat,Pinschenat,Brynlee,Sr,F,,,18.0,18.0,1.0,,,,,,1.0,3.0,25.0,
360,Lock Haven,2025,11,Peyton Conover,Peyton Conover,Conover,Peyton,So,M,,,18.0,1.0,,,,,,,,0.0,1.0,
360,Lock Haven,2025,24,Melanie Beall,Melanie Beall,Beall,Melanie,Jr,F,,,16.0,13.0,3.0,,,,1.0,,,6.0,22.0,1.0
360,Lock Haven,2025,00,Kelsey Felix,Kelsey Felix,Felix,Kelsey,Sr,GK,,,18.0,17.0,1.0,,,,,,,2.0,1.0,
360,Lock Haven,2025,17,Keira Horensky,Keira Horensky,Horensky,Keira,So,M,,,18.0,2.0,,,,,,,,0.0,2.0,
360,Lock Haven,2025,14,Haley Kvacky,Haley Kvacky,Kvacky,Haley,So,M,,,18.0,18.0,1.0,,,,1.0,,1.0,3.0,8.0,
360,Lock Haven,2025,8,Eva Drumbore,Eva Drumbore,Drumbore,Eva,Fr,M,,,18.0,13.0,,,,,,,,0.0,4.0,4.0
360,Lock Haven,2025,23,Molly Lynch,Molly Lynch,Lynch,Molly,Jr,M,,,18.0,18.0,1.0,,,3.0,,,2.0,4.0,15.0,4.0
360,Lock Haven,2025,27,Paula Sigley,Paula Sigley,Sigley,Paula,Jr,B,,,18.0,18.0,2.0,,,,3.0,,1.0,5.0,15.0,
360,Lock Haven,2025,16,Kendall Siegle,Kendall Siegle,Siegle,Kendall,Jr,M,,,18.0,18.0,1.0,,,,1.0,,3.0,5.0,15.0,
360,Lock Haven,2025,9,Aubrey Richards,Aubrey Richards,Richards,Aubrey,So,F,,,13.0,8.0,,,,,1.0,,,0.0,6.0,
363,Longwood,2025,6,Channy Johnson,Channy Johnson,Johnson,Channy,Jr,B,,,17.0,17.0,8.0,,,3.0,4.0,,1.0,17.0,16.0,
363,Longwood,2025,11,Molly Rothenberger,Molly Rothenberger,Rothenberger,Molly,So,,,,17.0,17.0,,,,,,,2.0,2.0,2.0,
363,Longwood,2025,19,Meghan Hyatt,Meghan Hyatt,Hyatt,Meghan,Sr,B,,,17.0,17.0,,,,,,,1.0,1.0,6.0,2.0
363,Longwood,2025,9,Brenna Kadjeski,Brenna Kadjeski,Kadjeski,Brenna,So,,,,16.0,0.0,,,,,,,,0.0,2.0,
363,Longwood,2025,5,Maria Papas,Maria Papas,Papas,Maria,Sr,M,,,17.0,16.0,,,,2.0,,,,0.0,3.0,1.0
363,Longwood,2025,1,Madison Wiley,Madison Wiley,Wiley,Madison,Sr,F,,,17.0,17.0,3.0,,,1.0,1.0,,1.0,7.0,17.0,
363,Longwood,2025,18,Caitlin Carraway,Caitlin Carraway,Carraway,Caitlin,So,,,,17.0,17.0,1.0,,,,3.0,,1.0,3.0,10.0,
363,Longwood,2025,12,Anna-Lina Schroder,Anna-Lina Schroder,Schroder,Anna-Lina,Fr,B,,,16.0,14.0,,,,,,,1.0,1.0,1.0,
363,Longwood,2025,16,Jane Ramsay,Jane Ramsay,Ramsay,Jane,Sr,B,,,17.0,17.0,,,,,1.0,,3.0,3.0,6.0,
363,Longwood,2025,8,Zoe Tierney,Zoe Tierney,Tierney,Zoe,Sr,B,,,17.0,17.0,4.0,,,1.0,2.0,,1.0,9.0,26.0,1.0
363,Longwood,2025,4,Hailey Flick,Hailey Flick,Flick,Hailey,Fr,M,,,17.0,17.0,1.0,,,,,,2.0,4.0,22.0,
363,Longwood,2025,13,Aubrey White,Aubrey White,White,Aubrey,Fr,,,,17.0,2.0,1.0,,,,,,,2.0,4.0,
367,Louisville,2025,21,Annabel Sep,Annabel Sep,Sep,Annabel,Jr,B,,,18.0,18.0,4.0,,,3.0,,,2.0,10.0,35.0,2.0
367,Louisville,2025,8,Emily Eaton,Emily Eaton,Eaton,Emily,So,B,,,15.0,14.0,1.0,,,,,,1.0,3.0,1.0,1.0
367,Louisville,2025,6,Tatum Kroon,Tatum Kroon,Kroon,Tatum,Sr,M,,,17.0,17.0,,,,,,,2.0,2.0,1.0,
367,Louisville,2025,10,Aubreigh Uba,Aubreigh Uba,Uba,Aubreigh,Jr,B,,,18.0,1.0,3.0,,,,3.0,,1.0,7.0,7.0,
367,Louisville,2025,4,Lauren Masters,Lauren Masters,Masters,Lauren,Jr,F,,,18.0,17.0,3.0,,,1.0,,,4.0,10.0,15.0,
367,Louisville,2025,16,Isabella Bianco,Isabella Bianco,Bianco,Isabella,Sr,M,,,18.0,17.0,3.0,,,,,,3.0,9.0,19.0,
367,Louisville,2025,3,Sophia Parker,Sophia Parker,Parker,Sophia,Sr,M,,,18.0,9.0,,,,1.0,1.0,,5.0,5.0,6.0,
367,Louisville,2025,7,Gigi Edwards,Gigi Edwards,Edwards,Gigi,Jr,F,,,18.0,4.0,4.0,,,,2.0,,3.0,11.0,13.0,
367,Louisville,2025,27,Lucianna Carpenter,Lucianna Carpenter,Carpenter,Lucianna,Sr,B,,,18.0,5.0,,,,1.0,,,1.0,1.0,,
367,Louisville,2025,23,Tyler Everslage,Tyler Everslage,Everslage,Tyler,Jr,F,,,18.0,17.0,3.0,,,,2.0,,2.0,8.0,19.0,
367,Louisville,2025,22,Chloe Cuzzupe,Chloe Cuzzupe,Cuzzupe,Chloe,Sr,B,,,18.0,17.0,3.0,,,,1.0,,,6.0,8.0,1.0
367,Louisville,2025,11,Gracie Potter,Gracie Potter,Potter,Gracie,Fr,M,,,18.0,13.0,2.0,,,,3.0,,4.0,8.0,4.0,
367,Louisville,2025,26,Rylie Wollerton,Rylie Wollerton,Wollerton,Rylie,Sr,F,,,18.0,17.0,11.0,,,1.0,2.0,,4.0,26.0,45.0,
367,Louisville,2025,14,Trijntje Herfkens,Trijntje Herfkens,Herfkens,Trijntje,So,B,,,18.0,10.0,,,,,,,2.0,2.0,,
367,Louisville,2025,17,Mary Wordelmann,Mary Wordelmann,Wordelmann,Mary,So,F,,,18.0,1.0,2.0,,,,2.0,,1.0,5.0,5.0,
367,Louisville,2025,20,Addison Jay,Addison Jay,Jay,Addison,So,B,,,18.0,1.0,,,,,2.0,,,0.0,1.0,
367,Louisville,2025,20,Jaelen Perez,Jaelen Perez,Perez,Jaelen,Fr,B,,,17.0,0.0,,,,,1.0,,,0.0,5.0,
380,Maine,2025,9,Julia Pieters,Julia Pieters,Pieters,Julia,Fr,B,,,18.0,0.0,1.0,3.0,,,1.0,,,2.0,6.0,
380,Maine,2025,12,Nicole Kowalewski,Nicole Kowalewski,Kowalewski,Nicole,Fr,B,,,19.0,19.0,4.0,4.0,,,1.0,,2.0,10.0,34.0,1.0
380,Maine,2025,5,Leyden Churchill,Leyden Churchill,Churchill,Leyden,Fr,F,,,2.0,0.0,,,,,,,1.0,1.0,,
380,Maine,2025,2,Maeve Fogarty,Maeve Fogarty,Fogarty,Maeve,Sr,F,,,19.0,19.0,,9.0,,,,,,0.0,14.0,
380,Maine,2025,13,Taylor Katsube,Taylor Katsube,Katsube,Taylor,Sr,F,,,19.0,17.0,3.0,6.0,,,1.0,,2.0,8.0,26.0,1.0
380,Maine,2025,7,Emily Chisholm,Emily Chisholm,Chisholm,Emily,So,F,,,19.0,16.0,1.0,5.0,,,,,3.0,5.0,11.0,
380,Maine,2025,14,Zoe Furber,Zoe Furber,Furber,Zoe,Sr,M,,,18.0,17.0,8.0,15.0,,,2.0,,4.0,20.0,41.0,
380,Maine,2025,4,Olivia Geniti,Olivia Geniti,Geniti,Olivia,Sr,M,,,19.0,19.0,6.0,7.0,,,2.0,,2.0,14.0,30.0,
380,Maine,2025,10,Saylor Kuefler,Saylor Kuefler,Kuefler,Saylor,Jr,F,,,17.0,17.0,6.0,7.0,,,1.0,,10.0,22.0,27.0,
380,Maine,2025,24,Eloise Penty,Eloise Penty,Penty,Eloise,Jr,B,,,19.0,16.0,8.0,2.0,,,1.0,,6.0,22.0,29.0,2.0
380,Maine,2025,8,Louisa Plaehn,Louisa Plaehn,Plaehn,Louisa,Fr,B,,,19.0,15.0,,1.0,,,,,,0.0,1.0,
380,Maine,2025,17,Martha Barratt,Martha Barratt,Barratt,Martha,Fr,F,,,19.0,4.0,5.0,9.0,,,,,,10.0,26.0,
380,Maine,2025,3,Floor Dijkhuizen,Floor Dijkhuizen,Dijkhuizen,Floor,So,F,,,18.0,12.0,1.0,2.0,,,,,2.0,4.0,5.0,
380,Maine,2025,16,Brynn Dzengelewski,Brynn Dzengelewski,Dzengelewski,Brynn,Jr,M,,,19.0,16.0,3.0,5.0,,,1.0,,5.0,11.0,12.0,
392,Maryland,2025,5,Ella Gaitan,Ella Gaitan,Gaitan,Ella,So,F,,,14.0,11.0,5.0,,,,,,1.0,11.0,26.0,
392,Maryland,2025,2,Maya Everett,Maya Everett,Everett,Maya,Jr,M,,,15.0,1.0,1.0,,,1.0,,,,2.0,2.0,
392,Maryland,2025,8,Ericka Morris-Adams,Ericka Morris-Adams,Morris-Adams,Ericka,Sr,B,,,18.0,18.0,,,,,,,,0.0,4.0,
392,Maryland,2025,23,Fleur Knopert,Fleur Knopert,Knopert,Fleur,Sr,F,,,18.0,18.0,,,,,1.0,,1.0,1.0,8.0,2.0
392,Maryland,2025,18,Leah Horwitz,Leah Horwitz,Horwitz,Leah,Sr,M,,,11.0,0.0,,,,,2.0,,,0.0,4.0,
392,Maryland,2025,12,Josie Hollamon,Josie Hollamon,Hollamon,Josie,Jr,B,,,18.0,18.0,5.0,,,,1.0,,1.0,11.0,25.0,1.0
392,Maryland,2025,14,AJ Eyre,AJ Eyre,Eyre,AJ,So,M,,,15.0,0.0,,,,,1.0,,1.0,1.0,8.0,
392,Maryland,2025,10,Annemijn Klijnhout,Annemijn Klijnhout,Klijnhout,Annemijn,So,M,,,18.0,18.0,1.0,,,,,,4.0,6.0,10.0,
392,Maryland,2025,24,Ellie Goldstein,Ellie Goldstein,Goldstein,Ellie,So,F,,,10.0,0.0,,,,,,,,0.0,5.0,
392,Maryland,2025,22,Maddie Vasilios,Maddie Vasilios,Vasilios,Maddie,Jr,M,,,18.0,1.0,2.0,,,1.0,2.0,,1.0,5.0,7.0,
392,Maryland,2025,21,Djuna Eikelboom,Djuna Eikelboom,Eikelboom,Djuna,Fr,M,,,15.0,5.0,1.0,,,,1.0,,2.0,4.0,11.0,
392,Maryland,2025,3,Brinkley Eyre,Brinkley Eyre,Eyre,Brinkley,Fr,M,,,12.0,0.0,,,,,,,1.0,1.0,5.0,
392,Maryland,2025,13,Jordyn Hollamon,Jordyn Hollamon,Hollamon,Jordyn,Fr,B,,,18.0,12.0,7.0,,,,,,3.0,17.0,54.0,
392,Maryland,2025,28,Ella Fehr,Ella Fehr,Fehr,Ella,So,M,,,18.0,18.0,,,,,4.0,,2.0,2.0,15.0,
392,Maryland,2025,6,Maia Adamson,Maia Adamson,Adamson,Maia,Fr,M,,,18.0,18.0,2.0,,,,2.0,,1.0,5.0,11.0,
392,Maryland,2025,29,Erin Callahan,Erin Callahan,Callahan,Erin,Fr,B,,,18.0,0.0,,,,,,,,0.0,1.0,
392,Maryland,2025,20,Feliz Kuhne,Feliz Kuhne,Kuhne,Feliz,Fr,M,,,14.0,11.0,1.0,,,1.0,,,,2.0,25.0,
392,Maryland,2025,16,Callie Rogers,Callie Rogers,Rogers,Callie,So,M,,,18.0,12.0,,,,,1.0,,2.0,2.0,6.0,
392,Maryland,2025,4,Maci Bradford,Maci Bradford,Bradford,Maci,Jr,F,,,17.0,17.0,5.0,,,,1.0,,8.0,18.0,26.0,
400,Massachusetts,2025,14,Isabella Geoghegan,Isabella Geoghegan,Geoghegan,Isabella,Fr,F,,,6.0,0.0,,,,,,,,0.0,1.0,
400,Massachusetts,2025,6,Fiene Jenniskens,Fiene Jenniskens,Jenniskens,Fiene,Fr,M,,,20.0,4.0,1.0,,,,2.0,,15.0,17.0,12.0,
400,Massachusetts,2025,10,Sophia Ponzini,Sophia Ponzini,Ponzini,Sophia,So,M,,,14.0,1.0,,,,,,,1.0,1.0,4.0,
400,Massachusetts,2025,15,Kiran Kaur,Kiran Kaur,Kaur,Kiran,Fr,M,,,20.0,5.0,1.0,,,,,,,2.0,7.0,1.0
400,Massachusetts,2025,2,Sophie Kent,Sophie Kent,Kent,Sophie,Fr,M,,,20.0,16.0,4.0,,,,2.0,,1.0,9.0,14.0,
400,Massachusetts,2025,21,Katelyn Kearns,Katelyn Kearns,Kearns,Katelyn,Fr,M,,,3.0,0.0,,,,,,,,0.0,1.0,
400,Massachusetts,2025,7,Lina Kroeger,Lina Kroeger,Kroeger,Lina,Fr,B,,,20.0,20.0,6.0,,,1.0,,,1.0,13.0,40.0,
400,Massachusetts,2025,9,Emily Barrett,Emily Barrett,Barrett,Emily,Fr,F,,,17.0,12.0,8.0,,,,,,2.0,18.0,46.0,
400,Massachusetts,2025,19,Mia Smith,Mia Smith,Smith,Mia,Sr,F,,,20.0,3.0,3.0,,,1.0,,,1.0,7.0,16.0,
400,Massachusetts,2025,12,Alexa Collins,Alexa Collins,Collins,Alexa,Sr,F,,,20.0,15.0,6.0,,,,,,1.0,13.0,21.0,
400,Massachusetts,2025,1,Savanna Henderson,Savanna Henderson,Henderson,Savanna,Sr,M,,,18.0,17.0,1.0,,,,,,2.0,4.0,4.0,
400,Massachusetts,2025,18,Izzy Larimore,Izzy Larimore,Larimore,Izzy,Sr,B,,,15.0,2.0,1.0,,,,1.0,,,2.0,1.0,
400,Massachusetts,2025,8,Cara Falconer,Cara Falconer,Falconer,Cara,So,M,,,18.0,17.0,3.0,,,1.0,,,4.0,10.0,6.0,1.0
400,Massachusetts,2025,26,Kristy Leonard,Kristy Leonard,Leonard,Kristy,Jr,M,,,20.0,6.0,3.0,,,,2.0,,1.0,7.0,22.0,
400,Massachusetts,2025,16,Jenna Herbster,Jenna Herbster,Herbster,Jenna,Jr,B,,,20.0,4.0,,,,,,,,0.0,2.0,
400,Massachusetts,2025,22,Gabrielle Benkenstein,Gabrielle Benkenstein,Benkenstein,Gabrielle,Sr,M,,,17.0,14.0,3.0,,,,2.0,,10.0,16.0,15.0,
400,Massachusetts,2025,24,Elena Cloconeanu,Elena Cloconeanu,Cloconeanu,Elena,Sr,B,,,19.0,17.0,4.0,,,2.0,3.0,,7.0,15.0,33.0,6.0
400,Massachusetts,2025,5,Megan Carpenter,Megan Carpenter,Carpenter,Megan,Jr,B,,,20.0,5.0,2.0,,,,1.0,,2.0,6.0,3.0,
400,Massachusetts,2025,13,Elani Sherwood,Elani Sherwood,Sherwood,Elani,So,F,,,20.0,18.0,2.0,,,,2.0,,3.0,7.0,26.0,
400,Massachusetts,2025,3,Neva Eisenga,Neva Eisenga,Eisenga,Neva,Jr,B,,,19.0,15.0,5.0,,,,,,3.0,13.0,34.0,
400,Massachusetts,2025,35,Alexys Moore,Alexys Moore,Moore,Alexys,Jr,M,,,13.0,2.0,,,,,,,,0.0,4.0,
408,Mercyhurst,2025,11,Alyssa Laubach,Alyssa Laubach,Laubach,Alyssa,Fr,M,,,16.0,0.0,1.0,3.0,,,,,,2.0,4.0,1.0
408,Mercyhurst,2025,24,Olivia Cranston,Olivia Cranston,Cranston,Olivia,Jr,M,,,1.0,0.0,,,,,,,,0.0,1.0,
408,Mercyhurst,2025,8,Rachel Kosowski,Rachel Kosowski,Kosowski,Rachel,Jr,F,,,3.0,0.0,,,,,,,,0.0,1.0,
408,Mercyhurst,2025,20,Delaney Lentz,Delaney Lentz,Lentz,Delaney,Sr,B,,,17.0,17.0,2.0,24.0,,,1.0,,,4.0,13.0,3.0
408,Mercyhurst,2025,6,Jen Kemp,Jen Kemp,Kemp,Jen,Sr,B,,,17.0,17.0,,18.0,,,,,,0.0,9.0,8.0
408,Mercyhurst,2025,4,Maddie Huffer,Maddie Huffer,Huffer,Maddie,Sr,M,,,17.0,16.0,,25.0,,,2.0,,1.0,1.0,9.0,
408,Mercyhurst,2025,2,Catherine Hudak,Catherine Hudak,Hudak,Catherine,Jr,F,,,17.0,17.0,1.0,19.0,,,3.0,,,2.0,11.0,
408,Mercyhurst,2025,13,Ava Jones,Ava Jones,Jones,Ava,So,M,,,17.0,14.0,3.0,10.0,,1.0,1.0,,,6.0,6.0,
408,Mercyhurst,2025,29,Delfina Magro,Delfina Magro,Magro,Delfina,Sr,M,,,17.0,16.0,1.0,26.0,,,3.0,,,2.0,5.0,2.0
408,Mercyhurst,2025,27,Marina Evert,Marina Evert,Evert,Marina,Sr,F,,,17.0,16.0,5.0,13.0,,,1.0,,3.0,13.0,25.0,
408,Mercyhurst,2025,1,Emerson Polkowski,Emerson Polkowski,Polkowski,Emerson,Sr,B,,,17.0,17.0,,20.0,,,,,,0.0,,
408,Mercyhurst,2025,14,Lola Williams,Lola Williams,Williams,Lola,So,F,,,16.0,16.0,1.0,9.0,,,2.0,,2.0,4.0,3.0,
408,Mercyhurst,2025,15,Morgan Smith,Morgan Smith,Smith,Morgan,So,F,,,5.0,0.0,,1.0,,,,,,0.0,,
408,Mercyhurst,2025,19,Finja Wunner,Finja Wunner,Wunner,Finja,So,M,,,17.0,5.0,1.0,19.0,,,,,1.0,3.0,2.0,
408,Mercyhurst,2025,23,Morgan Lippa,Morgan Lippa,Lippa,Morgan,Fr,B,,,15.0,0.0,,7.0,,,1.0,,,0.0,,
408,Mercyhurst,2025,37,Louise Pert,Louise Pert,Pert,Louise,Sr,GK,,,13.0,12.0,1.0,,,,,,,2.0,2.0,
408,Mercyhurst,2025,9,Anna Muscat,Anna Muscat,Muscat,Anna,Fr,M,,,16.0,14.0,,14.0,,,2.0,,2.0,2.0,9.0,
408,Mercyhurst,2025,10,Helena Moon,Helena Moon,Moon,Helena,So,F,,,11.0,0.0,,1.0,,,,,,0.0,1.0,
408,Mercyhurst,2025,7,Hailey Hatfield,Hailey Hatfield,Hatfield,Hailey,Fr,M,,,16.0,1.0,1.0,9.0,,1.0,,,,2.0,8.0,
408,Mercyhurst,2025,12,Gianna Urcinole,Gianna Urcinole,Urcinole,Gianna,Fr,B,,,5.0,0.0,,2.0,,,,,,0.0,,
408,Mercyhurst,2025,18,Elise Horne,Elise Horne,Horne,Elise,So,F,,,4.0,0.0,,1.0,,,,,,0.0,,
410,Merrimack,2025,11,Kaitlyn Welsh,Kaitlyn Welsh,Welsh,Kaitlyn,Jr,,,,17.0,16.0,,,,,2.0,,,0.0,6.0,2.0
410,Merrimack,2025,30,Isabelle Gardiner,Isabelle Gardiner,Gardiner,Isabelle,Jr,B,,,17.0,17.0,,,,,1.0,,,0.0,,
410,Merrimack,2025,17,Parker Parker,Parker Parker,Parker,Parker,Jr,,,,16.0,0.0,1.0,,,,1.0,,,2.0,4.0,
410,Merrimack,2025,9,Jade Shabo,Jade Shabo,Shabo,Jade,Jr,,,,17.0,16.0,3.0,,,1.0,2.0,,1.0,7.0,18.0,3.0
410,Merrimack,2025,13,Emily Beichert,Emily Beichert,Beichert,Emily,So,F,,,13.0,0.0,,,,,,,,0.0,2.0,
410,Merrimack,2025,5,Gianna Cioni,Gianna Cioni,Cioni,Gianna,So,F,,,17.0,15.0,1.0,,,,1.0,,,2.0,11.0,
410,Merrimack,2025,8,Darla Mahoney,Darla Mahoney,Mahoney,Darla,Jr,F,,,17.0,14.0,2.0,1.0,,,1.0,,1.0,5.0,16.0,1.0
410,Merrimack,2025,12,Paige Degeorge,Paige Degeorge,Degeorge,Paige,Jr,,,,17.0,16.0,,1.0,,,,,,0.0,10.0,
410,Merrimack,2025,2,Ciara Ryan,Ciara Ryan,Ryan,Ciara,Jr,,,,17.0,17.0,3.0,,,,1.0,,1.0,7.0,5.0,1.0
410,Merrimack,2025,4,Erin Cottam,Erin Cottam,Cottam,Erin,So,F,,,17.0,12.0,1.0,,,,,,,2.0,8.0,
410,Merrimack,2025,15,Whitney Dacko,Whitney Dacko,Dacko,Whitney,So,F,,,17.0,2.0,1.0,,,1.0,,,,2.0,2.0,
410,Merrimack,2025,1,Maddy Cherry,Maddy Cherry,Cherry,Maddy,Jr,B,,,10.0,0.0,1.0,,,,,,,2.0,1.0,
410,Merrimack,2025,22,Delaney Weiler,Delaney Weiler,Weiler,Delaney,Fr,F,,,17.0,5.0,2.0,,,,3.0,,3.0,7.0,18.0,
410,Merrimack,2025,3,Madeline Harrington,Madeline Harrington,Harrington,Madeline,Fr,F,,,17.0,16.0,,1.0,,,2.0,,,0.0,4.0,
410,Merrimack,2025,25,Madeline Wagner,Madeline Wagner,Wagner,Madeline,Fr,F,,,17.0,17.0,,,,,1.0,,,0.0,7.0,
410,Merrimack,2025,10,Gracie Lloyd,Gracie Lloyd,Lloyd,Gracie,Fr,M,,,17.0,15.0,,1.0,,,,,1.0,1.0,3.0,
414,Miami (OH),2025,14,Lucia Ventos,Lucia Ventos,Ventos,Lucia,Jr,M,,,21.0,19.0,5.0,,,,1.0,,,10.0,15.0,
414,Miami (OH),2025,15,Finley Payne,Finley Payne,Payne,Finley,Jr,M,,,16.0,1.0,1.0,,,,,,,2.0,6.0,
414,Miami (OH),2025,27,MC Wolz,MC Wolz,Wolz,MC,So,M,,,11.0,0.0,,,,1.0,,,,0.0,3.0,
414,Miami (OH),2025,12,Becca Lawn,Becca Lawn,Lawn,Becca,Sr,B,,,21.0,17.0,,,,,1.0,,11.0,11.0,1.0,1.0
414,Miami (OH),2025,4,Maggie Reed,Maggie Reed,Reed,Maggie,Jr,M,,,19.0,0.0,,,,,2.0,,,0.0,3.0,
414,Miami (OH),2025,1,Sloane Wearren,Sloane Wearren,Wearren,Sloane,Jr,M,,,20.0,15.0,7.0,,,1.0,,,9.0,23.0,31.0,
414,Miami (OH),2025,21,Clara Bertolot,Clara Bertolot,Bertolot,Clara,Fr,M,,,19.0,0.0,1.0,,,,,,,2.0,4.0,
414,Miami (OH),2025,3,Kylie Coughlin,Kylie Coughlin,Coughlin,Kylie,Jr,M,,,21.0,5.0,2.0,,,,1.0,,10.0,14.0,10.0,1.0
414,Miami (OH),2025,8,Paula Navaro,Paula Navaro,Navaro,Paula,Sr,M,,,21.0,20.0,2.0,,,1.0,4.0,,10.0,14.0,11.0,
414,Miami (OH),2025,2,Riley Mazzalupi,Riley Mazzalupi,Mazzalupi,Riley,Sr,M,,,20.0,20.0,2.0,,,1.0,3.0,,1.0,5.0,13.0,
414,Miami (OH),2025,19,Meg Canfield,Meg Canfield,Canfield,Meg,Jr,M,,,21.0,0.0,1.0,,,,,,2.0,4.0,8.0,
414,Miami (OH),2025,17,Virginia Olin,Virginia Olin,Olin,Virginia,Jr,M,,,13.0,0.0,2.0,,,,,,,4.0,4.0,
414,Miami (OH),2025,32,Izzy Hass,Izzy Hass,Hass,Izzy,Sr,B,,,17.0,1.0,,,,1.0,1.0,,,0.0,,
414,Miami (OH),2025,16,Bet Gifra,Bet Gifra,Gifra,Bet,Fr,F,,,21.0,20.0,7.0,,,2.0,2.0,,8.0,22.0,41.0,
414,Miami (OH),2025,22,Imke Breedijk,Imke Breedijk,Breedijk,Imke,Sr,M,,,17.0,2.0,,,,,,,,0.0,12.0,
414,Miami (OH),2025,5,Elena Schumacher,Elena Schumacher,Schumacher,Elena,Fr,M,,,9.0,0.0,,,,1.0,,,,0.0,1.0,
414,Miami (OH),2025,7,Justina Intzes,Justina Intzes,Intzes,Justina,Fr,M,,,21.0,18.0,20.0,,,,,,5.0,45.0,82.0,
414,Miami (OH),2025,25,Malena Sabez,Malena Sabez,Sabez,Malena,Fr,B,,,21.0,21.0,25.0,,,,4.0,,1.0,51.0,96.0,
414,Miami (OH),2025,10,Berta Mata,Berta Mata,Mata,Berta,Sr,B,,,20.0,20.0,8.0,,,2.0,2.0,,22.0,38.0,30.0,1.0
414,Miami (OH),2025,18,Judit Garcia Gregori,Judit Garcia Gregori,Gregori,Judit,Fr,M,,,21.0,5.0,1.0,,,1.0,1.0,,2.0,4.0,13.0,
414,Miami (OH),2025,23,Julia Fernandez,Julia Fernandez,Fernandez,Julia,Fr,B,,,21.0,20.0,1.0,,,,,,,2.0,9.0,
418,Michigan,2025,14,Natalie Millman,Natalie Millman,Millman,Natalie,Jr,M,,,17.0,5.0,2.0,,,,,,2.0,6.0,11.0,
418,Michigan,2025,27,Natalie Machiran,Natalie Machiran,Machiran,Natalie,So,M,,,11.0,0.0,1.0,,,,,,,2.0,1.0,
418,Michigan,2025,3,Abby Burnett,Abby Burnett,Burnett,Abby,Jr,B,,,16.0,12.0,2.0,,,1.0,,,4.0,8.0,9.0,
418,Michigan,2025,9,Esmée de Willigen,Esmée de Willigen,Willigen,Esmée,Jr,F,,,17.0,17.0,3.0,,,1.0,2.0,,1.0,7.0,15.0,
418,Michigan,2025,22,Zoe Bormet,Zoe Bormet,Bormet,Zoe,Jr,M,,,16.0,6.0,1.0,,,1.0,,,1.0,3.0,4.0,
418,Michigan,2025,24,Juliette Manzur,Juliette Manzur,Manzur,Juliette,Jr,F,,,12.0,11.0,5.0,,,,,,5.0,15.0,19.0,
418,Michigan,2025,2,Emmy Tran,Emmy Tran,Tran,Emmy,Sr,B,,,17.0,17.0,3.0,,,,2.0,,6.0,12.0,14.0,
418,Michigan,2025,4,Abby Tamer,Abby Tamer,Tamer,Abby,Sr,M,,,17.0,17.0,8.0,,,,1.0,,3.0,19.0,47.0,
418,Michigan,2025,11,Payton Maloney,Payton Maloney,Maloney,Payton,So,M,,,16.0,0.0,3.0,,,,,,1.0,7.0,7.0,
418,Michigan,2025,28,Anjolie Norton,Anjolie Norton,Norton,Anjolie,So,B,,,17.0,16.0,,,,1.0,,,,0.0,3.0,
418,Michigan,2025,8,Kelsey Reviello,Kelsey Reviello,Reviello,Kelsey,Jr,M,,,17.0,16.0,,,,,5.0,,2.0,2.0,6.0,
418,Michigan,2025,12,Dru Moffett,Dru Moffett,Moffett,Dru,So,M,,,17.0,1.0,4.0,,,,1.0,,,8.0,12.0,
418,Michigan,2025,20,Claire Taylor,Claire Taylor,Taylor,Claire,Sr,M,,,17.0,16.0,1.0,,,,3.0,,4.0,6.0,13.0,2.0
418,Michigan,2025,21,Cami Wiseman,Cami Wiseman,Wiseman,Cami,So,F,,,17.0,0.0,3.0,,,,1.0,,,6.0,11.0,
418,Michigan,2025,15,Eva Bernardy,Eva Bernardy,Bernardy,Eva,So,B,,,17.0,17.0,4.0,,,,1.0,,2.0,10.0,42.0,
418,Michigan,2025,19,Sofia Abraham,Sofia Abraham,Abraham,Sofia,So,B,,,4.0,0.0,,,,,,,,0.0,1.0,
418,Michigan,2025,10,Maxine Rogge,Maxine Rogge,Rogge,Maxine,Fr,B,,,17.0,17.0,3.0,,,,3.0,,5.0,11.0,27.0,
418,Michigan,2025,29,Manouk Saal,Manouk Saal,Saal,Manouk,Fr,M,,,9.0,0.0,,,,,,,,0.0,3.0,
418,Michigan,2025,5,Grace Hunter,Grace Hunter,Hunter,Grace,Fr,F,,,15.0,1.0,,,,,1.0,,,0.0,1.0,
418,Michigan,2025,6,Lexi Patterson,Lexi Patterson,Patterson,Lexi,Fr,M,,,15.0,0.0,,,,,,,3.0,3.0,,
416,Michigan St.,2025,14,Lilian Knorr,Lilian Knorr,Knorr,Lilian,So,M,,,15.0,14.0,1.0,,,,1.0,,1.0,3.0,14.0,
416,Michigan St.,2025,4,Katelyn Dulin,Katelyn Dulin,Dulin,Katelyn,Jr,M,,,18.0,6.0,2.0,,,,1.0,,,4.0,7.0,
416,Michigan St.,2025,5,Mora Cavazza,Mora Cavazza,Cavazza,Mora,So,M,,,18.0,12.0,1.0,,,1.0,1.0,,2.0,4.0,10.0,
416,Michigan St.,2025,16,Carmen Maudlin,Carmen Maudlin,Maudlin,Carmen,So,M,,,18.0,5.0,,,,,,,,0.0,11.0,
416,Michigan St.,2025,12,Serena Mailhe,Serena Mailhe,Mailhe,Serena,Jr,B,,,17.0,17.0,,,,3.0,2.0,,2.0,2.0,8.0,
416,Michigan St.,2025,6,Alexa Shaffer,Alexa Shaffer,Shaffer,Alexa,Sr,B,,,17.0,16.0,,,,,1.0,,3.0,3.0,,1.0
416,Michigan St.,2025,11,Brynn Shaffer,Brynn Shaffer,Shaffer,Brynn,Jr,M,,,15.0,1.0,3.0,,,,,,2.0,8.0,7.0,
416,Michigan St.,2025,3,Bianca Pizano,Bianca Pizano,Pizano,Bianca,Jr,F,,,18.0,15.0,5.0,,,1.0,1.0,,1.0,11.0,33.0,
416,Michigan St.,2025,25,Gracie Burns,Gracie Burns,Burns,Gracie,Sr,F,,,18.0,16.0,5.0,,,,,,1.0,11.0,13.0,
416,Michigan St.,2025,18,Caro Schäfer,Caro Schäfer,Schäfer,Caro,So,B,,,18.0,18.0,4.0,,,,,,4.0,12.0,12.0,1.0
416,Michigan St.,2025,15,Sarah Connolly,Sarah Connolly,Connolly,Sarah,Fr,M,,,9.0,0.0,1.0,,,,1.0,,,2.0,1.0,
416,Michigan St.,2025,21,Rilyn Lehman,Rilyn Lehman,Lehman,Rilyn,Fr,B,,,18.0,14.0,,,,,,,,0.0,1.0,
416,Michigan St.,2025,8,Maddie Lawlor,Maddie Lawlor,Lawlor,Maddie,Sr,M,,,18.0,18.0,2.0,,,1.0,2.0,,3.0,7.0,34.0,
416,Michigan St.,2025,20,Ellie Kendall,Ellie Kendall,Kendall,Ellie,Fr,M,,,14.0,2.0,2.0,,,,1.0,,1.0,5.0,13.0,
416,Michigan St.,2025,9,Ella Mckernan,Ella Mckernan,Mckernan,Ella,Fr,F,,,8.0,0.0,,,,,1.0,,,0.0,2.0,
416,Michigan St.,2025,10,Grace Grabowski,Grace Grabowski,Grabowski,Grace,Fr,M,,,8.0,0.0,,,,,,,,0.0,1.0,
416,Michigan St.,2025,19,Tatum Johnson,Tatum Johnson,Johnson,Tatum,Sr,F,,,17.0,12.0,1.0,,,,1.0,,2.0,4.0,22.0,
416,Michigan St.,2025,17,Caroline Horace,Caroline Horace,Horace,Caroline,Fr,F,,,18.0,10.0,3.0,,,,,,2.0,8.0,9.0,
416,Michigan St.,2025,23,Emmy Wellejus,Emmy Wellejus,Wellejus,Emmy,Fr,B,,,6.0,0.0,,,,,,,,0.0,,1.0
439,Monmouth,2025,17,Maia McCourt,Maia McCourt,McCourt,Maia,Fr,,,,17.0,15.0,2.0,,,,1.0,,2.0,6.0,13.0,
439,Monmouth,2025,6,Florence van Doorn,Florence van Doorn,Doorn,Florence,Fr,,,,17.0,15.0,6.0,,,,,,6.0,18.0,40.0,
439,Monmouth,2025,22,Alicia Vanderlyde,Alicia Vanderlyde,Vanderlyde,Alicia,Fr,,,,17.0,13.0,4.0,,,,1.0,,3.0,11.0,20.0,
439,Monmouth,2025,8,India Shakespeare,India Shakespeare,Shakespeare,India,Sr,F,,,4.0,2.0,,,,,,,2.0,2.0,3.0,
439,Monmouth,2025,15,Katy Corcoran,Katy Corcoran,Corcoran,Katy,Sr,M,,,17.0,3.0,,,,,1.0,,,0.0,,2.0
439,Monmouth,2025,25,Milla Frye,Milla Frye,Frye,Milla,So,M,,,17.0,17.0,8.0,,,,3.0,,2.0,18.0,76.0,
439,Monmouth,2025,14,Anna Moors,Anna Moors,Moors,Anna,Jr,B,,,10.0,10.0,8.0,,,,,,1.0,17.0,26.0,1.0
439,Monmouth,2025,13,Eulalie Brouwers,Eulalie Brouwers,Brouwers,Eulalie,Jr,M,,,17.0,17.0,1.0,,,,,,8.0,10.0,4.0,
439,Monmouth,2025,20,Ava Zerfass,Ava Zerfass,Zerfass,Ava,Jr,F,,,17.0,15.0,5.0,,,,,,1.0,11.0,19.0,
439,Monmouth,2025,24,Hannah Tromble,Hannah Tromble,Tromble,Hannah,Jr,M,,,17.0,10.0,1.0,,,,1.0,,3.0,5.0,12.0,
439,Monmouth,2025,21,Stella Goddard-Despot,Stella Goddard-Despot,Goddard-Despot,Stella,So,M,,,17.0,0.0,1.0,,,,,,,2.0,6.0,
439,Monmouth,2025,3,Audrey Mullen,Audrey Mullen,Mullen,Audrey,Jr,B,,,17.0,7.0,,,,,1.0,,1.0,1.0,1.0,
439,Monmouth,2025,5,Abigail Travers,Abigail Travers,Travers,Abigail,So,M,,,12.0,0.0,,,,,,,,0.0,2.0,
439,Monmouth,2025,18,Emily Singer,Emily Singer,Singer,Emily,Sr,F,,,14.0,0.0,5.0,,,,,,,10.0,10.0,
439,Monmouth,2025,26,Claire Campen,Claire Campen,Campen,Claire,So,F,,,17.0,17.0,12.0,,,,1.0,,,24.0,41.0,
439,Monmouth,2025,16,Lilly Ricks,Lilly Ricks,Ricks,Lilly,So,F,,,13.0,6.0,1.0,,,,1.0,,4.0,6.0,10.0,
439,Monmouth,2025,7,Lauren Relik,Lauren Relik,Relik,Lauren,Jr,M,,,17.0,3.0,6.0,,,,1.0,,13.0,25.0,17.0,
439,Monmouth,2025,25,Laney Johns,Laney Johns,Johns,Laney,Fr,,,,9.0,0.0,,,,,1.0,,,0.0,1.0,
439,Monmouth,2025,4,Luisa Schlueter,Luisa Schlueter,Schlueter,Luisa,Sr,,,,17.0,17.0,,,,,1.0,,8.0,8.0,14.0,
439,Monmouth,2025,12,Keely Bowers,Keely Bowers,Bowers,Keely,So,M,,,17.0,1.0,7.0,,,,,,4.0,18.0,29.0,
469,New Hampshire,2025,20,Emily Layton,Emily Layton,Layton,Emily,Fr,M,,,15.0,0.0,1.0,,,,,,,2.0,1.0,
469,New Hampshire,2025,11,Marlijn Swaan,Marlijn Swaan,Swaan,Marlijn,Fr,M,,,19.0,19.0,6.0,,,,,,,12.0,41.0,
469,New Hampshire,2025,26,Emily Coughlin,Emily Coughlin,Coughlin,Emily,Fr,F,,,19.0,3.0,4.0,,,,1.0,,,8.0,8.0,
469,New Hampshire,2025,17,Becky Ward,Becky Ward,Ward,Becky,Fr,B,,,19.0,19.0,,,,,2.0,,,0.0,,
469,New Hampshire,2025,6,Brecken Calcari,Brecken Calcari,Calcari,Brecken,Sr,F,,,19.0,0.0,1.0,,,,1.0,,1.0,3.0,2.0,
469,New Hampshire,2025,14,Madilynn Clark,Madilynn Clark,Clark,Madilynn,Sr,M,,,17.0,0.0,,,,,,,,0.0,,1.0
469,New Hampshire,2025,18,Louette Petiet,Louette Petiet,Petiet,Louette,Jr,M,,,19.0,19.0,1.0,,,,,,3.0,5.0,5.0,
469,New Hampshire,2025,2,Tamera Cookman,Tamera Cookman,Cookman,Tamera,Sr,B,,,1.0,0.0,,,,,,,,0.0,1.0,
469,New Hampshire,2025,23,Faye Meijer,Faye Meijer,Meijer,Faye,So,M,,,19.0,18.0,9.0,,,,3.0,,6.0,24.0,79.0,
469,New Hampshire,2025,12,Abigail Johnson,Abigail Johnson,Johnson,Abigail,Jr,B,,,19.0,19.0,,,,,1.0,,,0.0,,
469,New Hampshire,2025,28,Kathelijne Knuttel,Kathelijne Knuttel,Knuttel,Kathelijne,Jr,M,,,19.0,19.0,14.0,,,2.0,4.0,,12.0,40.0,51.0,3.0
469,New Hampshire,2025,25,Julia Graves,Julia Graves,Graves,Julia,Jr,M,,,3.0,0.0,,,,,1.0,,,0.0,,
469,New Hampshire,2025,22,Nicole Poulakis,Nicole Poulakis,Poulakis,Nicole,Sr,M,,,19.0,19.0,23.0,,,1.0,1.0,,8.0,54.0,65.0,
469,New Hampshire,2025,3,Addison MacNeil,Addison MacNeil,MacNeil,Addison,Jr,M,,,19.0,19.0,3.0,,,,2.0,,12.0,18.0,13.0,
469,New Hampshire,2025,5,Kay Murphy,Kay Murphy,Murphy,Kay,So,F,,,19.0,0.0,1.0,,,,,,1.0,3.0,4.0,
469,New Hampshire,2025,13,Tasmin Cookman,Tasmin Cookman,Cookman,Tasmin,Sr,F,,,19.0,19.0,4.0,,,3.0,7.0,,11.0,19.0,55.0,
470,New Haven,2025,27,Allie Brown,Allie Brown,Brown,Allie,Jr,M,,,15.0,15.0,,4.0,,,,,,0.0,,
470,New Haven,2025,6,Brynna Courneen,Brynna Courneen,Courneen,Brynna,Sr,M,,,15.0,15.0,,4.0,,,,,1.0,1.0,7.0,
470,New Haven,2025,5,Emma Beaujouan,Emma Beaujouan,Beaujouan,Emma,Jr,F,,,15.0,15.0,2.0,10.0,,,,,1.0,5.0,5.0,
470,New Haven,2025,17,Abbie Volfman,Abbie Volfman,Volfman,Abbie,So,M,,,15.0,11.0,,3.0,,,,,,0.0,,2.0
470,New Haven,2025,1,Sydney Moda,Sydney Moda,Moda,Sydney,Sr,F,,,13.0,2.0,,4.0,,,,,,0.0,2.0,
470,New Haven,2025,3,Eliza Caven,Eliza Caven,Caven,Eliza,Sr,B,,,14.0,9.0,1.0,4.0,,,,,1.0,3.0,8.0,3.0
470,New Haven,2025,10,Riley Schoonmaker,Riley Schoonmaker,Schoonmaker,Riley,Jr,B,,,14.0,14.0,,7.0,,,,,,0.0,,
470,New Haven,2025,2,Jordan Gagliastro,Jordan Gagliastro,Gagliastro,Jordan,Jr,F,,,15.0,8.0,,5.0,,,,,,0.0,3.0,
470,New Haven,2025,20,Erin Smith,Erin Smith,Smith,Erin,Sr,F,,,15.0,15.0,1.0,17.0,,1.0,3.0,,1.0,3.0,11.0,
470,New Haven,2025,25,Maddie Mandia,Maddie Mandia,Mandia,Maddie,Fr,B,,,5.0,0.0,,1.0,,,,,,0.0,,
470,New Haven,2025,13,Carina Ramirez,Carina Ramirez,Ramirez,Carina,Jr,M,,,15.0,15.0,,5.0,,,1.0,,1.0,1.0,7.0,
470,New Haven,2025,15,Lauren Schoonmaker,Lauren Schoonmaker,Schoonmaker,Lauren,Fr,F,,,15.0,10.0,,2.0,,,1.0,,,0.0,2.0,
470,New Haven,2025,24,Kristen MacAuley,Kristen MacAuley,MacAuley,Kristen,Jr,B,,,13.0,1.0,,1.0,,,,,,0.0,,
470,New Haven,2025,22,Jalia Cooper,Jalia Cooper,Cooper,Jalia,So,F,,,15.0,14.0,1.0,9.0,,1.0,,,,2.0,8.0,
470,New Haven,2025,13,Ashley Gambino,Ashley Gambino,Gambino,Ashley,Sr,M,,,13.0,6.0,,4.0,,,,,,0.0,2.0,
457,North Carolina,2025,8,Reese Anetsberger,Reese Anetsberger,Anetsberger,Reese,Fr,F,,,23.0,23.0,5.0,,,,3.0,,9.0,19.0,27.0,
457,North Carolina,2025,3,Kara Heck,Kara Heck,Heck,Kara,Sr,F,,,23.0,4.0,8.0,,,,2.0,,5.0,21.0,31.0,
457,North Carolina,2025,10,Daniela Mendez-Trendler,Daniela Mendez-Trendler,Mendez-Trendler,Daniela,Jr,M,,,23.0,22.0,15.0,,,4.0,4.0,,16.0,46.0,39.0,
457,North Carolina,2025,15,Eliza Perrin,Eliza Perrin,Perrin,Eliza,Fr,B,,,21.0,0.0,3.0,,,,5.0,,1.0,7.0,6.0,
457,North Carolina,2025,14,Isabel Boere,Isabel Boere,Boere,Isabel,Fr,F,,,23.0,23.0,9.0,,,,,,8.0,26.0,79.0,1.0
457,North Carolina,2025,17,Sietske Brüning,Sietske Brüning,Brüning,Sietske,Sr,M,,,18.0,17.0,,,,,1.0,,6.0,6.0,5.0,
457,North Carolina,2025,5,Sanne Hak,Sanne Hak,Hak,Sanne,Jr,F,,,23.0,23.0,7.0,,,,,,10.0,24.0,24.0,
457,North Carolina,2025,6,Coco Courtright,Coco Courtright,Courtright,Coco,So,M,,,23.0,5.0,1.0,,,,1.0,,2.0,4.0,6.0,
457,North Carolina,2025,12,Ryleigh Heck,Ryleigh Heck,Heck,Ryleigh,Sr,M,,,23.0,23.0,19.0,,,2.0,4.0,,13.0,51.0,64.0,
457,North Carolina,2025,4,Molly Catchpole,Molly Catchpole,Catchpole,Molly,Sr,M,,,23.0,23.0,,,,,3.0,,1.0,1.0,7.0,
457,North Carolina,2025,24,Ella Barbacci,Ella Barbacci,Barbacci,Ella,So,M,,,14.0,0.0,1.0,,,,,,,2.0,2.0,
457,North Carolina,2025,2,Charly Bruder,Charly Bruder,Bruder,Charly,Jr,F,,,21.0,18.0,18.0,,,,1.0,,6.0,42.0,119.0,
457,North Carolina,2025,21,Sylvie Notine,Sylvie Notine,Notine,Sylvie,Fr,M,,,10.0,0.0,,,,,,,1.0,1.0,1.0,
457,North Carolina,2025,20,Hope Haynes,Hope Haynes,Haynes,Hope,So,B,,,23.0,23.0,,,,,,,,0.0,1.0,
500,Northeastern,2025,3,Helen Baldy,Helen Baldy,Baldy,Helen,So,B,,,5.0,0.0,1.0,,,,,,,2.0,2.0,
500,Northeastern,2025,5,Maya Prasad,Maya Prasad,Prasad,Maya,Sr,M,,,17.0,15.0,,,,,5.0,,3.0,3.0,1.0,
500,Northeastern,2025,4,Olivia Yelen,Olivia Yelen,Yelen,Olivia,So,M,,,16.0,1.0,1.0,,,,1.0,,,2.0,2.0,
500,Northeastern,2025,22,Ava Tello,Ava Tello,Tello,Ava,Sr,B,,,12.0,1.0,,,,,,,,0.0,,1.0
500,Northeastern,2025,23,Julia Puccio,Julia Puccio,Puccio,Julia,Jr,M,,,17.0,3.0,1.0,,,1.0,2.0,,,2.0,4.0,
500,Northeastern,2025,12,Ashley Pappas,Ashley Pappas,Pappas,Ashley,Sr,M,,,18.0,14.0,,,,,,,4.0,4.0,2.0,1.0
500,Northeastern,2025,16,Victoria Postler,Victoria Postler,Postler,Victoria,Sr,B,,,17.0,8.0,,,,,1.0,,,0.0,,
500,Northeastern,2025,10,Alexandra Mega,Alexandra Mega,Mega,Alexandra,Jr,M,,,18.0,16.0,3.0,,,,,,8.0,14.0,32.0,
500,Northeastern,2025,7,Juana Gonzalez-Peyru,Juana Gonzalez-Peyru,Gonzalez-Peyru,Juana,So,F,,,8.0,1.0,,,,,,,,0.0,2.0,
500,Northeastern,2025,17,Lilly Smith,Lilly Smith,Smith,Lilly,Sr,M,,,17.0,12.0,2.0,,,,3.0,,1.0,5.0,9.0,
500,Northeastern,2025,20,Anna-Kate Domingue,Anna-Kate Domingue,Domingue,Anna-Kate,Sr,F,,,18.0,18.0,1.0,,,,2.0,,1.0,3.0,2.0,3.0
500,Northeastern,2025,15,Emily Adragna,Emily Adragna,Adragna,Emily,Sr,F,,,17.0,11.0,7.0,,,,,,1.0,15.0,28.0,1.0
500,Northeastern,2025,18,Camille Armaganian,Camille Armaganian,Armaganian,Camille,So,B,,,18.0,15.0,6.0,,,1.0,2.0,,1.0,13.0,35.0,
500,Northeastern,2025,2,Emily Stubbs,Emily Stubbs,Stubbs,Emily,Sr,F,,,18.0,7.0,3.0,,,,,,1.0,7.0,10.0,
500,Northeastern,2025,25,Laine Ambrose,Laine Ambrose,Ambrose,Laine,Sr,F,,,18.0,17.0,3.0,,,,1.0,,2.0,8.0,12.0,
500,Northeastern,2025,21,Lucy Walton,Lucy Walton,Walton,Lucy,Fr,,,,17.0,16.0,1.0,,,,,,3.0,5.0,12.0,1.0
500,Northeastern,2025,19,Addison Polakoff,Addison Polakoff,Polakoff,Addison,Fr,M,,,17.0,2.0,,,,,,,,0.0,4.0,
500,Northeastern,2025,11,Jessica Garden,Jessica Garden,Garden,Jessica,Fr,,,,17.0,17.0,3.0,,,1.0,1.0,,4.0,10.0,24.0,
500,Northeastern,2025,13,Hannah Simon,Hannah Simon,Simon,Hannah,Fr,,,,16.0,1.0,1.0,,,1.0,1.0,,1.0,3.0,1.0,
509,Northwestern,2025,8,Maddie Zimmer,Maddie Zimmer,Zimmer,Maddie,Sr,M,,,23.0,23.0,5.0,,,1.0,1.0,,17.0,27.0,58.0,
509,Northwestern,2025,15,Annika de Haan,Annika de Haan,Haan,Annika,Fr,M,,,3.0,0.0,,,,,1.0,,,0.0,,
509,Northwestern,2025,13,Grace Schulze,Grace Schulze,Schulze,Grace,Sr,F,,,23.0,23.0,14.0,,,,3.0,,8.0,36.0,44.0,1.0
509,Northwestern,2025,14,Kate Janssen,Kate Janssen,Janssen,Kate,So,M,,,23.0,6.0,2.0,,,,1.0,,,4.0,11.0,
509,Northwestern,2025,9,Ilse Tromp,Ilse Tromp,Tromp,Ilse,Jr,B,,,23.0,23.0,15.0,,,,1.0,,5.0,35.0,67.0,
509,Northwestern,2025,10,Amelia Albers,Amelia Albers,Albers,Amelia,Jr,F,,,11.0,0.0,,,,,1.0,,,0.0,,
509,Northwestern,2025,4,Ashley Sessa,Ashley Sessa,Sessa,Ashley,Jr,F,,,22.0,21.0,22.0,,1.0,,2.0,,21.0,65.0,86.0,
509,Northwestern,2025,3,Olivia Bent-Cole,Olivia Bent-Cole,Bent-Cole,Olivia,Jr,F,,,23.0,20.0,6.0,,,,3.0,,10.0,22.0,31.0,
509,Northwestern,2025,21,Ella Kokinis,Ella Kokinis,Kokinis,Ella,Jr,M,,,22.0,18.0,2.0,,,,1.0,,,4.0,9.0,
509,Northwestern,2025,27,Nadia Nemeth,Nadia Nemeth,Nemeth,Nadia,So,M,,,15.0,0.0,,,,,,,,0.0,4.0,
509,Northwestern,2025,18,Laura Salamanca,Laura Salamanca,Salamanca,Laura,So,M,,,23.0,23.0,2.0,,,1.0,4.0,,2.0,6.0,20.0,
509,Northwestern,2025,16,Julia Soriano,Julia Soriano,Soriano,Julia,Fr,M,,,1.0,0.0,,,,,,,,0.0,1.0,
509,Northwestern,2025,26,Eva Nemeth,Eva Nemeth,Nemeth,Eva,So,M,,,22.0,3.0,,,,,1.0,,1.0,1.0,2.0,
509,Northwestern,2025,12,Greta Hinke,Greta Hinke,Hinke,Greta,Sr,M,,,20.0,17.0,,,,1.0,,,,0.0,4.0,
509,Northwestern,2025,23,Maja Zivojnovic,Maja Zivojnovic,Zivojnovic,Maja,Sr,B,,,23.0,23.0,6.0,,,,1.0,,3.0,15.0,46.0,
509,Northwestern,2025,20,Emilie Kirschner,Emilie Kirschner,Kirschner,Emilie,So,M,,,23.0,20.0,,,,,,,,0.0,1.0,1.0
509,Northwestern,2025,11,Piper Borz,Piper Borz,Borz,Piper,Jr,F,,,22.0,1.0,7.0,,,,,,3.0,17.0,20.0,
509,Northwestern,2025,7,Aerin Krys,Aerin Krys,Krys,Aerin,Jr,F,,,23.0,3.0,3.0,,,,1.0,,13.0,19.0,16.0,
519,Ohio,2025,16,Emily Risser,Emily Risser,Risser,Emily,Sr,B,,,18.0,18.0,2.0,,,,1.0,,4.0,8.0,9.0,2.0
519,Ohio,2025,12,Zoe Collins,Zoe Collins,Collins,Zoe,Jr,B,,,8.0,0.0,,,,,,,,0.0,2.0,
519,Ohio,2025,2,Natalie LaFleur,Natalie LaFleur,LaFleur,Natalie,Jr,F,,,18.0,15.0,2.0,,,1.0,1.0,,,4.0,14.0,
519,Ohio,2025,10,Marie De Grande,Marie De Grande,Grande,Marie,So,M,,,17.0,13.0,1.0,,,,1.0,,,2.0,11.0,
519,Ohio,2025,18,Anouk Plaehn,Anouk Plaehn,Plaehn,Anouk,Sr,B,,,18.0,18.0,3.0,,,,,,1.0,7.0,31.0,
519,Ohio,2025,20,Mia Scheulen,Mia Scheulen,Scheulen,Mia,So,F,,,15.0,2.0,,,,,1.0,,,0.0,4.0,
519,Ohio,2025,8,Deborah James,Deborah James,James,Deborah,So,B,,,18.0,18.0,1.0,,,,,,1.0,3.0,13.0,1.0
519,Ohio,2025,23,Emily Beitzel,Emily Beitzel,Beitzel,Emily,Jr,M,,,18.0,18.0,1.0,,,1.0,1.0,,,2.0,6.0,1.0
519,Ohio,2025,14,Sasha Dikotla,Sasha Dikotla,Dikotla,Sasha,Sr,F,,,18.0,18.0,4.0,,,,1.0,,2.0,10.0,18.0,
519,Ohio,2025,11,Mattea Vest,Mattea Vest,Vest,Mattea,So,B,,,17.0,4.0,,,,1.0,,,,0.0,1.0,
519,Ohio,2025,22,Iona Roderick,Iona Roderick,Roderick,Iona,Fr,M,,,15.0,0.0,1.0,,,,,,1.0,3.0,2.0,
519,Ohio,2025,6,Tiana Nhamoinesu,Tiana Nhamoinesu,Nhamoinesu,Tiana,Fr,F,,,18.0,16.0,6.0,,,,2.0,,1.0,13.0,37.0,
519,Ohio,2025,17,Addy Basile,Addy Basile,Basile,Addy,So,F,,,16.0,5.0,,,,,,,,0.0,2.0,
519,Ohio,2025,19,Adi Geer,Adi Geer,Geer,Adi,Fr,F,,,18.0,1.0,1.0,,,,,,,2.0,15.0,
519,Ohio,2025,21,Karley DuCoin,Karley DuCoin,DuCoin,Karley,Fr,F,,,18.0,8.0,1.0,,,,,,1.0,3.0,15.0,
519,Ohio,2025,25,Ava Florence,Ava Florence,Florence,Ava,Fr,,,,17.0,8.0,2.0,,,,1.0,,2.0,6.0,3.0,
519,Ohio,2025,4,Rowan Casey,Rowan Casey,Casey,Rowan,Fr,B,,,18.0,8.0,,,,,4.0,,,0.0,1.0,
519,Ohio,2025,5,Katie Cole,Katie Cole,Cole,Katie,Fr,M,,,17.0,3.0,2.0,,,,1.0,,2.0,6.0,7.0,
518,Ohio St.,2025,9,Carmela Maro,Carmela Maro,Maro,Carmela,Fr,F,,,17.0,0.0,1.0,,,,,,,2.0,4.0,
518,Ohio St.,2025,2,Autum Kernechel,Autum Kernechel,Kernechel,Autum,Fr,M,,,18.0,18.0,,,,,2.0,,3.0,3.0,9.0,
518,Ohio St.,2025,21,Reagan Eickhoff,Reagan Eickhoff,Eickhoff,Reagan,Jr,M,,,5.0,0.0,,,,,,,,0.0,2.0,
518,Ohio St.,2025,3,Mary Davis,Mary Davis,Davis,Mary,So,M,,,7.0,0.0,,,,,,,,0.0,1.0,
518,Ohio St.,2025,8,Makenna Webster,Makenna Webster,Webster,Makenna,Sr,F,,,18.0,16.0,19.0,,,,2.0,,7.0,45.0,50.0,
518,Ohio St.,2025,6,Raleigh Kerst,Raleigh Kerst,Kerst,Raleigh,Fr,F,,,18.0,7.0,4.0,,,,,,1.0,9.0,21.0,
518,Ohio St.,2025,22,Grace Dixon,Grace Dixon,Dixon,Grace,So,B,,,18.0,1.0,,,,,,,,0.0,7.0,
518,Ohio St.,2025,11,Lindsey Roberts,Lindsey Roberts,Roberts,Lindsey,Sr,F,,,18.0,10.0,1.0,,,,2.0,,3.0,5.0,15.0,
518,Ohio St.,2025,5,Emily Barker,Emily Barker,Barker,Emily,Jr,F,,,17.0,0.0,1.0,,,1.0,1.0,,,2.0,5.0,
518,Ohio St.,2025,32,Katie Fichtner,Katie Fichtner,Fichtner,Katie,Sr,B,,,18.0,17.0,5.0,,,,,,2.0,12.0,62.0,
518,Ohio St.,2025,4,Zella Bailey,Zella Bailey,Bailey,Zella,Sr,F,,,18.0,17.0,1.0,,,,4.0,,1.0,3.0,12.0,
518,Ohio St.,2025,24,Cam Standish,Cam Standish,Standish,Cam,Jr,M,,,18.0,9.0,,,,,,,,0.0,3.0,
518,Ohio St.,2025,14,Makayla Carahaly,Makayla Carahaly,Carahaly,Makayla,Sr,F,,,3.0,0.0,1.0,,,,,,1.0,3.0,2.0,
518,Ohio St.,2025,19,Victoria Kutz,Victoria Kutz,Kutz,Victoria,So,M,,,18.0,0.0,,,,,1.0,,2.0,2.0,3.0,
518,Ohio St.,2025,10,Olivia Wallace,Olivia Wallace,Wallace,Olivia,Sr,F,,,13.0,0.0,,,,1.0,,,1.0,1.0,2.0,
518,Ohio St.,2025,15,Riley Hudson,Riley Hudson,Hudson,Riley,Sr,F,,,18.0,17.0,,,,,2.0,,1.0,1.0,4.0,
518,Ohio St.,2025,17,Philippa Schipper,Philippa Schipper,Schipper,Philippa,So,B,,,18.0,18.0,,,,,1.0,,2.0,2.0,16.0,
518,Ohio St.,2025,33,Maddie Bogle,Maddie Bogle,Bogle,Maddie,So,B,,,18.0,7.0,,,,,,,,0.0,5.0,3.0
518,Ohio St.,2025,25,Anne Marie Krebs,Anne Marie Krebs,Krebs,Anne,Jr,F,,,18.0,18.0,3.0,,,1.0,4.0,,2.0,8.0,22.0,
518,Ohio St.,2025,28,Sienna Golden,Sienna Golden,Golden,Sienna,So,F,,,15.0,9.0,2.0,,,,,,,4.0,11.0,
518,Ohio St.,2025,7,Loryn Jordon,Loryn Jordon,Jordon,Loryn,Sr,F,,,18.0,11.0,3.0,,,,1.0,,,6.0,20.0,
523,Old Dominion,2025,27,Nicolette Saccomandi,Nicolette Saccomandi,Saccomandi,Nicolette,Jr,M,,,18.0,18.0,1.0,,,,1.0,,7.0,9.0,2.0,
523,Old Dominion,2025,7,Serena Langendoen,Serena Langendoen,Langendoen,Serena,So,B,,,18.0,18.0,7.0,,,,,,1.0,15.0,36.0,
523,Old Dominion,2025,6,Amelie Zielcke,Amelie Zielcke,Zielcke,Amelie,So,F,,,18.0,18.0,5.0,,,,,,3.0,13.0,18.0,
523,Old Dominion,2025,13,Sanci Molkenboer,Sanci Molkenboer,Molkenboer,Sanci,Sr,F,,,18.0,18.0,5.0,,,,3.0,,6.0,16.0,47.0,
523,Old Dominion,2025,24,Josi John,Josi John,John,Josi,Jr,M,,,18.0,0.0,1.0,,,,,,,2.0,7.0,
523,Old Dominion,2025,28,Josie Painter,Josie Painter,Painter,Josie,So,F,,,18.0,16.0,6.0,,,,2.0,,,12.0,24.0,
523,Old Dominion,2025,8,Madison Zalewski,Madison Zalewski,Zalewski,Madison,So,F,,,18.0,17.0,,,,,,,7.0,7.0,8.0,
523,Old Dominion,2025,26,Avery Jackson,Avery Jackson,Jackson,Avery,Jr,M,,,18.0,10.0,3.0,,,,,,4.0,10.0,6.0,
523,Old Dominion,2025,21,Mackenzie Olsommer,Mackenzie Olsommer,Olsommer,Mackenzie,Sr,M,,,13.0,11.0,,,,1.0,1.0,,2.0,2.0,1.0,
523,Old Dominion,2025,18,Katelyn Bates,Katelyn Bates,Bates,Katelyn,Fr,M,,,14.0,0.0,,,,,,,,0.0,3.0,
523,Old Dominion,2025,9,Sian Emslie,Sian Emslie,Emslie,Sian,Sr,F,,,18.0,16.0,9.0,,,1.0,3.0,,7.0,25.0,33.0,1.0
523,Old Dominion,2025,10,Isabella DeCesaris,Isabella DeCesaris,DeCesaris,Isabella,Fr,M,,,18.0,2.0,,,,,1.0,,4.0,4.0,7.0,
523,Old Dominion,2025,12,Cosima Perleth,Cosima Perleth,Perleth,Cosima,Jr,M,,,18.0,10.0,2.0,,,,1.0,,6.0,10.0,3.0,
523,Old Dominion,2025,17,Jule Schuurman,Jule Schuurman,Schuurman,Jule,Sr,M,,,18.0,18.0,,,,,,,,0.0,2.0,
540,Penn,2025,6,Honor Roberts,Honor Roberts,Roberts,Honor,Jr,F,,,16.0,16.0,7.0,,,,,,3.0,17.0,19.0,
540,Penn,2025,9,Amy Lanouette,Amy Lanouette,Lanouette,Amy,Sr,B,,,16.0,16.0,,,,1.0,,,,0.0,,
540,Penn,2025,14,Riley Thomson,Riley Thomson,Thomson,Riley,So,F,,,16.0,12.0,1.0,,,,,,4.0,6.0,20.0,
540,Penn,2025,20,Philine Klas,Philine Klas,Klas,Philine,Sr,B,,,16.0,16.0,5.0,,,1.0,1.0,,2.0,12.0,33.0,2.0
540,Penn,2025,26,Darcey Chapman,Darcey Chapman,Chapman,Darcey,So,M,,,14.0,8.0,1.0,,,,,,1.0,3.0,4.0,1.0
540,Penn,2025,23,Livia Loozen,Livia Loozen,Loozen,Livia,Sr,F,,,16.0,16.0,3.0,,,,2.0,,5.0,11.0,22.0,
540,Penn,2025,22,Naomi Esterowitz,Naomi Esterowitz,Esterowitz,Naomi,So,F,,,9.0,0.0,,,,,,,,0.0,3.0,
540,Penn,2025,24,Maxi Aranowitz,Maxi Aranowitz,Aranowitz,Maxi,So,B,,,16.0,15.0,,,,,1.0,,,0.0,3.0,
540,Penn,2025,11,Beau Lilly Barrington-Hibbert,Beau Lilly Barrington-Hibbert,Barrington-Hibbert,Beau,So,B,,,15.0,1.0,2.0,,,,,,,4.0,9.0,
540,Penn,2025,8,Julia Ryan,Julia Ryan,Ryan,Julia,Sr,M,,,16.0,16.0,11.0,,,1.0,2.0,,2.0,24.0,29.0,
540,Penn,2025,7,Sydney Mandato,Sydney Mandato,Mandato,Sydney,Jr,M,,,13.0,12.0,1.0,,,,1.0,,6.0,8.0,8.0,
540,Penn,2025,4,Ellie Almeida,Ellie Almeida,Almeida,Ellie,Jr,B,,,16.0,9.0,,,,,2.0,,2.0,2.0,1.0,1.0
540,Penn,2025,16,Emma Nahon,Emma Nahon,Nahon,Emma,Jr,B,,,16.0,16.0,2.0,,,1.0,1.0,,1.0,5.0,8.0,
540,Penn,2025,3,Lucy Mangat,Lucy Mangat,Mangat,Lucy,Fr,M,,,15.0,0.0,1.0,,,,1.0,,1.0,3.0,7.0,
540,Penn,2025,17,Sophie Watson,Sophie Watson,Watson,Sophie,Fr,M,,,11.0,0.0,,,,,,,1.0,1.0,,
540,Penn,2025,30,Jazmin Borensztein,Jazmin Borensztein,Borensztein,Jazmin,Fr,B,,,16.0,7.0,,,,1.0,,,2.0,2.0,2.0,
539,Penn St.,2025,42,Sophia Mannino,Sophia Mannino,Mannino,Sophia,Sr,,,,13.0,13.0,1.0,,,1.0,4.0,,1.0,3.0,6.0,
539,Penn St.,2025,15,Aubrey Semler,Aubrey Semler,Semler,Aubrey,Sr,,,,17.0,15.0,3.0,,,1.0,,,2.0,8.0,21.0,
539,Penn St.,2025,16,Elise DeWan,Elise DeWan,DeWan,Elise,Jr,,,,5.0,0.0,,,,,,,,0.0,1.0,
539,Penn St.,2025,8,Morgan Snyder,Morgan Snyder,Snyder,Morgan,So,,,,17.0,17.0,2.0,,,,1.0,,2.0,6.0,20.0,1.0
539,Penn St.,2025,2,Katelyn Strawser,Katelyn Strawser,Strawser,Katelyn,So,,,,17.0,11.0,1.0,,,,1.0,,3.0,5.0,19.0,
539,Penn St.,2025,11,Madison Britton,Madison Britton,Britton,Madison,So,,,,17.0,16.0,,,,,1.0,,1.0,1.0,,
539,Penn St.,2025,5,Riley O'Donnell,Riley O'Donnell,O'Donnell,Riley,So,,,,2.0,0.0,,,,,,,,0.0,1.0,
539,Penn St.,2025,4,Madison Tambroni,Madison Tambroni,Tambroni,Madison,Sr,,,,14.0,5.0,,,,,,,1.0,1.0,2.0,
539,Penn St.,2025,9,Morgan McMenamin,Morgan McMenamin,McMenamin,Morgan,Sr,,,,14.0,0.0,1.0,,,,,,1.0,3.0,3.0,
539,Penn St.,2025,12,Carly Seal,Carly Seal,Seal,Carly,So,,,,17.0,0.0,,,,,,,,0.0,1.0,
539,Penn St.,2025,22,Emmy McCully,Emmy McCully,McCully,Emmy,Jr,,,,4.0,0.0,,,,,,,,0.0,2.0,
539,Penn St.,2025,1,Natalie Freeman,Natalie Freeman,Freeman,Natalie,Jr,,,,17.0,17.0,7.0,,,1.0,,,5.0,19.0,28.0,
539,Penn St.,2025,17,Ella Jennes,Ella Jennes,Jennes,Ella,Sr,,,,17.0,16.0,7.0,,,,4.0,,,14.0,32.0,
539,Penn St.,2025,7,Josephine Purdy,Josephine Purdy,Purdy,Josephine,Fr,,,,17.0,2.0,6.0,,,,3.0,,1.0,13.0,43.0,
539,Penn St.,2025,18,Cooper Cutchins,Cooper Cutchins,Cutchins,Cooper,Fr,,,,17.0,17.0,1.0,,,,,,,2.0,2.0,2.0
539,Penn St.,2025,3,Lara Pyle,Lara Pyle,Pyle,Lara,Fr,,,,17.0,15.0,,,,1.0,1.0,,1.0,1.0,4.0,
539,Penn St.,2025,20,Anouk Knuvers,Anouk Knuvers,Knuvers,Anouk,Sr,,,,15.0,12.0,1.0,,,,1.0,,,2.0,7.0,2.0
539,Penn St.,2025,21,Brooke Weaver,Brooke Weaver,Weaver,Brooke,Fr,,,,17.0,10.0,,,,,1.0,,1.0,1.0,5.0,
539,Penn St.,2025,10,Olivia Marthins,Olivia Marthins,Marthins,Olivia,Fr,,,,17.0,0.0,4.0,,,,1.0,,,8.0,13.0,
554,Princeton,2025,21,Molly Nye,Molly Nye,Nye,Molly,So,M,,,22.0,0.0,5.0,,,,2.0,,,10.0,15.0,
554,Princeton,2025,8,Pru Lindsey,Pru Lindsey,Lindsey,Pru,So,F,,,22.0,15.0,7.0,,,1.0,2.0,,11.0,25.0,37.0,
554,Princeton,2025,2,Lilly Wojcik,Lilly Wojcik,Wojcik,Lilly,So,M,,,22.0,7.0,1.0,,,,,,5.0,7.0,21.0,
554,Princeton,2025,9,Izzy Morgan,Izzy Morgan,Morgan,Izzy,So,B,,,22.0,15.0,4.0,,,3.0,,,8.0,16.0,10.0,
554,Princeton,2025,25,Grace Anne McCooey,Grace Anne McCooey,McCooey,Grace,Sr,F,,,14.0,0.0,,,,,,,,0.0,2.0,
554,Princeton,2025,19,Anna Faulstich,Anna Faulstich,Faulstich,Anna,So,M,,,22.0,21.0,3.0,,,,2.0,,9.0,15.0,19.0,
554,Princeton,2025,20,Talia Schenck,Talia Schenck,Schenck,Talia,Sr,F,,,7.0,7.0,,,,,,,,0.0,4.0,
554,Princeton,2025,10,Clem Houlden,Clem Houlden,Houlden,Clem,So,M,,,22.0,22.0,1.0,,,,2.0,,1.0,3.0,5.0,
554,Princeton,2025,22,Ava Dempsey,Ava Dempsey,Dempsey,Ava,Sr,M,,,6.0,0.0,,,,,,,,0.0,1.0,
554,Princeton,2025,14,Ella Hampson,Ella Hampson,Hampson,Ella,Sr,B,,,22.0,1.0,3.0,,,1.0,1.0,,1.0,7.0,22.0,
554,Princeton,2025,6,Ottilie Sykes,Ottilie Sykes,Sykes,Ottilie,Jr,B,,,22.0,22.0,4.0,,,,,,2.0,10.0,42.0,2.0
554,Princeton,2025,16,Ella Cashman,Ella Cashman,Cashman,Ella,Jr,M,,,20.0,18.0,3.0,,,,,,3.0,9.0,11.0,1.0
554,Princeton,2025,5,Lydia Bills,Lydia Bills,Bills,Lydia,Jr,M,,,14.0,0.0,,,,,1.0,,,0.0,3.0,
554,Princeton,2025,17,Beth Yeager,Beth Yeager,Yeager,Beth,Sr,M,,,22.0,22.0,15.0,,,,3.0,,10.0,40.0,77.0,
554,Princeton,2025,11,Helena Grosse,Helena Grosse,Grosse,Helena,Sr,M,,,10.0,4.0,1.0,,,,,,1.0,3.0,3.0,
554,Princeton,2025,24,Gabriella Anderson,Gabriella Anderson,Anderson,Gabriella,Fr,B,,,18.0,17.0,,,,1.0,1.0,,,0.0,,1.0
554,Princeton,2025,3,Tabby Vaughan,Tabby Vaughan,Vaughan,Tabby,Fr,M,,,22.0,4.0,1.0,,,2.0,,,1.0,3.0,3.0,
554,Princeton,2025,13,Saylor Milone,Saylor Milone,Milone,Saylor,Fr,F,,,22.0,22.0,,,,,1.0,,2.0,2.0,12.0,
554,Princeton,2025,12,Caitlin Thompson,Caitlin Thompson,Thompson,Caitlin,Fr,M,,,22.0,22.0,8.0,,,,1.0,,1.0,17.0,34.0,
556,Providence,2025,12,Carly van Benten,Carly van Benten,Benten,Carly,Jr,F,,,17.0,16.0,5.0,,,,,,8.0,18.0,22.0,
556,Providence,2025,28,Caroline Krebs,Caroline Krebs,Krebs,Caroline,Sr,M,,,17.0,17.0,1.0,,,2.0,3.0,,1.0,3.0,3.0,
556,Providence,2025,10,Florencia Talarico,Florencia Talarico,Talarico,Florencia,Jr,M,,,17.0,16.0,2.0,,,,,,1.0,5.0,35.0,
556,Providence,2025,16,Piper Cline,Piper Cline,Cline,Piper,So,F,,,17.0,6.0,2.0,,,,1.0,,3.0,7.0,11.0,
556,Providence,2025,14,Bo Martina,Bo Martina,Martina,Bo,Jr,M,,,17.0,17.0,9.0,,,2.0,7.0,,4.0,22.0,36.0,
556,Providence,2025,20,Johanna Mahner,Johanna Mahner,Mahner,Johanna,So,M,,,17.0,10.0,1.0,,,,,,4.0,6.0,5.0,
556,Providence,2025,11,Macie Pennisi,Macie Pennisi,Pennisi,Macie,Jr,M,,,17.0,17.0,,,,,,,3.0,3.0,28.0,1.0
556,Providence,2025,7,Lily Procaccianti,Lily Procaccianti,Procaccianti,Lily,Jr,F,,,17.0,15.0,10.0,,,1.0,3.0,,1.0,21.0,34.0,
556,Providence,2025,18,Martu Torre Festa,Martu Torre Festa,Festa,Martu,So,M,,,16.0,16.0,,,,,,,3.0,3.0,2.0,
556,Providence,2025,21,Charlotte Lorden,Charlotte Lorden,Lorden,Charlotte,Jr,M,,,15.0,13.0,,,,,1.0,,,0.0,9.0,
556,Providence,2025,8,Ari Ftorek,Ari Ftorek,Ftorek,Ari,Fr,F,,,17.0,10.0,4.0,,,,2.0,,1.0,9.0,20.0,
556,Providence,2025,17,Molly DiGiulio,Molly DiGiulio,DiGiulio,Molly,Fr,F,,,6.0,0.0,,,,,,,,0.0,1.0,
556,Providence,2025,5,Saar Koper,Saar Koper,Koper,Saar,Fr,B,,,17.0,13.0,,,,,1.0,,,0.0,1.0,
556,Providence,2025,19,Morgan Mastrobattisto,Morgan Mastrobattisto,Mastrobattisto,Morgan,Fr,F,,,8.0,0.0,,,,,,,1.0,1.0,1.0,
556,Providence,2025,6,Lilia Payne,Lilia Payne,Payne,Lilia,Fr,M,,,14.0,0.0,2.0,,,,1.0,,1.0,5.0,4.0,
11504,Queens (NC),2025,33,Hensley Miller,Hensley Miller,Miller,Hensley,Sr,B,,,17.0,16.0,2.0,,,,1.0,,6.0,10.0,11.0,3.0
11504,Queens (NC),2025,11,Delfina Gonzalez Fontan,Delfina Gonzalez Fontan,Fontan,Delfina,So,F,,,16.0,3.0,,,,,3.0,,2.0,2.0,15.0,
11504,Queens (NC),2025,14,Lilly Waters,Lilly Waters,Waters,Lilly,Jr,M,,,15.0,14.0,1.0,,,2.0,2.0,,1.0,3.0,5.0,
11504,Queens (NC),2025,32,Alana Shimp,Alana Shimp,Shimp,Alana,So,M,,,17.0,0.0,1.0,,,,3.0,,,2.0,3.0,
11504,Queens (NC),2025,31,Liv Rainwater,Liv Rainwater,Rainwater,Liv,Jr,M,,,17.0,17.0,2.0,,,,1.0,,1.0,5.0,5.0,
11504,Queens (NC),2025,25,Olivia Gain,Olivia Gain,Gain,Olivia,So,M,,,17.0,17.0,1.0,,,,,,1.0,3.0,13.0,
11504,Queens (NC),2025,19,Maddie Just,Maddie Just,Just,Maddie,So,M,,,17.0,17.0,3.0,,,,,,,6.0,6.0,
11504,Queens (NC),2025,28,Jarmilla Richter,Jarmilla Richter,Richter,Jarmilla,Sr,M,,,17.0,17.0,4.0,,,,,,3.0,11.0,6.0,1.0
11504,Queens (NC),2025,4,Grace Wagner,Grace Wagner,Wagner,Grace,Jr,B,,,17.0,17.0,1.0,,,,,,,2.0,4.0,
11504,Queens (NC),2025,7,Sydney Smith,Sydney Smith,Smith,Sydney,Sr,M,,,17.0,17.0,3.0,,,,1.0,,1.0,7.0,25.0,
11504,Queens (NC),2025,5,Sarah Hondru,Sarah Hondru,Hondru,Sarah,So,M,,,17.0,0.0,1.0,,,,,,1.0,3.0,3.0,
11504,Queens (NC),2025,30,Ines Morixe Stirling,Ines Morixe Stirling,Stirling,Ines,So,B,,,13.0,12.0,,,,,2.0,,,0.0,,
11504,Queens (NC),2025,9,Tea Burns,Tea Burns,Burns,Tea,Fr,M,,,12.0,8.0,,,,,,,,0.0,,1.0
11504,Queens (NC),2025,10,Enya Kemp,Enya Kemp,Kemp,Enya,Sr,F,,,16.0,15.0,6.0,,,,2.0,,,12.0,45.0,
562,Quinnipiac,2025,18,Maaike van Wensen,Maaike van Wensen,Wensen,Maaike,Fr,,,,16.0,16.0,4.0,,,1.0,,,,8.0,11.0,
562,Quinnipiac,2025,33,Charlie Caunter,Charlie Caunter,Caunter,Charlie,Fr,,,,17.0,3.0,,,,,1.0,,,0.0,2.0,2.0
562,Quinnipiac,2025,14,Rozemarijn van Keulen,Rozemarijn van Keulen,Keulen,Rozemarijn,Fr,,,,16.0,14.0,8.0,4.0,,2.0,1.0,,4.0,20.0,27.0,
562,Quinnipiac,2025,7,Emma Nelson,Emma Nelson,Nelson,Emma,So,M,,,16.0,3.0,,4.0,,,1.0,,,0.0,2.0,
562,Quinnipiac,2025,11,Katie Shanahan,Katie Shanahan,Shanahan,Katie,Jr,B,,,18.0,17.0,,1.0,,,1.0,,4.0,4.0,9.0,
562,Quinnipiac,2025,16,Mo Quaile,Mo Quaile,Quaile,Mo,Sr,M,,,18.0,18.0,7.0,3.0,,,2.0,,1.0,15.0,28.0,
562,Quinnipiac,2025,15,Francisca Eschoyez,Francisca Eschoyez,Eschoyez,Francisca,So,B,,,18.0,17.0,13.0,4.0,,1.0,5.0,,10.0,36.0,84.0,2.0
562,Quinnipiac,2025,19,Martina Calveira,Martina Calveira,Calveira,Martina,Jr,F,,,17.0,17.0,,,,,2.0,,,0.0,4.0,
562,Quinnipiac,2025,32,Jule Hoefer,Jule Hoefer,Hoefer,Jule,So,M,,,18.0,18.0,,3.0,,,,,,0.0,1.0,
562,Quinnipiac,2025,27,Cameron Brower,Cameron Brower,Brower,Cameron,Sr,F,,,18.0,15.0,3.0,4.0,,3.0,3.0,,5.0,11.0,25.0,
562,Quinnipiac,2025,5,Lauren Keyte,Lauren Keyte,Keyte,Lauren,Sr,M,,,18.0,18.0,1.0,2.0,,,2.0,,1.0,3.0,5.0,
562,Quinnipiac,2025,30,Lily Wolfe,Lily Wolfe,Wolfe,Lily,Sr,B,,,3.0,1.0,,,,,,,,0.0,1.0,
562,Quinnipiac,2025,2,Ava Bleier,Ava Bleier,Bleier,Ava,So,F,,,17.0,0.0,1.0,1.0,,,2.0,,,2.0,5.0,
562,Quinnipiac,2025,20,Lucia Donati,Lucia Donati,Donati,Lucia,So,M,,,18.0,18.0,2.0,3.0,,,2.0,,6.0,10.0,16.0,1.0
575,Richmond,2025,20,Clara Larripa,Clara Larripa,Larripa,Clara,Jr,F,,,20.0,20.0,20.0,6.0,,,4.0,,8.0,48.0,67.0,1.0
575,Richmond,2025,8,Jess McMeeking,Jess McMeeking,McMeeking,Jess,Sr,M,,,20.0,20.0,2.0,3.0,,,3.0,,3.0,7.0,19.0,1.0
575,Richmond,2025,15,Freya MacKay,Freya MacKay,MacKay,Freya,Jr,B,,,6.0,2.0,,1.0,,,,,,0.0,2.0,
575,Richmond,2025,12,Charly Faherty,Charly Faherty,Faherty,Charly,Jr,M,,,15.0,11.0,2.0,,,,1.0,,,4.0,11.0,
575,Richmond,2025,14,Avery Russell,Avery Russell,Russell,Avery,Jr,F,,,10.0,0.0,,,,,,,,0.0,1.0,
575,Richmond,2025,30,Valen Luna Paratore,Valen Luna Paratore,Paratore,Valen,So,F,,,15.0,14.0,5.0,,,1.0,3.0,,2.0,12.0,45.0,
575,Richmond,2025,17,Madelyn Curtis,Madelyn Curtis,Curtis,Madelyn,Sr,B,,,17.0,10.0,,,,,,,,0.0,,1.0
575,Richmond,2025,7,Sarah Ellis,Sarah Ellis,Ellis,Sarah,So,M,,,15.0,1.0,,,,,1.0,,1.0,1.0,1.0,
575,Richmond,2025,18,Alexa Derr,Alexa Derr,Derr,Alexa,Sr,M,,,20.0,15.0,3.0,1.0,,,,,10.0,16.0,6.0,1.0
575,Richmond,2025,9,Camila Daud,Camila Daud,Daud,Camila,Jr,M,,,7.0,7.0,,,,,,,4.0,4.0,1.0,2.0
575,Richmond,2025,10,Lainey Nichols,Lainey Nichols,Nichols,Lainey,Sr,M,,,20.0,14.0,5.0,,,,,,2.0,12.0,34.0,
575,Richmond,2025,11,Emma Williams,Emma Williams,Williams,Emma,Sr,B,,,20.0,18.0,2.0,2.0,,,1.0,,1.0,5.0,8.0,
575,Richmond,2025,24,Grace Wiggins,Grace Wiggins,Wiggins,Grace,So,M,,,20.0,20.0,,,,,2.0,,2.0,2.0,8.0,
575,Richmond,2025,6,Emmeline Hinson-Hasty,Emmeline Hinson-Hasty,Hinson-Hasty,Emmeline,So,B,,,5.0,0.0,,,,,,,1.0,1.0,,
575,Richmond,2025,25,Lillian Buckwalter,Lillian Buckwalter,Buckwalter,Lillian,Sr,M,,,20.0,20.0,,1.0,,,2.0,,2.0,2.0,1.0,1.0
575,Richmond,2025,22,Olivia Eusanio,Olivia Eusanio,Eusanio,Olivia,Fr,F,,,8.0,0.0,1.0,,,,,,,2.0,3.0,
575,Richmond,2025,16,Remy Phan,Remy Phan,Phan,Remy,Fr,F,,,20.0,4.0,2.0,,,,1.0,,,4.0,6.0,
575,Richmond,2025,1,Reese Miller,Reese Miller,Miller,Reese,Fr,M,,,15.0,7.0,2.0,,,,,,2.0,6.0,6.0,
575,Richmond,2025,5,Caroline Simmons,Caroline Simmons,Simmons,Caroline,Fr,B,,,12.0,7.0,,1.0,,1.0,,,,0.0,1.0,1.0
575,Richmond,2025,19,Amy Stripling,Amy Stripling,Stripling,Amy,Fr,B,,,17.0,9.0,5.0,,,1.0,,,1.0,11.0,26.0,
576,Rider,2025,1,Ang Borisow,Ang Borisow,Borisow,Ang,Jr,M,,,18.0,18.0,3.0,5.0,,,4.0,,3.0,9.0,18.0,
576,Rider,2025,2,Sam Connolly,Sam Connolly,Connolly,Sam,So,F,,,15.0,2.0,,1.0,,1.0,,,,0.0,3.0,
576,Rider,2025,5,Kate Mahmud,Kate Mahmud,Mahmud,Kate,Jr,B,,,17.0,17.0,,1.0,,,1.0,,,0.0,1.0,
576,Rider,2025,8,Jaime Haas,Jaime Haas,Haas,Jaime,So,B,,,8.0,0.0,,,,,,,,0.0,2.0,
576,Rider,2025,24,Emma Bonshak,Emma Bonshak,Bonshak,Emma,Jr,F,,,18.0,18.0,6.0,5.0,,4.0,3.0,,3.0,15.0,13.0,
576,Rider,2025,10,Meg Normile,Meg Normile,Normile,Meg,Sr,M,,,18.0,18.0,4.0,1.0,,1.0,3.0,,4.0,12.0,42.0,
576,Rider,2025,4,Liv Cox,Liv Cox,Cox,Liv,Jr,F,,,11.0,1.0,,1.0,,,,,,0.0,2.0,
576,Rider,2025,9,Valeria Perales,Valeria Perales,Perales,Valeria,Sr,F,,,18.0,18.0,13.0,4.0,,3.0,4.0,,6.0,32.0,53.0,
576,Rider,2025,23,Hailey Hoffman,Hailey Hoffman,Hoffman,Hailey,So,,,,16.0,10.0,,2.0,,,,,,0.0,2.0,
576,Rider,2025,7,Semra Said,Semra Said,Said,Semra,Sr,F,,,17.0,16.0,7.0,5.0,,1.0,5.0,,5.0,19.0,29.0,
576,Rider,2025,6,Amanda Walker,Amanda Walker,Walker,Amanda,So,F,,,18.0,4.0,1.0,1.0,,,,,,2.0,6.0,
576,Rider,2025,18,Anna Finn,Anna Finn,Finn,Anna,So,F,,,18.0,18.0,5.0,6.0,,1.0,1.0,,4.0,14.0,41.0,2.0
576,Rider,2025,22,Mackenzie Smith,Mackenzie Smith,Smith,Mackenzie,Fr,F,,,17.0,8.0,1.0,5.0,,,,,,2.0,7.0,
576,Rider,2025,11,Martina de Cespedes Carballo,Martina de Cespedes Carballo,Carballo,Martina,Fr,,,,17.0,6.0,1.0,3.0,,1.0,1.0,,,2.0,7.0,
576,Rider,2025,20,Ryleigh Damminger,Ryleigh Damminger,Damminger,Ryleigh,Fr,F,,,17.0,10.0,1.0,1.0,,,1.0,,1.0,3.0,4.0,
576,Rider,2025,13,Samantha Biondi,Samantha Biondi,Biondi,Samantha,So,F,,,15.0,12.0,,2.0,,1.0,,,1.0,1.0,4.0,
587,Rutgers,2025,6,Paulina Niklaus,Paulina Niklaus,Niklaus,Paulina,Sr,M,,,18.0,18.0,5.0,,,1.0,,,6.0,16.0,37.0,
587,Rutgers,2025,15,Caroline DeKenipp,Caroline DeKenipp,DeKenipp,Caroline,So,M,,,12.0,0.0,,,,,,,1.0,1.0,2.0,
587,Rutgers,2025,21,Puck Winter,Puck Winter,Winter,Puck,Sr,B,,,18.0,18.0,5.0,,,1.0,1.0,,3.0,13.0,10.0,6.0
587,Rutgers,2025,12,Maddie Olshemski,Maddie Olshemski,Olshemski,Maddie,Jr,F,,,11.0,0.0,1.0,,,1.0,,,,2.0,1.0,
587,Rutgers,2025,24,Olivia Fraticelli,Olivia Fraticelli,Fraticelli,Olivia,Jr,F,,,18.0,8.0,11.0,,,,,,2.0,24.0,25.0,
587,Rutgers,2025,11,Dani Gindville,Dani Gindville,Gindville,Dani,Sr,M,,,18.0,5.0,1.0,,,1.0,1.0,,1.0,3.0,11.0,
587,Rutgers,2025,17,Anna Cogdell,Anna Cogdell,Cogdell,Anna,So,M,,,18.0,18.0,1.0,,,,,,5.0,7.0,27.0,
587,Rutgers,2025,27,Vicky Jure,Vicky Jure,Jure,Vicky,Sr,M,,,18.0,18.0,,,,,2.0,,4.0,4.0,4.0,
587,Rutgers,2025,2,Olivia Beattie,Olivia Beattie,Beattie,Olivia,Jr,M,,,18.0,18.0,,,,,,,1.0,1.0,1.0,1.0
587,Rutgers,2025,14,Sophie Kuiper,Sophie Kuiper,Kuiper,Sophie,So,F,,,18.0,18.0,8.0,,,,2.0,,2.0,18.0,47.0,
587,Rutgers,2025,20,Lyla Rehill,Lyla Rehill,Rehill,Lyla,Fr,M,,,14.0,0.0,1.0,,,,,,,2.0,2.0,
587,Rutgers,2025,13,Julia Vinas Nieto,Julia Vinas Nieto,Nieto,Julia,Fr,M,,,18.0,1.0,1.0,,,2.0,1.0,,1.0,3.0,7.0,
587,Rutgers,2025,18,Madelyn Kidd,Madelyn Kidd,Kidd,Madelyn,Jr,F,,,17.0,0.0,2.0,,,,1.0,,1.0,5.0,6.0,
587,Rutgers,2025,16,Samantha Arnold,Samantha Arnold,Arnold,Samantha,Fr,B,,,9.0,4.0,,,,,,,1.0,1.0,,
587,Rutgers,2025,10,Olivia de Zwaan,Olivia de Zwaan,Zwaan,Olivia,Fr,M,,,18.0,14.0,6.0,,,,,,,12.0,12.0,
587,Rutgers,2025,8,Martha Goodridge,Martha Goodridge,Goodridge,Martha,Fr,M,,,18.0,18.0,4.0,,,1.0,1.0,,2.0,10.0,7.0,
587,Rutgers,2025,21,Ashley Arnold,Ashley Arnold,Arnold,Ashley,Jr,F,,,18.0,16.0,,,,,3.0,,2.0,2.0,17.0,
590,Sacred Heart,2025,8,Erin Lynch,Erin Lynch,Lynch,Erin,Fr,M,,,15.0,4.0,,,,,,,,0.0,,1.0
590,Sacred Heart,2025,7,Emma-Rose Phillips,Emma-Rose Phillips,Phillips,Emma-Rose,Fr,F,,,12.0,1.0,2.0,,,,,,,4.0,10.0,
590,Sacred Heart,2025,9,Sophia DePrima,Sophia DePrima,DePrima,Sophia,Fr,M,,,18.0,14.0,,,,,2.0,,,0.0,1.0,
590,Sacred Heart,2025,21,Lizzie Day,Lizzie Day,Day,Lizzie,Fr,F,,,4.0,0.0,,,,,,,,0.0,2.0,
590,Sacred Heart,2025,29,Raena Crandall,Raena Crandall,Crandall,Raena,Fr,,,,13.0,1.0,1.0,,,,,,,2.0,10.0,
590,Sacred Heart,2025,2,Bell Mazza,Bell Mazza,Mazza,Bell,Fr,,,,17.0,3.0,,,,,1.0,,2.0,2.0,1.0,
590,Sacred Heart,2025,16,Jenna Baxter,Jenna Baxter,Baxter,Jenna,So,M,,,15.0,9.0,1.0,,,1.0,,,1.0,3.0,18.0,
590,Sacred Heart,2025,23,Cassie Chapjian,Cassie Chapjian,Chapjian,Cassie,Sr,F,,,18.0,8.0,4.0,,,,,,,8.0,14.0,
590,Sacred Heart,2025,20,Amelia Pellegrini,Amelia Pellegrini,Pellegrini,Amelia,Sr,M,,,18.0,13.0,,,,,1.0,,6.0,6.0,7.0,
590,Sacred Heart,2025,3,Bridget McLaughlin,Bridget McLaughlin,McLaughlin,Bridget,So,F,,,18.0,6.0,1.0,,,,4.0,,5.0,7.0,20.0,
590,Sacred Heart,2025,15,Holly DeAngelo,Holly DeAngelo,DeAngelo,Holly,So,M,,,18.0,11.0,2.0,,,,,,7.0,11.0,24.0,
590,Sacred Heart,2025,28,Emma Brayford,Emma Brayford,Brayford,Emma,Sr,B,,,16.0,14.0,4.0,,,,1.0,,,8.0,28.0,1.0
590,Sacred Heart,2025,5,Jocelyn Webber,Jocelyn Webber,Webber,Jocelyn,Sr,M,,,5.0,1.0,,,,,,,,0.0,1.0,
590,Sacred Heart,2025,18,Hanna Hasso,Hanna Hasso,Hasso,Hanna,Sr,M,,,15.0,3.0,,,,,,,,0.0,3.0,
590,Sacred Heart,2025,6,Ines Braithwaite,Ines Braithwaite,Braithwaite,Ines,Sr,F,,,18.0,17.0,3.0,,,,,,5.0,11.0,21.0,
590,Sacred Heart,2025,22,Blaire Sparks,Blaire Sparks,Sparks,Blaire,Jr,M,,,18.0,12.0,2.0,,,,3.0,,1.0,5.0,39.0,
590,Sacred Heart,2025,13,Haley Vogt,Haley Vogt,Vogt,Haley,So,B,,,18.0,5.0,6.0,,,,,,,12.0,20.0,1.0
590,Sacred Heart,2025,11,Cate McConaghy,Cate McConaghy,McConaghy,Cate,Jr,M,,,18.0,8.0,2.0,,,,,,,4.0,5.0,
590,Sacred Heart,2025,17,Lizzie Mendrzycki,Lizzie Mendrzycki,Mendrzycki,Lizzie,Sr,B,,,18.0,13.0,4.0,,,,1.0,,,8.0,15.0,
590,Sacred Heart,2025,27,Ella Barrett,Ella Barrett,Barrett,Ella,Jr,F,,,6.0,0.0,,,,,,,,0.0,1.0,
590,Sacred Heart,2025,10,Celia Benson,Celia Benson,Benson,Celia,So,M,,,18.0,18.0,4.0,,,,2.0,,2.0,10.0,36.0,
590,Sacred Heart,2025,4,Jaden Ray,Jaden Ray,Ray,Jaden,Sr,M,,,18.0,18.0,,,,1.0,,,3.0,3.0,5.0,1.0
600,Saint Francis,2025,28,Delaney AMOLE,Delaney AMOLE,AMOLE,Delaney,Fr,,,,6.0,0.0,,,,,,,,0.0,2.0,
600,Saint Francis,2025,13,Hailee ADAMS,Hailee ADAMS,ADAMS,Hailee,N/A,,,,8.0,0.0,,,,,,,,0.0,1.0,
600,Saint Francis,2025,16,Julia Barto,Julia Barto,Barto,Julia,Jr,B,,,11.0,1.0,,,,1.0,1.0,,,0.0,1.0,
600,Saint Francis,2025,11,Morgan SMELTZ,Morgan SMELTZ,SMELTZ,Morgan,N/A,,,,15.0,0.0,1.0,,,,,,1.0,3.0,5.0,
600,Saint Francis,2025,12,Avery Bradburn,Avery Bradburn,Bradburn,Avery,Fr,B,,,18.0,3.0,1.0,1.0,,,,,,2.0,7.0,
600,Saint Francis,2025,24,Addie Sholly,Addie Sholly,Sholly,Addie,Fr,,,,19.0,15.0,4.0,3.0,,,1.0,,1.0,9.0,15.0,
600,Saint Francis,2025,10,Cruz CANEPA,Cruz CANEPA,CANEPA,Cruz,So,,,,19.0,18.0,1.0,2.0,,1.0,4.0,,16.0,18.0,5.0,
600,Saint Francis,2025,14,Josephina AGUIRRE,Josephina AGUIRRE,AGUIRRE,Josephina,So,,,,19.0,19.0,,4.0,,,,,3.0,3.0,1.0,
600,Saint Francis,2025,22,T Ciaccia,T Ciaccia,Ciaccia,T,Jr,F,,,18.0,4.0,,3.0,,1.0,1.0,,2.0,2.0,13.0,
600,Saint Francis,2025,26,Kylee HAGER,Kylee HAGER,HAGER,Kylee,So,,,,19.0,8.0,6.0,2.0,,1.0,,,2.0,14.0,17.0,
600,Saint Francis,2025,21,Sofia MARCIANO,Sofia MARCIANO,MARCIANO,Sofia,So,m,,,19.0,19.0,19.0,9.0,,2.0,6.0,,2.0,40.0,79.0,2.0
600,Saint Francis,2025,9,Chloe Butz,Chloe Butz,Butz,Chloe,Sr,M,,,19.0,13.0,,5.0,,1.0,1.0,,1.0,1.0,17.0,
600,Saint Francis,2025,6,Emiliee MYERS,Emiliee MYERS,MYERS,Emiliee,Sr,m,,,19.0,19.0,5.0,4.0,,,3.0,,3.0,13.0,23.0,
600,Saint Francis,2025,15,Hannah CAPO,Hannah CAPO,CAPO,Hannah,So,,,,16.0,9.0,1.0,1.0,,2.0,1.0,,1.0,3.0,10.0,
600,Saint Francis,2025,7,Grace Reed,Grace Reed,Reed,Grace,Jr,F,,,18.0,15.0,3.0,6.0,,,1.0,,,6.0,9.0,
600,Saint Francis,2025,3,Madilyn DONMOYER,Madilyn DONMOYER,DONMOYER,Madilyn,So,d/m,,,19.0,19.0,,2.0,,,2.0,,1.0,1.0,2.0,
600,Saint Francis,2025,25,Gianna LAMBERT,Gianna LAMBERT,LAMBERT,Gianna,N/A,,,,17.0,4.0,4.0,,,,1.0,,1.0,9.0,12.0,
600,Saint Francis,2025,2,Anna COMMERO,Anna COMMERO,COMMERO,Anna,So,,,,5.0,0.0,,1.0,,,,,,0.0,1.0,
600,Saint Francis,2025,12,Brooklyn WIDDESS,Brooklyn WIDDESS,WIDDESS,Brooklyn,Jr,f/m,,,19.0,4.0,3.0,2.0,,,,,1.0,7.0,8.0,
600,Saint Francis,2025,1,Madison Waldspurger,Madison Waldspurger,Waldspurger,Madison,Sr,B,,,19.0,19.0,3.0,1.0,,,1.0,,3.0,9.0,62.0,2.0
606,Saint Joseph's,2025,4,Milou Kluyt,Milou Kluyt,Kluyt,Milou,Jr,B,,,22.0,22.0,6.0,,,,,,,12.0,28.0,
606,Saint Joseph's,2025,1,Erika Culp,Erika Culp,Culp,Erika,Jr,F,,,18.0,18.0,3.0,,,,1.0,,5.0,11.0,33.0,
606,Saint Joseph's,2025,2,Tristan Groff,Tristan Groff,Groff,Tristan,So,B,,,22.0,16.0,,,,,1.0,,3.0,3.0,6.0,
606,Saint Joseph's,2025,17,Caroline Brickley,Caroline Brickley,Brickley,Caroline,Sr,M,,,12.0,0.0,,,,,,,,0.0,4.0,
606,Saint Joseph's,2025,16,Lily DeWan,Lily DeWan,DeWan,Lily,So,M,,,22.0,0.0,4.0,,,,,,,8.0,13.0,
606,Saint Joseph's,2025,18,Emma Winther,Emma Winther,Winther,Emma,Sr,B,,,22.0,22.0,,,,,2.0,,1.0,1.0,9.0,
606,Saint Joseph's,2025,19,Alison Buffington,Alison Buffington,Buffington,Alison,Sr,F,,,22.0,22.0,2.0,,,,1.0,,2.0,6.0,20.0,
606,Saint Joseph's,2025,12,Catherine Arentz,Catherine Arentz,Arentz,Catherine,Jr,F,,,17.0,0.0,1.0,,,,,,,2.0,5.0,
606,Saint Joseph's,2025,13,Nat Barnicoat,Nat Barnicoat,Barnicoat,Nat,Fr,M,,,22.0,0.0,,,,,1.0,,,0.0,1.0,
606,Saint Joseph's,2025,3,Laine Delmotte,Laine Delmotte,Delmotte,Laine,Sr,M,,,22.0,22.0,1.0,,,,1.0,,,2.0,2.0,
606,Saint Joseph's,2025,26,Talya Harvey,Talya Harvey,Harvey,Talya,Fr,M,,,22.0,13.0,1.0,,,,,,4.0,6.0,9.0,
606,Saint Joseph's,2025,33,Carly Hynd,Carly Hynd,Hynd,Carly,Sr,F,,,22.0,3.0,4.0,,,1.0,,,2.0,10.0,9.0,
606,Saint Joseph's,2025,24,Brooke James,Brooke James,James,Brooke,So,F,,,22.0,18.0,6.0,,,1.0,5.0,,3.0,15.0,37.0,
606,Saint Joseph's,2025,7,Adele Jardemar,Adele Jardemar,Jardemar,Adele,So,B,,,21.0,20.0,2.0,,,,1.0,,8.0,12.0,51.0,1.0
606,Saint Joseph's,2025,8,Ava Smith,Ava Smith,Smith,Ava,Sr,F,,,22.0,22.0,17.0,,,,5.0,,1.0,35.0,82.0,
606,Saint Joseph's,2025,25,Emily Tammaro,Emily Tammaro,Tammaro,Emily,Sr,M,,,22.0,22.0,2.0,,,1.0,2.0,,10.0,14.0,12.0,
609,Saint Louis,2025,0,Hazel Merry,Hazel Merry,Merry,Hazel,Fr,B,,,15.0,15.0,,,,,2.0,,1.0,1.0,7.0,4.0
609,Saint Louis,2025,0,Josie Naeger,Josie Naeger,Naeger,Josie,Fr,M,,,15.0,13.0,,,,,2.0,,1.0,1.0,23.0,
609,Saint Louis,2025,0,Ella Kappesser,Ella Kappesser,Kappesser,Ella,Fr,F,,,14.0,0.0,,,,,,,,0.0,6.0,
609,Saint Louis,2025,0,Macy Budd,Macy Budd,Budd,Macy,Fr,F,,,15.0,13.0,1.0,,,,1.0,,3.0,5.0,14.0,
609,Saint Louis,2025,18,Ava Calma,Ava Calma,Calma,Ava,Jr,M,,,15.0,7.0,1.0,,,,2.0,,,2.0,5.0,
609,Saint Louis,2025,4,Olivia Smith,Olivia Smith,Smith,Olivia,Sr,M,,,15.0,15.0,6.0,,,,3.0,,1.0,13.0,36.0,
609,Saint Louis,2025,13,Brynn Newborn,Brynn Newborn,Newborn,Brynn,So,F,,,15.0,14.0,1.0,,,1.0,1.0,,1.0,3.0,17.0,
609,Saint Louis,2025,19,Abby Vidas,Abby Vidas,Vidas,Abby,Sr,M,,,15.0,15.0,3.0,,,,,,3.0,9.0,30.0,
609,Saint Louis,2025,10,Ella Etherington,Ella Etherington,Etherington,Ella,So,M,,,15.0,14.0,,,,1.0,,,2.0,2.0,4.0,
609,Saint Louis,2025,15,Sierra Larson,Sierra Larson,Larson,Sierra,Jr,F,,,13.0,8.0,6.0,,,,1.0,,1.0,13.0,16.0,
609,Saint Louis,2025,25,Ignacia Manriquez,Ignacia Manriquez,Manriquez,Ignacia,So,M,,,13.0,9.0,2.0,,,,1.0,,,4.0,8.0,
609,Saint Louis,2025,2,Ashley Jones,Ashley Jones,Jones,Ashley,Sr,M,,,15.0,15.0,,,,,1.0,,,0.0,,
609,Saint Louis,2025,14,Shaya Dry,Shaya Dry,Dry,Shaya,Sr,F,,,15.0,11.0,3.0,,,,1.0,,2.0,8.0,13.0,
674,Stanford,2025,11,Chantal Eiwanger,Chantal Eiwanger,Eiwanger,Chantal,Sr,M,,,17.0,4.0,3.0,,,,,,,6.0,14.0,
674,Stanford,2025,7,Gemma Townsend,Gemma Townsend,Townsend,Gemma,Jr,F,,,11.0,2.0,3.0,,,,1.0,,,6.0,7.0,
674,Stanford,2025,16,Kate Nemec,Kate Nemec,Nemec,Kate,Jr,M,,,16.0,8.0,3.0,,,,1.0,,,6.0,9.0,
674,Stanford,2025,3,Claire Nockolds,Claire Nockolds,Nockolds,Claire,Jr,B,,,10.0,0.0,,,,,1.0,,,0.0,,
674,Stanford,2025,2,Jenny O'Grady,Jenny O'Grady,O'Grady,Jenny,So,M,,,17.0,6.0,1.0,,,,,,1.0,3.0,6.0,
674,Stanford,2025,10,Anna Ghuliani,Anna Ghuliani,Ghuliani,Anna,Sr,B,,,16.0,12.0,,,,,,,2.0,2.0,3.0,
674,Stanford,2025,4,Esther Pottebaum,Esther Pottebaum,Pottebaum,Esther,Jr,M,,,17.0,4.0,,,,1.0,1.0,,2.0,2.0,3.0,
674,Stanford,2025,6,Scout Butler,Scout Butler,Butler,Scout,Sr,B,,,17.0,17.0,,,,,,,1.0,1.0,27.0,
674,Stanford,2025,9,Puja Nanjappa,Puja Nanjappa,Nanjappa,Puja,Jr,B,,,17.0,12.0,1.0,,,,,,,2.0,3.0,
674,Stanford,2025,18,Nadine Brenninkmeyer,Nadine Brenninkmeyer,Brenninkmeyer,Nadine,So,M,,,15.0,1.0,4.0,,,,,,,8.0,6.0,
674,Stanford,2025,22,Tottie Taylor,Tottie Taylor,Taylor,Tottie,Sr,M,,,13.0,1.0,,,,,,,,0.0,2.0,
674,Stanford,2025,5,Mia Clark,Mia Clark,Clark,Mia,Jr,B,,,17.0,17.0,2.0,,,,1.0,,2.0,6.0,23.0,1.0
674,Stanford,2025,15,Ella Ganocy,Ella Ganocy,Ganocy,Ella,Sr,F,,,17.0,11.0,1.0,,,,2.0,,1.0,3.0,18.0,
674,Stanford,2025,23,Liv Martin,Liv Martin,Martin,Liv,Jr,M,,,16.0,14.0,2.0,,,,1.0,,2.0,6.0,11.0,
674,Stanford,2025,13,Bella Ganocy,Bella Ganocy,Ganocy,Bella,Sr,F,,,5.0,1.0,,,,,,,,0.0,1.0,
674,Stanford,2025,12,Bea Varley,Bea Varley,Varley,Bea,So,,,,15.0,4.0,,,,,,,1.0,1.0,1.0,
674,Stanford,2025,19,Hailey King,Hailey King,King,Hailey,So,B,,,2.0,0.0,,,,,,,,0.0,1.0,
674,Stanford,2025,21,Natalie Hoppe,Natalie Hoppe,Hoppe,Natalie,Fr,M,,,17.0,13.0,4.0,,,,1.0,,2.0,10.0,16.0,
674,Stanford,2025,20,Summer Knight-Thompson,Summer Knight-Thompson,Knight-Thompson,Summer,Fr,F,,,17.0,5.0,3.0,,,1.0,2.0,,2.0,8.0,14.0,1.0
674,Stanford,2025,17,Maroussia Walckiers,Maroussia Walckiers,Walckiers,Maroussia,Sr,M,,,17.0,16.0,3.0,,,,2.0,,1.0,7.0,21.0,
674,Stanford,2025,14,Noa Armelin,Noa Armelin,Armelin,Noa,Fr,B,,,8.0,1.0,,,,,,,,0.0,2.0,
674,Stanford,2025,24,Cara Sambeth,Cara Sambeth,Sambeth,Cara,Sr,M,,,16.0,13.0,1.0,,,,2.0,,2.0,4.0,12.0,
682,Stonehill,2025,3,Makayla Strickulis,Makayla Strickulis,Strickulis,Makayla,Sr,F,,,18.0,17.0,2.0,10.0,,,,,3.0,7.0,47.0,
682,Stonehill,2025,12,Madison Darmstadt,Madison Darmstadt,Darmstadt,Madison,Sr,B,,,14.0,3.0,,,,1.0,,,,0.0,,1.0
682,Stonehill,2025,7,Mary Collins,Mary Collins,Collins,Mary,So,B,,,18.0,16.0,,12.0,,,,,1.0,1.0,8.0,
682,Stonehill,2025,29,Siobhan Landers,Siobhan Landers,Landers,Siobhan,So,M,,,10.0,3.0,2.0,3.0,,,,,,4.0,6.0,
682,Stonehill,2025,4,Karleigh Mirable,Karleigh Mirable,Mirable,Karleigh,Jr,F,,,16.0,1.0,2.0,1.0,,,,,,4.0,4.0,
682,Stonehill,2025,6,Sarah Latham,Sarah Latham,Latham,Sarah,Sr,M,,,18.0,18.0,1.0,4.0,,,4.0,,,2.0,3.0,
682,Stonehill,2025,5,Julieta D'Antonio,Julieta D'Antonio,D'Antonio,Julieta,Jr,B,,,18.0,18.0,,3.0,,,,,,0.0,20.0,2.0
682,Stonehill,2025,24,Siena De Roeck,Siena De Roeck,Roeck,Siena,So,M,,,15.0,15.0,5.0,13.0,,,2.0,,1.0,11.0,18.0,
682,Stonehill,2025,15,Delaney Wojnarowicz,Delaney Wojnarowicz,Wojnarowicz,Delaney,So,F,,,9.0,0.0,2.0,1.0,,,,,1.0,5.0,3.0,
682,Stonehill,2025,14,Emma McGrory,Emma McGrory,McGrory,Emma,So,M,,,8.0,7.0,1.0,,,1.0,2.0,,1.0,3.0,5.0,
682,Stonehill,2025,9,Hannah Bickford,Hannah Bickford,Bickford,Hannah,So,M,,,17.0,7.0,,6.0,,,2.0,,,0.0,15.0,
682,Stonehill,2025,22,Ailish Kilbride,Ailish Kilbride,Kilbride,Ailish,So,B,,,2.0,0.0,,,,1.0,,,,0.0,,
682,Stonehill,2025,2,Maia Kimball,Maia Kimball,Kimball,Maia,So,F,,,10.0,2.0,1.0,2.0,,,,,1.0,3.0,7.0,
682,Stonehill,2025,13,Jill Miller,Jill Miller,Miller,Jill,So,B,,,17.0,7.0,,2.0,,,1.0,,,0.0,2.0,1.0
682,Stonehill,2025,18,Ellia Delisle,Ellia Delisle,Delisle,Ellia,Fr,F,,,3.0,0.0,1.0,,,,,,,2.0,1.0,
682,Stonehill,2025,10,Olivia Prior,Olivia Prior,Prior,Olivia,Fr,M,,,18.0,6.0,,7.0,,,,,,0.0,3.0,
682,Stonehill,2025,8,Sadie Elion,Sadie Elion,Elion,Sadie,Fr,F,,,15.0,1.0,1.0,,,,,,,2.0,4.0,
682,Stonehill,2025,11,Skylar Fiske,Skylar Fiske,Fiske,Skylar,Fr,B,,,18.0,17.0,,5.0,,,1.0,,,0.0,,
682,Stonehill,2025,16,Havana De Roeck,Havana De Roeck,Roeck,Havana,Fr,F,,,18.0,17.0,5.0,12.0,,,2.0,,1.0,11.0,42.0,
682,Stonehill,2025,21,Isa Houben,Isa Houben,Houben,Isa,Fr,M,,,18.0,18.0,2.0,6.0,,1.0,1.0,,2.0,6.0,8.0,
688,Syracuse,2025,12,Lotti Knights,Lotti Knights,Knights,Lotti,Sr,B,,,20.0,19.0,,,,,1.0,,,0.0,1.0,
688,Syracuse,2025,16,Bo van Kempen,Bo van Kempen,Kempen,Bo,Sr,B,,,20.0,20.0,23.0,,,1.0,1.0,,7.0,53.0,81.0,4.0
688,Syracuse,2025,18,Danique Schuurman,Danique Schuurman,Schuurman,Danique,Sr,B,,,20.0,19.0,5.0,,,,,,2.0,12.0,21.0,1.0
688,Syracuse,2025,21,Ally Snyder,Ally Snyder,Snyder,Ally,Fr,F,,,20.0,0.0,4.0,,,,,,,8.0,10.0,
688,Syracuse,2025,3,Henni Nation,Henni Nation,Nation,Henni,Fr,M,,,19.0,1.0,,,,,1.0,,2.0,2.0,5.0,
688,Syracuse,2025,7,Bo Madden,Bo Madden,Madden,Bo,Jr,M,,,20.0,20.0,,,,,4.0,,2.0,2.0,6.0,
688,Syracuse,2025,6,Lieke Leeggangers,Lieke Leeggangers,Leeggangers,Lieke,Sr,M,,,20.0,19.0,3.0,,,,1.0,,,6.0,24.0,
688,Syracuse,2025,5,Sarah Smalley,Sarah Smalley,Smalley,Sarah,Jr,F,,,13.0,0.0,,,,,,,,0.0,3.0,
688,Syracuse,2025,22,Grace O'Connor,Grace O'Connor,O'Connor,Grace,Jr,B,,,16.0,0.0,,,,,,,,0.0,,1.0
688,Syracuse,2025,9,Catalina Pravda,Catalina Pravda,Pravda,Catalina,So,M,,,5.0,0.0,,,,,,,,0.0,3.0,
688,Syracuse,2025,8,Aiden Drabick,Aiden Drabick,Drabick,Aiden,Sr,M,,,20.0,19.0,,,,,3.0,,3.0,3.0,12.0,
688,Syracuse,2025,17,Pati Strunk,Pati Strunk,Strunk,Pati,Sr,F,,,20.0,20.0,2.0,,,,,,23.0,27.0,8.0,2.0
688,Syracuse,2025,19,Lana Hamilton,Lana Hamilton,Hamilton,Lana,Sr,M,,,20.0,4.0,1.0,,,1.0,1.0,,14.0,16.0,11.0,
688,Syracuse,2025,13,Liz Stange,Liz Stange,Stange,Liz,Sr,F,,,17.0,15.0,2.0,,,1.0,3.0,,9.0,13.0,17.0,
688,Syracuse,2025,20,Karsin Beatty,Karsin Beatty,Beatty,Karsin,Fr,M,,,16.0,0.0,2.0,,,,,,,4.0,4.0,
688,Syracuse,2025,2,Taylor Bigbie,Taylor Bigbie,Bigbie,Taylor,Fr,F,,,20.0,1.0,,,,2.0,,,,0.0,17.0,
688,Syracuse,2025,15,Sammie Goin,Sammie Goin,Goin,Sammie,Fr,M,,,17.0,0.0,1.0,,,,,,1.0,3.0,8.0,
688,Syracuse,2025,28,Aubrey Turner,Aubrey Turner,Turner,Aubrey,Fr,F,,,20.0,20.0,7.0,,,1.0,,,4.0,18.0,32.0,
688,Syracuse,2025,4,Hattie Madden,Hattie Madden,Madden,Hattie,Jr,F,,,20.0,20.0,9.0,,,,3.0,,1.0,19.0,32.0,
690,Temple,2025,27,Rozlyn Maciejewski,Rozlyn Maciejewski,Maciejewski,Rozlyn,So,B,,,18.0,0.0,2.0,1.0,,1.0,,,,4.0,2.0,
690,Temple,2025,18,Bella Dell'Oso,Bella Dell'Oso,Dell'Oso,Bella,Jr,F,,,8.0,0.0,,1.0,,,,,,0.0,,
690,Temple,2025,9,Lina Neilson,Lina Neilson,Neilson,Lina,Sr,M,,,18.0,7.0,,,,,,,2.0,2.0,4.0,
690,Temple,2025,32,Riley Gallagher,Riley Gallagher,Gallagher,Riley,Jr,M,,,17.0,0.0,2.0,2.0,,1.0,1.0,,,4.0,6.0,
690,Temple,2025,24,Reagan Stauts,Reagan Stauts,Stauts,Reagan,So,B,,,13.0,0.0,,1.0,,,,,,0.0,,
690,Temple,2025,20,Mathea Lassalle,Mathea Lassalle,Lassalle,Mathea,Jr,F,,,18.0,16.0,6.0,6.0,,,3.0,,2.0,14.0,39.0,
690,Temple,2025,1,Marsha Ariesen,Marsha Ariesen,Ariesen,Marsha,So,M,,,14.0,13.0,1.0,4.0,,,,,5.0,7.0,11.0,1.0
690,Temple,2025,25,Isabella Pisano,Isabella Pisano,Pisano,Isabella,Jr,M,,,18.0,0.0,2.0,4.0,,,1.0,,1.0,5.0,12.0,
690,Temple,2025,15,Minke Stoker,Minke Stoker,Stoker,Minke,So,B,,,18.0,18.0,,1.0,,,,,,0.0,1.0,
690,Temple,2025,5,Peyton Rieger,Peyton Rieger,Rieger,Peyton,Sr,M,,,18.0,18.0,10.0,3.0,,,,,7.0,27.0,30.0,
690,Temple,2025,26,Halle Aschenbach,Halle Aschenbach,Aschenbach,Halle,Sr,M,,,18.0,17.0,,3.0,,,1.0,,3.0,3.0,5.0,
690,Temple,2025,14,Agustina Tucceri,Agustina Tucceri,Tucceri,Agustina,Sr,M,,,18.0,18.0,2.0,12.0,,,3.0,,4.0,8.0,28.0,
690,Temple,2025,2,Kathryn Gauvin,Kathryn Gauvin,Gauvin,Kathryn,Fr,F,,,18.0,18.0,5.0,6.0,,1.0,2.0,,2.0,12.0,25.0,
690,Temple,2025,4,Izzy Vickery,Izzy Vickery,Vickery,Izzy,Fr,M,,,14.0,0.0,,3.0,,,,,,0.0,3.0,
690,Temple,2025,22,Mara Lenting,Mara Lenting,Lenting,Mara,Fr,M,,,18.0,18.0,4.0,9.0,,,1.0,,6.0,14.0,18.0,1.0
690,Temple,2025,31,Madison Logan,Madison Logan,Logan,Madison,Fr,,,,10.0,0.0,,3.0,,,,,,0.0,1.0,
690,Temple,2025,12,Emmie Goldberg,Emmie Goldberg,Goldberg,Emmie,Fr,F,,,8.0,0.0,,,,,,,,0.0,1.0,
690,Temple,2025,21,Lise Korver,Lise Korver,Korver,Lise,Fr,,,,15.0,0.0,2.0,,,,,,,4.0,2.0,
690,Temple,2025,17,Lucia Magro,Lucia Magro,Magro,Lucia,Fr,M,,,18.0,17.0,9.0,5.0,,1.0,2.0,,2.0,20.0,43.0,
690,Temple,2025,7,Amanda Martin,Amanda Martin,Martin,Amanda,Fr,F,,,15.0,0.0,,,,,,,2.0,2.0,4.0,
690,Temple,2025,10,Lonneke Kerkhof,Lonneke Kerkhof,Kerkhof,Lonneke,Fr,B,,,18.0,18.0,1.0,3.0,,,,,,2.0,11.0,1.0
711,Towson,2025,22,Olivia Miller,Olivia Miller,Miller,Olivia,So,M,,,18.0,18.0,1.0,,,3.0,1.0,,2.0,4.0,19.0,
711,Towson,2025,33,Megan Popp,Megan Popp,Popp,Megan,Sr,M,,,18.0,18.0,,,,,,,1.0,1.0,17.0,
711,Towson,2025,13,Lydia Bennett,Lydia Bennett,Bennett,Lydia,Jr,F,,,18.0,17.0,2.0,,,,,,,4.0,17.0,4.0
711,Towson,2025,21,Anouk Westerink,Anouk Westerink,Westerink,Anouk,So,F,,,18.0,18.0,4.0,,,,2.0,,1.0,9.0,30.0,1.0
711,Towson,2025,5,Tatum Dobbins,Tatum Dobbins,Dobbins,Tatum,Sr,F,,,13.0,8.0,1.0,,,,1.0,,,2.0,6.0,
711,Towson,2025,10,Gianna Tripodi,Gianna Tripodi,Tripodi,Gianna,So,M,,,10.0,1.0,,,,,1.0,,,0.0,2.0,
711,Towson,2025,8,Ella Kaufman,Ella Kaufman,Kaufman,Ella,Sr,M,,,18.0,18.0,4.0,,,,,,2.0,10.0,42.0,
711,Towson,2025,23,Grace Conklin,Grace Conklin,Conklin,Grace,So,B,,,10.0,0.0,,,,1.0,1.0,,,0.0,2.0,
711,Towson,2025,14,Paige Miller,Paige Miller,Miller,Paige,Sr,M,,,15.0,0.0,,,,1.0,,,,0.0,,
711,Towson,2025,29,Roos Wiarda,Roos Wiarda,Wiarda,Roos,So,B,,,18.0,15.0,1.0,,,,,,1.0,3.0,7.0,2.0
711,Towson,2025,31,Dakotah Trader,Dakotah Trader,Trader,Dakotah,So,F,,,18.0,14.0,4.0,,,1.0,,,2.0,10.0,25.0,
711,Towson,2025,25,Olivia Handelong,Olivia Handelong,Handelong,Olivia,Jr,B,,,18.0,8.0,,,,1.0,,,1.0,1.0,1.0,
711,Towson,2025,11,Bailey Masten,Bailey Masten,Masten,Bailey,Fr,M,,,18.0,14.0,1.0,,,1.0,,,1.0,3.0,11.0,
711,Towson,2025,2,Ava McConnell,Ava McConnell,McConnell,Ava,Fr,M,,,11.0,0.0,1.0,,,,,,,2.0,2.0,
711,Towson,2025,32,Arden Hunteman,Arden Hunteman,Hunteman,Arden,Jr,F,,,18.0,13.0,3.0,,,,2.0,,4.0,10.0,17.0,
711,Towson,2025,9,Rosemarie Staal,Rosemarie Staal,Staal,Rosemarie,So,M,,,18.0,18.0,4.0,,,1.0,2.0,,3.0,11.0,25.0,
711,Towson,2025,16,Alaina Lomonaco,Alaina Lomonaco,Lomonaco,Alaina,Fr,F,,,15.0,0.0,1.0,,,,,,,2.0,4.0,
14,UAlbany,2025,7,Indy van Ek,Indy van Ek,Ek,Indy,Sr,M,,,19.0,19.0,4.0,,,,,,4.0,12.0,18.0,
14,UAlbany,2025,14,Lillian Willis,Lillian Willis,Willis,Lillian,Fr,F,,,19.0,16.0,1.0,,,,1.0,,4.0,6.0,11.0,
14,UAlbany,2025,17,Pilar Lorenzini,Pilar Lorenzini,Lorenzini,Pilar,Jr,B,,,19.0,19.0,12.0,,,,2.0,,1.0,25.0,53.0,
14,UAlbany,2025,4,Jenna Zunic,Jenna Zunic,Zunic,Jenna,Sr,B,,,15.0,14.0,2.0,,,,,,3.0,7.0,7.0,1.0
14,UAlbany,2025,6,Rylee Zunic,Rylee Zunic,Zunic,Rylee,Sr,F,,,17.0,1.0,,,,,,,1.0,1.0,3.0,
14,UAlbany,2025,11,Mara Küskes,Mara Küskes,Küskes,Mara,Jr,B,,,19.0,19.0,5.0,,,,1.0,,8.0,18.0,39.0,2.0
14,UAlbany,2025,3,Sophia Schoonmaker,Sophia Schoonmaker,Schoonmaker,Sophia,Sr,F,,,19.0,19.0,1.0,,,,,,3.0,5.0,17.0,
14,UAlbany,2025,20,Emma Staron,Emma Staron,Staron,Emma,Jr,M,,,19.0,19.0,5.0,,,,,,2.0,12.0,10.0,
14,UAlbany,2025,23,Tessa Overgoor,Tessa Overgoor,Overgoor,Tessa,So,M,,,19.0,19.0,10.0,,,,3.0,,4.0,24.0,52.0,
14,UAlbany,2025,5,Sarah Salameh,Sarah Salameh,Salameh,Sarah,So,M,,,17.0,3.0,2.0,,,,,,,4.0,5.0,
14,UAlbany,2025,9,Jette Kurz,Jette Kurz,Kurz,Jette,Fr,F,,,19.0,18.0,10.0,,,2.0,1.0,,2.0,22.0,36.0,
14,UAlbany,2025,10,Olivia Bell,Olivia Bell,Bell,Olivia,Sr,M,,,19.0,19.0,,,,,1.0,,9.0,9.0,10.0,
14,UAlbany,2025,16,Mathilda Prada,Mathilda Prada,Prada,Mathilda,Fr,B,,,19.0,5.0,,,,,,,,0.0,3.0,
14,UAlbany,2025,26,Samantha Siter,Samantha Siter,Siter,Samantha,Fr,M,,,17.0,0.0,,,,,1.0,,,0.0,3.0,
108,UC Davis,2025,5,Morgan Caldera,Morgan Caldera,Caldera,Morgan,Jr,M,,,16.0,15.0,4.0,,,,1.0,,,8.0,7.0,
108,UC Davis,2025,7,Beth Munro-Morris,Beth Munro-Morris,Munro-Morris,Beth,Sr,M,,,16.0,15.0,2.0,,,,3.0,,5.0,9.0,24.0,
108,UC Davis,2025,12,Larissa Roldan,Larissa Roldan,Roldan,Larissa,So,M,,,16.0,3.0,,,,,,,,0.0,4.0,
108,UC Davis,2025,4,Ella Franken,Ella Franken,Franken,Ella,Jr,F,,,16.0,16.0,8.0,,,1.0,,,5.0,21.0,41.0,2.0
108,UC Davis,2025,9,Katie Kim,Katie Kim,Kim,Katie,Jr,F,,,16.0,16.0,1.0,,,1.0,,,4.0,6.0,11.0,
108,UC Davis,2025,15,Emilie Lee,Emilie Lee,Lee,Emilie,Sr,M,,,16.0,2.0,,,,,,,1.0,1.0,5.0,
108,UC Davis,2025,1,Molly Main,Molly Main,Main,Molly,Jr,F,,,16.0,6.0,,,,,,,1.0,1.0,2.0,
108,UC Davis,2025,10,Emma Robbins,Emma Robbins,Robbins,Emma,So,B,,,10.0,0.0,,,,,,,,0.0,,1.0
108,UC Davis,2025,17,Jamie Dempsey,Jamie Dempsey,Dempsey,Jamie,So,B,,,13.0,4.0,,,,,,,1.0,1.0,7.0,
108,UC Davis,2025,13,Elle Louise Kocmond,Elle Louise Kocmond,Kocmond,Elle,So,M,,,10.0,7.0,,,,,,,1.0,1.0,,
108,UC Davis,2025,8,Hayden Ma,Hayden Ma,Ma,Hayden,Sr,M,,,16.0,16.0,2.0,,,,,,3.0,7.0,10.0,
108,UC Davis,2025,24,Karly Redman,Karly Redman,Redman,Karly,Jr,F,,,16.0,16.0,8.0,,,,1.0,,,16.0,27.0,
108,UC Davis,2025,2,Sutton van Dyk,Sutton van Dyk,Dyk,Sutton,Fr,M,,,16.0,13.0,,,,,2.0,,1.0,1.0,4.0,
108,UC Davis,2025,20,Cosette Karleski,Cosette Karleski,Karleski,Cosette,Fr,M,,,6.0,0.0,,,,,,,,0.0,2.0,
108,UC Davis,2025,14,Linnea Liljenstrand-Mjoen,Linnea Liljenstrand-Mjoen,Liljenstrand-Mjoen,Linnea,Fr,F,,,16.0,5.0,1.0,,,1.0,,,,2.0,3.0,
108,UC Davis,2025,6,Emma Wood,Emma Wood,Wood,Emma,Fr,B,,,13.0,9.0,,,,,,,,0.0,2.0,
108,UC Davis,2025,23,Clare Torres,Clare Torres,Torres,Clare,Fr,F,,,9.0,0.0,,,,,,,,0.0,2.0,
164,UConn,2025,19,Emma Larit,Emma Larit,Larit,Emma,Fr,,,,18.0,0.0,1.0,,,,2.0,,,2.0,6.0,
164,UConn,2025,20,Lene Bunjes,Lene Bunjes,Bunjes,Lene,Fr,,,,21.0,10.0,5.0,,,,3.0,,,10.0,27.0,
164,UConn,2025,29,Pien Prins,Pien Prins,Prins,Pien,Fr,,,,21.0,18.0,7.0,,,,2.0,,1.0,15.0,28.0,3.0
164,UConn,2025,4,Zita Grigoleit,Zita Grigoleit,Grigoleit,Zita,Fr,,,,21.0,19.0,1.0,,,,1.0,,5.0,7.0,5.0,1.0
164,UConn,2025,23,Juana Garcia,Juana Garcia,Garcia,Juana,Sr,F,,,21.0,21.0,,,,,2.0,,3.0,3.0,2.0,
164,UConn,2025,14,Sol Simone,Sol Simone,Simone,Sol,Sr,M,,,20.0,20.0,3.0,,,,2.0,,13.0,19.0,18.0,
164,UConn,2025,7,Olivia McKenna,Olivia McKenna,McKenna,Olivia,So,,,,21.0,20.0,2.0,,,,,,2.0,6.0,14.0,
164,UConn,2025,6,Paige Keller,Paige Keller,Keller,Paige,So,M,,,10.0,0.0,,,,,,,,0.0,1.0,
164,UConn,2025,9,Milaw Clause,Milaw Clause,Clause,Milaw,So,M,,,7.0,7.0,,,,,,,,0.0,3.0,1.0
164,UConn,2025,24,Jasmijn Damman,Jasmijn Damman,Damman,Jasmijn,Sr,M,,,19.0,16.0,,,,1.0,1.0,,,0.0,1.0,
164,UConn,2025,22,Abby Davidson,Abby Davidson,Davidson,Abby,Fr,,,,21.0,4.0,3.0,,,,1.0,,,6.0,23.0,
164,UConn,2025,21,Keet Castelijn,Keet Castelijn,Castelijn,Keet,Fr,,,,12.0,0.0,,,,,,,,0.0,1.0,
164,UConn,2025,18,Olivia Donahue,Olivia Donahue,Donahue,Olivia,Jr,M,,,17.0,0.0,,,,,,,,0.0,3.0,
164,UConn,2025,17,Maia Dechario,Maia Dechario,Dechario,Maia,Sr,B,,,21.0,4.0,,,,,1.0,,,0.0,,
164,UConn,2025,12,Julia Bressler,Julia Bressler,Bressler,Julia,Sr,F,,,21.0,19.0,8.0,,,,4.0,,,16.0,56.0,
164,UConn,2025,11,Milou Heuker,Milou Heuker,Heuker,Milou,So,B,,,20.0,20.0,,1.0,,,1.0,,1.0,1.0,7.0,1.0
164,UConn,2025,25,Violeta Francese,Violeta Francese,Francese,Violeta,Sr,F,,,21.0,11.0,2.0,,,,5.0,,,4.0,13.0,
164,UConn,2025,10,Fien Hollander,Fien Hollander,Hollander,Fien,So,B,,,20.0,17.0,4.0,,,,2.0,,1.0,9.0,22.0,
368,UMass Lowell,2025,6,Rena Pistilli,Rena Pistilli,Pistilli,Rena,Fr,M,,,17.0,17.0,4.0,,,,2.0,,6.0,14.0,10.0,2.0
368,UMass Lowell,2025,17,Aurise Tattrie,Aurise Tattrie,Tattrie,Aurise,Sr,M,,,18.0,18.0,1.0,2.0,,,1.0,,,2.0,1.0,1.0
368,UMass Lowell,2025,10,Helena Herlocher,Helena Herlocher,Herlocher,Helena,Fr,M,,,4.0,0.0,1.0,,,,,,,2.0,1.0,
368,UMass Lowell,2025,12,Alexa Guarneri,Alexa Guarneri,Guarneri,Alexa,Fr,M,,,18.0,1.0,2.0,,,,,,,4.0,9.0,
368,UMass Lowell,2025,23,Jaedyn Scarlatos,Jaedyn Scarlatos,Scarlatos,Jaedyn,So,B,,,10.0,2.0,1.0,,,,,,,2.0,4.0,
368,UMass Lowell,2025,24,Haley Wernig,Haley Wernig,Wernig,Haley,Fr,F,,,17.0,6.0,2.0,1.0,,,,,2.0,6.0,2.0,
368,UMass Lowell,2025,8,Ava Clarke,Ava Clarke,Clarke,Ava,Sr,F,,,18.0,11.0,5.0,1.0,,,,,,10.0,22.0,
368,UMass Lowell,2025,11,Cate Kleeman,Cate Kleeman,Kleeman,Cate,Sr,B,,,18.0,17.0,,1.0,,,1.0,,1.0,1.0,,
368,UMass Lowell,2025,1,Christina Wagner,Christina Wagner,Wagner,Christina,Jr,F,,,18.0,11.0,1.0,4.0,,,1.0,,3.0,5.0,10.0,
368,UMass Lowell,2025,4,Florine Gerrits,Florine Gerrits,Gerrits,Florine,Jr,F,,,18.0,17.0,2.0,5.0,,1.0,,,5.0,9.0,16.0,
368,UMass Lowell,2025,3,Karli Penrod,Karli Penrod,Penrod,Karli,Jr,M,,,12.0,12.0,5.0,1.0,,,,,,10.0,21.0,
368,UMass Lowell,2025,7,Karlijn Kerkhof,Karlijn Kerkhof,Kerkhof,Karlijn,So,,,,18.0,17.0,14.0,3.0,,2.0,4.0,,9.0,37.0,77.0,1.0
368,UMass Lowell,2025,9,Madison Leeper,Madison Leeper,Leeper,Madison,Sr,F,,,18.0,18.0,8.0,1.0,,,1.0,,6.0,22.0,27.0,
368,UMass Lowell,2025,2,Kathryn Guertin,Kathryn Guertin,Guertin,Kathryn,Jr,B,,,1.0,0.0,1.0,,,,,,,2.0,3.0,
368,UMass Lowell,2025,19,Audrey CARTER,Audrey CARTER,CARTER,Audrey,So,,,,15.0,7.0,1.0,,,,,,1.0,3.0,13.0,
368,UMass Lowell,2025,5,Lindsey McGURL,Lindsey McGURL,McGURL,Lindsey,So,,,,14.0,1.0,,,,,,,,0.0,6.0,
368,UMass Lowell,2025,25,Holly Beckinsale,Holly Beckinsale,Beckinsale,Holly,Fr,M,,,12.0,1.0,1.0,,,,3.0,,2.0,4.0,6.0,
368,UMass Lowell,2025,18,Alice Van Hemelen,Alice Van Hemelen,Hemelen,Alice,Jr,,,,18.0,18.0,5.0,,,,1.0,,4.0,14.0,37.0,
740,VCU,2025,14,Emily Foerster,Emily Foerster,Foerster,Emily,Fr,,,,16.0,13.0,3.0,,,1.0,1.0,,,6.0,15.0,
740,VCU,2025,10,Lina Behrmann,Lina Behrmann,Behrmann,Lina,Fr,,,,18.0,18.0,3.0,,,,1.0,,15.0,21.0,11.0,
740,VCU,2025,11,Angelina Gandos,Angelina Gandos,Gandos,Angelina,Fr,,,,18.0,18.0,1.0,,,,1.0,,7.0,9.0,6.0,
740,VCU,2025,23,Morena Macera,Morena Macera,Macera,Morena,Sr,,,,18.0,18.0,17.0,2.0,,1.0,4.0,,5.0,39.0,72.0,
740,VCU,2025,5,Cameron Butler,Cameron Butler,Butler,Cameron,So,,,,10.0,0.0,1.0,,,,,,,2.0,2.0,
740,VCU,2025,6,Mackenzie White,Mackenzie White,White,Mackenzie,Jr,,,,18.0,18.0,3.0,,,,3.0,,1.0,7.0,15.0,
740,VCU,2025,13,Lotje Aalderink,Lotje Aalderink,Aalderink,Lotje,So,,,,18.0,18.0,1.0,,,,1.0,,3.0,5.0,24.0,
740,VCU,2025,17,Carley Deaver,Carley Deaver,Deaver,Carley,Jr,,,,18.0,2.0,1.0,,,,,,,2.0,9.0,
740,VCU,2025,22,Ana Afonso Osorio,Ana Afonso Osorio,Osorio,Ana,So,,,,16.0,16.0,6.0,,,2.0,1.0,,1.0,13.0,16.0,1.0
740,VCU,2025,21,Josephine Jense,Josephine Jense,Jense,Josephine,Sr,,,,18.0,18.0,3.0,1.0,,1.0,1.0,,1.0,7.0,25.0,
740,VCU,2025,9,Amelia Wagner,Amelia Wagner,Wagner,Amelia,So,,,,7.0,0.0,,,,,,,,0.0,1.0,
740,VCU,2025,8,Manuela Secondo,Manuela Secondo,Secondo,Manuela,Jr,,,,18.0,15.0,,,,,1.0,,1.0,1.0,9.0,
740,VCU,2025,2,Callie Dieffenbacher,Callie Dieffenbacher,Dieffenbacher,Callie,So,,,,18.0,12.0,,,,,1.0,,,0.0,4.0,
740,VCU,2025,12,Josefina Ventimiglia,Josefina Ventimiglia,Ventimiglia,Josefina,Jr,,,,15.0,13.0,1.0,,,,2.0,,9.0,11.0,18.0,
738,Vermont,2025,23,Klara Mikulaskova,Klara Mikulaskova,Mikulaskova,Klara,Jr,B,,,14.0,10.0,,,,,,,2.0,2.0,10.0,
738,Vermont,2025,10,Gabriella Santini,Gabriella Santini,Santini,Gabriella,Fr,M,,,19.0,17.0,2.0,,,1.0,4.0,,1.0,5.0,12.0,
738,Vermont,2025,12,Veerle Nijhuis,Veerle Nijhuis,Nijhuis,Veerle,Fr,M,,,19.0,19.0,7.0,,,,5.0,,2.0,16.0,39.0,
738,Vermont,2025,5,Isi McMahon,Isi McMahon,McMahon,Isi,Fr,F,,,19.0,1.0,1.0,,,,,,,2.0,6.0,
738,Vermont,2025,19,Maddy Weaver,Maddy Weaver,Weaver,Maddy,Jr,M,,,19.0,18.0,3.0,,,1.0,2.0,,2.0,8.0,4.0,
738,Vermont,2025,7,Lara Cleophas,Lara Cleophas,Cleophas,Lara,So,M,,,19.0,13.0,,,,,1.0,,1.0,1.0,5.0,
738,Vermont,2025,6,Fiona McMahon,Fiona McMahon,McMahon,Fiona,Fr,M,,,19.0,19.0,,,,2.0,,,4.0,4.0,1.0,
738,Vermont,2025,13,Abby Wilber,Abby Wilber,Wilber,Abby,Jr,B,,,15.0,7.0,,,,,1.0,,1.0,1.0,6.0,2.0
738,Vermont,2025,20,Addie DelOrefice,Addie DelOrefice,DelOrefice,Addie,So,M,,,19.0,17.0,3.0,,,,2.0,,1.0,7.0,31.0,
738,Vermont,2025,11,Alicia Battistelli,Alicia Battistelli,Battistelli,Alicia,Jr,M,,,19.0,6.0,9.0,,,,1.0,,2.0,20.0,31.0,
738,Vermont,2025,21,Consu de Castro,Consu de Castro,Castro,Consu,Jr,F,,,19.0,19.0,7.0,,,,4.0,,3.0,17.0,41.0,
738,Vermont,2025,9,Emily Weaver,Emily Weaver,Weaver,Emily,Fr,F,,,13.0,0.0,,,,,,,,0.0,2.0,
738,Vermont,2025,16,Maddie Priestly,Maddie Priestly,Priestly,Maddie,Sr,F,,,19.0,14.0,5.0,,,1.0,1.0,,2.0,12.0,20.0,
738,Vermont,2025,22,Mora Fernandez De Oliveira,Mora Fernandez De Oliveira,Oliveira,Mora,Sr,F,,,19.0,8.0,,,,1.0,2.0,,5.0,5.0,9.0,
738,Vermont,2025,15,Sophia Lefranc,Sophia Lefranc,Lefranc,Sophia,Sr,M,,,17.0,16.0,7.0,,,1.0,2.0,,8.0,22.0,44.0,1.0
739,Villanova,2025,1,Ava Borkowski,Ava Borkowski,Borkowski,Ava,Sr,F,,,18.0,17.0,9.0,1.0,,,1.0,,,18.0,37.0,
739,Villanova,2025,10,Aimee Largoza,Aimee Largoza,Largoza,Aimee,Fr,F,,,18.0,0.0,1.0,,,,,,,2.0,5.0,
739,Villanova,2025,4,Ashton Odiorne,Ashton Odiorne,Odiorne,Ashton,Sr,B,,,18.0,18.0,,,,,,,,0.0,4.0,
739,Villanova,2025,26,Erin Mitchell,Erin Mitchell,Mitchell,Erin,Fr,M,,,18.0,5.0,3.0,,,,,,,6.0,7.0,
739,Villanova,2025,44,Carey Werley,Carey Werley,Werley,Carey,Jr,B,,,16.0,0.0,,,,,1.0,,2.0,2.0,3.0,
739,Villanova,2025,22,Gemma Lysaght,Gemma Lysaght,Lysaght,Gemma,Jr,B,,,18.0,18.0,2.0,,,,,,4.0,8.0,42.0,1.0
739,Villanova,2025,7,Maeve Boston,Maeve Boston,Boston,Maeve,Jr,M,,,18.0,17.0,,,,1.0,1.0,,1.0,1.0,4.0,
739,Villanova,2025,6,Evelyn O'Neill,Evelyn O'Neill,O'Neill,Evelyn,Sr,M,,,18.0,1.0,1.0,,,,1.0,,,2.0,4.0,
739,Villanova,2025,23,Barrett Trigg,Barrett Trigg,Trigg,Barrett,Sr,F,,,18.0,18.0,1.0,,,,,,2.0,4.0,9.0,
739,Villanova,2025,9,Esmee de Lange,Esmee de Lange,Lange,Esmee,So,M,,,17.0,5.0,,,,,2.0,,,0.0,,
739,Villanova,2025,3,Jane Bresnahan,Jane Bresnahan,Bresnahan,Jane,Jr,M,,,18.0,17.0,,,,,4.0,,1.0,1.0,1.0,
739,Villanova,2025,13,Avery Ritt,Avery Ritt,Ritt,Avery,So,M,,,11.0,0.0,,,,,,,,0.0,1.0,
739,Villanova,2025,17,Molly Zimmerman,Molly Zimmerman,Zimmerman,Molly,So,B,,,18.0,17.0,,,,,1.0,,4.0,4.0,5.0,
739,Villanova,2025,20,Eileen Mazzaro,Eileen Mazzaro,Mazzaro,Eileen,Sr,F,,,18.0,1.0,1.0,,,,,,1.0,3.0,8.0,
739,Villanova,2025,32,Colleen Finnan,Colleen Finnan,Finnan,Colleen,Jr,F,,,18.0,17.0,5.0,,,,1.0,,4.0,14.0,23.0,
739,Villanova,2025,8,Addie Froehlich,Addie Froehlich,Froehlich,Addie,Jr,B,,,14.0,13.0,2.0,,,,1.0,,3.0,7.0,18.0,1.0
746,Virginia,2025,2,Mia Abello,Mia Abello,Abello,Mia,Jr,B,,,19.0,19.0,9.0,,,,,,2.0,20.0,34.0,1.0
746,Virginia,2025,5,Catalina Quinteros,Catalina Quinteros,Quinteros,Catalina,So,M,,,19.0,0.0,4.0,,,,,,,8.0,8.0,
746,Virginia,2025,10,Amelie Rees,Amelie Rees,Rees,Amelie,So,M,,,19.0,11.0,2.0,,,,3.0,,1.0,5.0,10.0,
746,Virginia,2025,8,Caroline Nemec,Caroline Nemec,Nemec,Caroline,Sr,M,,,19.0,16.0,4.0,,,,1.0,,,8.0,8.0,
746,Virginia,2025,9,Madison Orsi,Madison Orsi,Orsi,Madison,Sr,M,,,19.0,19.0,1.0,,,,,,1.0,3.0,7.0,
746,Virginia,2025,18,Sloan Davidson,Sloan Davidson,Davidson,Sloan,Sr,M,,,19.0,15.0,1.0,,,,2.0,,3.0,5.0,7.0,
746,Virginia,2025,6,Lauren Kenah,Lauren Kenah,Kenah,Lauren,Sr,M,,,19.0,19.0,,,,,1.0,,5.0,5.0,3.0,
746,Virginia,2025,23,Emma Watchilla,Emma Watchilla,Watchilla,Emma,Jr,M,,,19.0,18.0,5.0,,,,,,2.0,12.0,36.0,
746,Virginia,2025,19,Isabella Moore,Isabella Moore,Moore,Isabella,Fr,M,,,18.0,18.0,2.0,,,,1.0,,,4.0,4.0,2.0
746,Virginia,2025,16,Mary Adams,Mary Adams,Adams,Mary,Fr,M,,,19.0,6.0,4.0,,,,3.0,,2.0,10.0,15.0,
746,Virginia,2025,13,Suze Leemans,Suze Leemans,Leemans,Suze,Sr,M,,,19.0,19.0,5.0,,,1.0,4.0,,5.0,15.0,37.0,1.0
746,Virginia,2025,11,Rylee Dennis,Rylee Dennis,Dennis,Rylee,Fr,B,,,19.0,3.0,1.0,,,1.0,3.0,,,2.0,7.0,
746,Virginia,2025,14,Frederique Vernooij,Frederique Vernooij,Vernooij,Frederique,Fr,F,,,16.0,0.0,2.0,,,,,,1.0,5.0,7.0,
746,Virginia,2025,7,Lauren Sloan,Lauren Sloan,Sloan,Lauren,Fr,B,,,19.0,19.0,1.0,,,,,,6.0,8.0,19.0,
746,Virginia,2025,3,Riley Savage,Riley Savage,Savage,Riley,Fr,F,,,19.0,3.0,3.0,,,,1.0,,2.0,8.0,8.0,
746,Virginia,2025,4,Caroline Raynes,Caroline Raynes,Raynes,Caroline,Fr,F,,,1.0,0.0,1.0,,,,,,,2.0,1.0,
746,Virginia,2025,17,Cassidy Thibodeau,Cassidy Thibodeau,Thibodeau,Cassidy,Sr,M,,,15.0,0.0,,,,,,,,0.0,1.0,
748,Wagner,2025,12,Riahna Pollard,Riahna Pollard,Pollard,Riahna,Fr,B,,,16.0,0.0,,,,,,,,0.0,5.0,
748,Wagner,2025,21,Julie Povel,Julie Povel,Povel,Julie,Fr,F,,,20.0,15.0,2.0,1.0,,,,,3.0,7.0,23.0,
748,Wagner,2025,14,Noor van Duin,Noor van Duin,Duin,Noor,Fr,M,,,20.0,20.0,1.0,,,,1.0,,,2.0,9.0,
748,Wagner,2025,15,Felicitas Herrero,Felicitas Herrero,Herrero,Felicitas,Jr,F,,,17.0,9.0,6.0,,,,1.0,,,12.0,15.0,
748,Wagner,2025,19,Kayla Sykes,Kayla Sykes,Sykes,Kayla,Fr,M,,,15.0,1.0,1.0,,,,,,,2.0,7.0,
748,Wagner,2025,25,Victoria Gonzalez-Lopez,Victoria Gonzalez-Lopez,Gonzalez-Lopez,Victoria,Jr,F,,,20.0,12.0,1.0,2.0,,1.0,2.0,,3.0,5.0,10.0,
748,Wagner,2025,35,Julia de Leeuw,Julia de Leeuw,Leeuw,Julia,Fr,B,,,20.0,19.0,5.0,,,,,,2.0,12.0,42.0,3.0
748,Wagner,2025,5,Juliana Gonzales,Juliana Gonzales,Gonzales,Juliana,Fr,F,,,12.0,0.0,1.0,,,,,,,2.0,1.0,
748,Wagner,2025,6,Victoria Bruno,Victoria Bruno,Bruno,Victoria,Jr,F,,,20.0,1.0,1.0,,,,,,,2.0,4.0,
748,Wagner,2025,16,Abby Reenock,Abby Reenock,Reenock,Abby,Sr,F,,,14.0,5.0,,,,,1.0,,1.0,1.0,1.0,
748,Wagner,2025,4,Floortje Leunisse,Floortje Leunisse,Leunisse,Floortje,Jr,F,,,20.0,20.0,9.0,4.0,,1.0,4.0,,6.0,24.0,71.0,
748,Wagner,2025,1,Erika Parker,Erika Parker,Parker,Erika,So,M,,,20.0,19.0,,,,1.0,1.0,,3.0,3.0,,
748,Wagner,2025,10,Hailey Bianchino,Hailey Bianchino,Bianchino,Hailey,Sr,B,,,19.0,18.0,4.0,,,1.0,3.0,,4.0,12.0,11.0,
748,Wagner,2025,2,Claire Evans,Claire Evans,Evans,Claire,Sr,B,,,20.0,20.0,,,,,1.0,,1.0,1.0,3.0,
748,Wagner,2025,17,Romy Matthies,Romy Matthies,Matthies,Romy,So,B,,,20.0,20.0,1.0,,,,1.0,,1.0,3.0,3.0,
748,Wagner,2025,24,Natalie McGivern,Natalie McGivern,McGivern,Natalie,Jr,M,,,20.0,17.0,4.0,1.0,,1.0,,,1.0,9.0,14.0,
749,Wake Forest,2025,10,Faye Janse,Faye Janse,Janse,Faye,Jr,F,,,20.0,19.0,6.0,,,1.0,2.0,,2.0,14.0,52.0,
749,Wake Forest,2025,23,Mia Schoenbeck,Mia Schoenbeck,Schoenbeck,Mia,Jr,B,,,20.0,20.0,23.0,,,,1.0,,5.0,51.0,84.0,2.0
749,Wake Forest,2025,4,Lexi Causa,Lexi Causa,Causa,Lexi,So,M,,,12.0,0.0,1.0,,,,,,,2.0,1.0,
749,Wake Forest,2025,14,Rory Heslin,Rory Heslin,Heslin,Rory,Jr,F,,,16.0,0.0,1.0,,,,1.0,,1.0,3.0,4.0,
749,Wake Forest,2025,2,Brenna Campagna,Brenna Campagna,Campagna,Brenna,So,B,,,18.0,0.0,,,,1.0,2.0,,,0.0,4.0,
749,Wake Forest,2025,21,Mia Montag,Mia Montag,Montag,Mia,So,B,,,18.0,18.0,5.0,,,,,,18.0,28.0,16.0,1.0
749,Wake Forest,2025,28,Florence Tuthill,Florence Tuthill,Tuthill,Florence,Jr,M,,,20.0,13.0,,,,1.0,,,5.0,5.0,2.0,
749,Wake Forest,2025,8,Ava Moore,Ava Moore,Moore,Ava,Jr,M,,,20.0,20.0,1.0,,,1.0,1.0,,3.0,5.0,26.0,
749,Wake Forest,2025,13,Lauren Storey,Lauren Storey,Storey,Lauren,So,F,,,16.0,15.0,14.0,,,,3.0,,6.0,34.0,79.0,
749,Wake Forest,2025,3,Sarah Grace Raynes,Sarah Grace Raynes,Raynes,Sarah,Jr,B,,,14.0,5.0,,,,,1.0,,,0.0,,
749,Wake Forest,2025,20,Lena Keller,Lena Keller,Keller,Lena,So,M,,,18.0,17.0,1.0,,,,2.0,,4.0,6.0,23.0,
749,Wake Forest,2025,22,Rachel Thetford,Rachel Thetford,Thetford,Rachel,Sr,M,,,19.0,2.0,,,,,,,3.0,3.0,13.0,
749,Wake Forest,2025,18,Amelia Frey,Amelia Frey,Frey,Amelia,Sr,M,,,20.0,10.0,4.0,,,,,,,8.0,14.0,
749,Wake Forest,2025,16,Brooke Bettencourt,Brooke Bettencourt,Bettencourt,Brooke,So,F,,,19.0,14.0,,,,,1.0,,,0.0,10.0,
749,Wake Forest,2025,36,Ellie Todd,Ellie Todd,Todd,Ellie,Sr,GK,,,19.0,19.0,,,,,1.0,,,0.0,,
749,Wake Forest,2025,15,Sarah Mudd,Sarah Mudd,Mudd,Sarah,So,F,,,20.0,1.0,9.0,,,1.0,1.0,,,18.0,20.0,
749,Wake Forest,2025,26,Logan Marthinus,Logan Marthinus,Marthinus,Logan,Fr,M,,,20.0,16.0,2.0,,,,1.0,,4.0,8.0,15.0,
749,Wake Forest,2025,6,Calista Boos,Calista Boos,Boos,Calista,Fr,,,,2.0,0.0,,,,,,,,0.0,1.0,
749,Wake Forest,2025,19,Reabetswe Phume,Reabetswe Phume,Phume,Reabetswe,Fr,M,,,20.0,20.0,,,,,1.0,,1.0,1.0,2.0,
749,Wake Forest,2025,7,Georgia Pollock,Georgia Pollock,Pollock,Georgia,Fr,M,,,20.0,1.0,,,,2.0,1.0,,3.0,3.0,9.0,
749,Wake Forest,2025,25,Alice Campbell,Alice Campbell,Campbell,Alice,Fr,M,,,19.0,5.0,,,,,,,,0.0,,1.0
786,William & Mary,2025,12,Ava Rossman,Ava Rossman,Rossman,Ava,So,F,,,17.0,13.0,1.0,,,,4.0,,,2.0,2.0,
786,William & Mary,2025,15,Eme Schmittel,Eme Schmittel,Schmittel,Eme,Sr,B,,,8.0,2.0,,,,,,,,0.0,3.0,1.0
786,William & Mary,2025,11,Amelia Morgan,Amelia Morgan,Morgan,Amelia,Sr,B,,,14.0,2.0,1.0,,,,,,1.0,3.0,11.0,
786,William & Mary,2025,22,Darcy Kopsinis,Darcy Kopsinis,Kopsinis,Darcy,So,B,,,15.0,0.0,,2.0,,,,,,0.0,,
786,William & Mary,2025,28,Erin Griffin,Erin Griffin,Griffin,Erin,Sr,M,,,17.0,17.0,1.0,2.0,,1.0,,,,2.0,4.0,
786,William & Mary,2025,20,Natasha Browning,Natasha Browning,Browning,Natasha,Sr,F,,,17.0,17.0,1.0,,,,5.0,,1.0,3.0,5.0,
786,William & Mary,2025,5,Josie Mae Gruendel,Josie Mae Gruendel,Gruendel,Josie,Jr,F,,,17.0,17.0,4.0,1.0,,2.0,4.0,,1.0,9.0,15.0,
786,William & Mary,2025,27,Emme Schwartz,Emme Schwartz,Schwartz,Emme,Sr,M,,,17.0,17.0,2.0,1.0,,,5.0,,1.0,5.0,17.0,
786,William & Mary,2025,21,Josette DeGour,Josette DeGour,DeGour,Josette,So,M,,,13.0,0.0,,,,,,,,0.0,1.0,
786,William & Mary,2025,6,Sophie Ermellini,Sophie Ermellini,Ermellini,Sophie,Jr,B,,,17.0,2.0,1.0,,,1.0,,,,2.0,5.0,
786,William & Mary,2025,4,Mackinzie Brown,Mackinzie Brown,Brown,Mackinzie,Jr,M,,,17.0,16.0,,2.0,,,,,1.0,1.0,11.0,2.0
786,William & Mary,2025,2,Gia Zarro,Gia Zarro,Zarro,Gia,Fr,F,,,12.0,1.0,,,,,,,,0.0,1.0,
786,William & Mary,2025,7,Lily Johnson,Lily Johnson,Johnson,Lily,Fr,M,,,14.0,7.0,,,,,,,,0.0,3.0,
786,William & Mary,2025,14,Alora Chappell,Alora Chappell,Chappell,Alora,Fr,M,,,17.0,1.0,,1.0,,,,,1.0,1.0,3.0,
786,William & Mary,2025,13,Anya Green,Anya Green,Green,Anya,Jr,M,,,17.0,17.0,2.0,,,1.0,,,,4.0,7.0,
786,William & Mary,2025,17,Samantha Daly,Samantha Daly,Daly,Samantha,Jr,M,,,13.0,2.0,,,,,,,,0.0,4.0,1.0
786,William & Mary,2025,24,Ellie Taylor,Ellie Taylor,Taylor,Ellie,Sr,B,,,17.0,5.0,,,,,,,,0.0,2.0,
786,William & Mary,2025,18,Ellen Ford,Ellen Ford,Ford,Ellen,Jr,M,,,17.0,17.0,,5.0,,1.0,3.0,,1.0,1.0,8.0,
813,Yale,2025,1,Kaitlyn Chang,Kaitlyn Chang,Chang,Kaitlyn,So,M,,,18.0,18.0,,1.0,,,1.0,,2.0,2.0,1.0,
813,Yale,2025,21,CC Wolf,CC Wolf,Wolf,CC,Sr,B,,,8.0,1.0,,,,,1.0,,1.0,1.0,1.0,
813,Yale,2025,17,Maddy Zavalick,Maddy Zavalick,Zavalick,Maddy,Sr,B,,,18.0,18.0,,1.0,,,1.0,,2.0,2.0,1.0,
813,Yale,2025,7,Chiara Picciafuoco,Chiara Picciafuoco,Picciafuoco,Chiara,So,F,,,18.0,18.0,2.0,4.0,,3.0,5.0,,2.0,6.0,38.0,
813,Yale,2025,13,Issy Baileff,Issy Baileff,Baileff,Issy,So,B,,,8.0,0.0,,,,1.0,,,,0.0,3.0,
813,Yale,2025,4,Hettie Whittington,Hettie Whittington,Whittington,Hettie,Jr,B,,,18.0,18.0,9.0,1.0,,,,,9.0,27.0,37.0,4.0
813,Yale,2025,20,Lauren Venter,Lauren Venter,Venter,Lauren,Sr,F,,,18.0,18.0,3.0,1.0,,,1.0,,1.0,7.0,42.0,
813,Yale,2025,11,Tabs Collier,Tabs Collier,Collier,Tabs,Jr,F,,,13.0,1.0,1.0,,,1.0,,,1.0,3.0,11.0,1.0
813,Yale,2025,5,Poppy Beales,Poppy Beales,Beales,Poppy,Sr,F,,,18.0,18.0,12.0,1.0,,,1.0,,1.0,25.0,66.0,
813,Yale,2025,9,Victoria Collee,Victoria Collee,Collee,Victoria,So,M,,,17.0,17.0,7.0,,,,2.0,,2.0,16.0,28.0,
813,Yale,2025,28,Gigi Caldero,Gigi Caldero,Caldero,Gigi,So,F,,,2.0,0.0,,,,,,,,0.0,2.0,
813,Yale,2025,8,Carys Donahoe,Carys Donahoe,Donahoe,Carys,Fr,M,,,10.0,0.0,,,,,,,,0.0,4.0,
813,Yale,2025,19,Ella Ou,Ella Ou,Ou,Ella,Fr,F,,,15.0,0.0,2.0,,,,,,2.0,6.0,5.0,
813,Yale,2025,6,Carys Isherwood,Carys Isherwood,Isherwood,Carys,Fr,B,,,18.0,17.0,,,,1.0,1.0,,2.0,2.0,1.0,
813,Yale,2025,14,Ymre Massee,Ymre Massee,Massee,Ymre,So,F,,,18.0,18.0,5.0,2.0,,1.0,3.0,,5.0,15.0,48.0,
813,Yale,2025,10,Emma Ramsey,Emma Ramsey,Ramsey,Emma,Jr,M,,,18.0,18.0,2.0,2.0,,,2.0,,,4.0,12.0,
