ncaa_id,date,team,opponent,home_away,result,team_score,opponent_score,goals,ast,shatt,sog,fouls,rc,yc,gc,dsv,defensive_goals,defensive_ast,defensive_shatt,defensive_sog,defensive_fouls,defensive_rc,defensive_yc,defensive_gc,defensive_dsv
23,2025-08-29,American,William & Mary,Away,,10,0.0,10.0,6.0,23.0,17.0,,,,1.0,,,,3.0,1.0,,,,,1.0
23,2025-08-31,American,Duke,Home,,1,2.0,1.0,,7.0,2.0,,,,,,2.0,2.0,7.0,4.0,,,,1.0,1.0
23,2025-09-07,American,James Madison,Home,,1,4.0,1.0,1.0,5.0,2.0,,,2.0,1.0,1.0,4.0,3.0,17.0,13.0,,,2.0,,
23,2025-09-12,American,Saint Joseph's,Home,,0,1.0,,,6.0,1.0,,,2.0,2.0,,1.0,1.0,8.0,6.0,,,,1.0,
23,2025-09-14,American,Penn,Home,,0,2.0,,,9.0,4.0,,,,1.0,,2.0,2.0,15.0,7.0,,,,,1.0
23,2025-09-19,American,Boston U.,Away,,2,0.0,2.0,2.0,16.0,11.0,,,,2.0,,,,13.0,8.0,,,,,1.0
23,2025-09-21,American,Providence,Away,,2,,2.0,,15.0,7.0,,,1.0,2.0,,1.0,1.0,5.0,3.0,,,,3.0,
23,2025-09-27,American,Colgate,Away,,2,0.0,2.0,,23.0,13.0,43.0,,,1.0,,,,8.0,2.0,22.0,,,,
23,2025-10-03,American,Lafayette,Home,,3,1.0,3.0,3.0,11.0,10.0,,,,1.0,,1.0,2.0,10.0,4.0,,,,,1.0
23,2025-10-05,American,Villanova,Home,,3,0.0,3.0,1.0,14.0,10.0,,,,1.0,,,,6.0,2.0,,,,,
23,2025-10-08,American,Towson,Home,,5,0.0,5.0,7.0,16.0,9.0,,,,,,,,6.0,5.0,,,,,
23,2025-10-12,American,VCU,Home,,0,,,,19.0,6.0,,,,1.0,,1.0,,8.0,6.0,,,,3.0,
23,2025-10-17,American,Bucknell,Home,,3,2.0,3.0,4.0,18.0,13.0,,,,,,2.0,1.0,18.0,10.0,,,,,1.0
23,2025-10-19,American,Richmond,Away,,4,2.0,4.0,4.0,11.0,10.0,,,,1.0,,2.0,2.0,9.0,4.0,,,,1.0,
23,2025-10-24,American,Lehigh,Away,,3,1.0,3.0,3.0,11.0,8.0,,,,,,1.0,,8.0,5.0,,,,,2.0
23,2025-10-26,American,Delaware,Away,,5,1.0,5.0,6.0,14.0,11.0,37.0,,,,,1.0,2.0,5.0,2.0,38.0,,,1.0,1.0
23,2025-11-01,American,Holy Cross,Home,,3,1.0,3.0,,14.0,8.0,,,,2.0,,1.0,,9.0,5.0,,,,,1.0
23,2025-11-06,American,Boston U.,Home,,0,1.0,,,15.0,2.0,,,,,,1.0,1.0,4.0,3.0,,,,1.0,
27,2025-08-29,App State,Towson,Away,,7,1.0,7.0,8.0,24.0,15.0,,,,,,1.0,1.0,2.0,1.0,,,,1.0,1.0
27,2025-08-31,App State,Georgetown,Home,,3,1.0,3.0,2.0,16.0,10.0,47.0,,,,,1.0,1.0,5.0,3.0,48.0,,,3.0,
27,2025-09-07,App State,Davidson,Home,,7,3.0,7.0,3.0,14.0,9.0,,,,,,3.0,2.0,13.0,7.0,,,1.0,1.0,
27,2025-09-09,App State,Queens (NC),Away,,6,0.0,6.0,4.0,33.0,16.0,25.0,,,,,,,,,24.0,,,1.0,
27,2025-09-12,App State,North Carolina,Away,,0,5.0,,,5.0,3.0,,,,1.0,,5.0,6.0,16.0,10.0,,,,1.0,
27,2025-09-19,App State,Ohio,Home,,5,3.0,5.0,5.0,17.0,9.0,,,,,,3.0,3.0,12.0,8.0,,,,,
27,2025-09-21,App State,Vermont,Home,,7,1.0,7.0,4.0,21.0,12.0,,,,1.0,,1.0,,6.0,6.0,,,,2.0,
27,2025-09-26,App State,Bellarmine,Away,,2,0.0,2.0,1.0,16.0,8.0,,,,,,,,,,,,,,1.0
27,2025-09-28,App State,James Madison,Home,,5,,5.0,5.0,19.0,16.0,,,,2.0,,4.0,1.0,12.0,8.0,,,,2.0,
27,2025-10-03,App State,Miami (OH),Home,,0,7.0,,,8.0,6.0,,,,,1.0,7.0,6.0,12.0,11.0,,,,1.0,
27,2025-10-05,App State,Liberty,Home,,1,7.0,1.0,,3.0,1.0,,,,,,7.0,8.0,17.0,11.0,,,,1.0,
27,2025-10-10,App State,Central Mich.,Away,,4,0.0,4.0,3.0,24.0,17.0,16.0,,,,,,,3.0,2.0,10.0,,,1.0,
27,2025-10-12,App State,Michigan St.,Away,,3,1.0,3.0,3.0,11.0,8.0,,,,3.0,1.0,1.0,1.0,17.0,11.0,,,2.0,,1.0
27,2025-10-17,App State,Longwood,Away,,3,1.0,3.0,2.0,36.0,23.0,35.0,,,,,1.0,1.0,5.0,4.0,21.0,,,1.0,
27,2025-10-19,App State,Massachusetts,Home,,0,3.0,,,1.0,,,,1.0,1.0,1.0,3.0,3.0,17.0,16.0,,,,,
27,2025-10-24,App State,Ball St.,Away,,3,1.0,3.0,4.0,27.0,17.0,,,,,1.0,1.0,2.0,8.0,5.0,,,,1.0,1.0
27,2025-10-26,App State,Wake Forest,Away,,0,3.0,,,2.0,1.0,,,,,1.0,3.0,2.0,23.0,13.0,,,,1.0,
27,2025-10-31,App State,Kent St.,Home,,9,0.0,9.0,6.0,19.0,17.0,,,,,1.0,,,8.0,5.0,,,,1.0,1.0
27,2025-11-05,App State,Ohio,Home,,3,1.0,3.0,2.0,14.0,7.0,37.0,,,1.0,,1.0,2.0,3.0,3.0,34.0,,,,
27,2025-11-06,App State,Massachusetts,Home,,1,4.0,1.0,1.0,5.0,3.0,26.0,,,,,4.0,2.0,13.0,8.0,39.0,,,1.0,
47,2025-08-29,Ball St.,Ohio St.,Home,,0,7.0,,,5.0,1.0,,,,1.0,1.0,7.0,6.0,31.0,25.0,,,,1.0,
47,2025-08-31,Ball St.,Saint Louis,Home,,3,2.0,3.0,4.0,15.0,9.0,,,,,,2.0,2.0,10.0,5.0,,,,,1.0
47,2025-09-04,Ball St.,Stanford,Away,,0,6.0,,,10.0,3.0,,,,,,6.0,3.0,26.0,10.0,,,,,
47,2025-09-05,Ball St.,UC Davis,Away,,4,,4.0,2.0,13.0,6.0,,,,1.0,,5.0,7.0,19.0,9.0,,,,,
47,2025-09-07,Ball St.,California,Away,,0,3.0,,,1.0,,,,,,2.0,3.0,2.0,23.0,8.0,,,,1.0,
47,2025-09-12,Ball St.,Saint Francis,Home,,1,3.0,1.0,1.0,10.0,6.0,,,,1.0,,3.0,1.0,20.0,15.0,,,,2.0,
47,2025-09-14,Ball St.,Lock Haven,Home,,2,,2.0,2.0,21.0,17.0,,,,,,1.0,1.0,15.0,8.0,,,,1.0,2.0
47,2025-09-19,Ball St.,Longwood,Away,,4,,4.0,5.0,18.0,10.0,14.0,,1.0,2.0,,3.0,3.0,17.0,10.0,14.0,,,,
47,2025-09-21,Ball St.,VCU,Away,,0,4.0,,,2.0,1.0,36.0,,,,,4.0,3.0,15.0,7.0,37.0,,,1.0,
47,2025-09-26,Ball St.,Central Mich.,Home,,1,2.0,1.0,,18.0,9.0,,,,,,2.0,3.0,14.0,9.0,,,,2.0,
47,2025-09-28,Ball St.,Kent St.,Home,,0,,,,17.0,9.0,,,,1.0,,1.0,1.0,17.0,9.0,,,,,1.0
47,2025-10-03,Ball St.,James Madison,Away,,0,5.0,,,7.0,4.0,41.0,,,,,5.0,,33.0,16.0,45.0,,,1.0,
47,2025-10-05,Ball St.,Richmond,Away,,0,5.0,,,13.0,9.0,,,,1.0,,5.0,5.0,19.0,13.0,,,,,
47,2025-10-10,Ball St.,Ohio,Away,,0,1.0,,,5.0,3.0,,,,1.0,,1.0,,7.0,3.0,,,,3.0,
47,2025-10-14,Ball St.,Michigan St.,Away,,1,5.0,1.0,,10.0,6.0,,,,1.0,,5.0,2.0,22.0,11.0,,,1.0,,
47,2025-10-17,Ball St.,Bellarmine,Home,,2,,2.0,1.0,23.0,16.0,,,1.0,1.0,1.0,1.0,2.0,4.0,3.0,,,,2.0,
47,2025-10-19,Ball St.,Miami (OH),Away,,0,5.0,,,,,,,,,,5.0,10.0,21.0,14.0,,,,1.0,
47,2025-10-24,Ball St.,App State,Home,,1,3.0,1.0,2.0,8.0,5.0,,,,1.0,1.0,3.0,4.0,27.0,17.0,,,,,1.0
47,2025-10-31,Ball St.,Massachusetts,Away,,0,7.0,,,2.0,1.0,,,,,,7.0,9.0,26.0,17.0,,,,,
52,2025-08-29,Bellarmine,Saint Francis,Home,,0,4.0,,,6.0,3.0,,,,,,4.0,4.0,17.0,15.0,,,,1.0,
52,2025-08-31,Bellarmine,UC Davis,Home,,1,2.0,1.0,2.0,5.0,3.0,,,1.0,2.0,,2.0,2.0,27.0,14.0,,,,1.0,
52,2025-09-05,Bellarmine,Michigan St.,Away,,1,2.0,1.0,1.0,2.0,1.0,4.0,,,,,2.0,2.0,15.0,8.0,9.0,,,1.0,
52,2025-09-07,Bellarmine,Michigan,Away,,0,13.0,,,1.0,,,,,,1.0,13.0,11.0,40.0,24.0,,,,1.0,
52,2025-09-12,Bellarmine,Saint Louis,Home,,1,2.0,1.0,2.0,6.0,4.0,,,,,,2.0,1.0,6.0,4.0,,,,1.0,
52,2025-09-14,Bellarmine,Davidson,Home,,1,5.0,1.0,1.0,3.0,2.0,,,,1.0,,5.0,3.0,20.0,13.0,,,,1.0,
52,2025-09-19,Bellarmine,Miami (OH),Away,,0,11.0,,,4.0,,,,,,,11.0,6.0,36.0,15.0,,,,,
52,2025-09-26,Bellarmine,App State,Home,,0,2.0,,,,,,,,,1.0,2.0,1.0,16.0,8.0,,,,,
52,2025-09-28,Bellarmine,Longwood,Away,,2,1.0,2.0,1.0,11.0,5.0,21.0,,,,,1.0,1.0,9.0,6.0,14.0,,2.0,,
52,2025-10-03,Bellarmine,Ohio,Away,,1,,,,1.0,1.0,,,,1.0,,,,21.0,7.0,,,,1.0,1.0
52,2025-10-04,Bellarmine,Queens (NC),Home,,0,1.0,,,17.0,9.0,,,,,,1.0,1.0,8.0,4.0,,,,2.0,1.0
52,2025-10-07,Bellarmine,Louisville,Away,,0,6.0,,,1.0,,,,,,,6.0,6.0,18.0,12.0,,,,,
52,2025-10-10,Bellarmine,Kent St.,Home,,0,3.0,,,4.0,1.0,,,,,1.0,3.0,,15.0,8.0,,,1.0,1.0,
52,2025-10-17,Bellarmine,Ball St.,Away,,1,,1.0,2.0,4.0,3.0,,,,2.0,,2.0,1.0,23.0,16.0,,,1.0,1.0,1.0
52,2025-10-19,Bellarmine,James Madison,Home,,0,5.0,,,3.0,2.0,,,,1.0,,5.0,5.0,28.0,16.0,,,,,
52,2025-10-24,Bellarmine,Massachusetts,Away,,0,5.0,,,2.0,2.0,,,,,,5.0,3.0,21.0,14.0,,,,,
52,2025-10-26,Bellarmine,Bryant,Away,,0,2.0,,,6.0,1.0,,,,,,2.0,2.0,11.0,7.0,,,,,
52,2025-10-31,Bellarmine,Central Mich.,Home,,2,3.0,2.0,1.0,7.0,5.0,,,1.0,,,3.0,1.0,13.0,8.0,,,,3.0,
67,2025-08-29,Boston College,Maine,Away,,2,0.0,2.0,1.0,15.0,11.0,43.0,,1.0,2.0,,,,3.0,2.0,18.0,,,,1.0
67,2025-08-30,Boston College,Indiana,Home,,2,1.0,2.0,3.0,8.0,6.0,29.0,,2.0,,,1.0,1.0,3.0,2.0,22.0,,,,
67,2025-09-05,Boston College,Maryland,Home,,2,0.0,2.0,1.0,8.0,3.0,,,,2.0,,,,8.0,3.0,,,,1.0,
67,2025-09-07,Boston College,Northwestern,Home,,0,2.0,,,6.0,5.0,,,1.0,1.0,,2.0,2.0,12.0,6.0,,1.0,1.0,3.0,
67,2025-09-12,Boston College,Massachusetts,Home,,1,,1.0,1.0,21.0,11.0,20.0,,1.0,3.0,,1.0,1.0,9.0,4.0,20.0,,2.0,2.0,2.0
67,2025-09-14,Boston College,Boston U.,Away,,0,1.0,,,16.0,10.0,,,,2.0,,1.0,1.0,3.0,1.0,,,2.0,1.0,
67,2025-09-19,Boston College,Virginia,Away,,0,2.0,,,8.0,6.0,,,1.0,1.0,,2.0,2.0,5.0,3.0,,,,1.0,
67,2025-09-21,Boston College,Wake Forest,Away,,1,2.0,1.0,1.0,13.0,9.0,,,,,,2.0,1.0,11.0,8.0,,,,,
67,2025-09-28,Boston College,North Carolina,Home,,1,2.0,1.0,1.0,7.0,2.0,27.0,,,2.0,2.0,2.0,1.0,17.0,13.0,24.0,,2.0,1.0,
67,2025-10-05,Boston College,Northeastern,Away,,3,2.0,3.0,3.0,16.0,10.0,25.0,,,1.0,,2.0,2.0,5.0,2.0,21.0,,,1.0,
67,2025-10-10,Boston College,California,Away,,1,,1.0,1.0,13.0,7.0,,,,1.0,,1.0,1.0,15.0,5.0,,,,,
67,2025-10-12,Boston College,Stanford,Away,,1,,1.0,,15.0,6.0,,,,,,2.0,,5.0,4.0,,,,1.0,
67,2025-10-17,Boston College,Duke,Home,,1,3.0,1.0,,12.0,7.0,,,3.0,,,3.0,4.0,17.0,8.0,,,1.0,,
67,2025-10-19,Boston College,New Hampshire,Home,,8,2.0,8.0,5.0,32.0,19.0,25.0,,2.0,2.0,3.0,2.0,2.0,15.0,11.0,16.0,,2.0,3.0,
67,2025-10-24,Boston College,Syracuse,Home,,1,3.0,1.0,1.0,10.0,7.0,,,,2.0,1.0,3.0,3.0,11.0,7.0,,,1.0,1.0,
67,2025-10-26,Boston College,Louisville,Home,,2,,1.0,1.0,23.0,8.0,,,1.0,2.0,1.0,1.0,1.0,17.0,10.0,,,2.0,3.0,
68,2025-08-29,Boston U.,Providence,Home,,2,,2.0,1.0,21.0,14.0,,,,1.0,2.0,2.0,2.0,17.0,11.0,,,,4.0,1.0
68,2025-09-05,Boston U.,Vermont,Home,,2,,2.0,3.0,12.0,7.0,,,1.0,1.0,,3.0,3.0,13.0,8.0,,,,2.0,
68,2025-09-07,Boston U.,Massachusetts,Away,,0,4.0,,,14.0,7.0,,,,1.0,,4.0,6.0,14.0,10.0,,,,,
68,2025-09-12,Boston U.,Quinnipiac,Home,,4,2.0,4.0,3.0,15.0,10.0,,,,3.0,,2.0,2.0,12.0,7.0,,,,1.0,
68,2025-09-14,Boston U.,Boston College,Home,,1,0.0,1.0,1.0,3.0,1.0,,,2.0,1.0,,,,16.0,10.0,,,,2.0,
68,2025-09-19,Boston U.,American,Home,,0,2.0,,,13.0,8.0,,,,,1.0,2.0,2.0,16.0,11.0,,,,2.0,
68,2025-09-21,Boston U.,Bryant,Home,,3,0.0,3.0,2.0,21.0,15.0,,,,2.0,,,,4.0,1.0,,,,,
68,2025-09-26,Boston U.,Holy Cross,Away,,3,2.0,3.0,2.0,21.0,17.0,,,,1.0,1.0,2.0,3.0,10.0,6.0,,,,,1.0
68,2025-09-28,Boston U.,New Hampshire,Home,,6,7.0,6.0,4.0,19.0,10.0,,,,3.0,1.0,7.0,5.0,18.0,13.0,,,,1.0,
68,2025-10-04,Boston U.,Lehigh,Away,,4,1.0,4.0,4.0,15.0,11.0,19.0,,,1.0,,1.0,1.0,6.0,6.0,16.0,,,2.0,1.0
68,2025-10-06,Boston U.,Harvard,Home,,0,7.0,,,11.0,3.0,,,,1.0,,7.0,6.0,17.0,12.0,,,,,
68,2025-10-11,Boston U.,Bucknell,Home,,0,4.0,,,17.0,8.0,,,,2.0,,4.0,3.0,8.0,6.0,,,,,2.0
68,2025-10-18,Boston U.,Maine,Away,,0,5.0,,,5.0,2.0,25.0,,,2.0,,5.0,3.0,14.0,10.0,28.0,,,1.0,
68,2025-10-24,Boston U.,Lafayette,Home,,0,1.0,,,7.0,3.0,,,,1.0,1.0,1.0,,5.0,4.0,,,,,1.0
68,2025-10-26,Boston U.,Northeastern,Away,,1,3.0,1.0,,12.0,9.0,35.0,,1.0,2.0,1.0,3.0,4.0,13.0,11.0,26.0,,,1.0,
68,2025-11-01,Boston U.,Colgate,Away,,3,,3.0,5.0,14.0,7.0,56.0,,,1.0,2.0,2.0,,11.0,8.0,26.0,,,,1.0
68,2025-11-06,Boston U.,American,Away,,1,0.0,1.0,1.0,4.0,3.0,,,,1.0,,,,15.0,2.0,,,,,
68,2025-11-08,Boston U.,Lafayette,Home,,3,2.0,3.0,3.0,12.0,7.0,,,1.0,1.0,,2.0,2.0,9.0,4.0,,,,,
68,2025-11-12,Boston U.,Fairfield,Home,,0,1.0,,,8.0,4.0,,,,1.0,2.0,1.0,1.0,14.0,6.0,,,2.0,,
80,2025-09-05,Brown,Massachusetts,Away,,2,,2.0,2.0,22.0,15.0,,,1.0,1.0,,3.0,3.0,21.0,11.0,,,,1.0,2.0
80,2025-09-07,Brown,UConn,Away,,2,3.0,2.0,1.0,12.0,10.0,,,,,,3.0,1.0,9.0,5.0,,,,1.0,
80,2025-09-14,Brown,Fairfield,Home,,1,0.0,1.0,,12.0,4.0,,,,2.0,,,,10.0,4.0,,,,5.0,
80,2025-09-20,Brown,Yale,Home,,1,3.0,1.0,2.0,6.0,3.0,,,2.0,1.0,,3.0,3.0,17.0,10.0,,,,2.0,
80,2025-09-21,Brown,Stonehill,Home,,8,0.0,8.0,9.0,27.0,16.0,,,,,,,,3.0,1.0,,,,,
80,2025-09-26,Brown,Columbia,Away,,4,1.0,4.0,5.0,25.0,20.0,15.0,,1.0,,,1.0,2.0,7.0,2.0,12.0,,1.0,2.0,3.0
80,2025-09-28,Brown,UMass Lowell,Home,,4,0.0,4.0,4.0,22.0,14.0,,,,2.0,,,,4.0,2.0,,,1.0,1.0,
80,2025-10-03,Brown,Cornell,Home,,3,1.0,3.0,4.0,15.0,10.0,,,1.0,1.0,,1.0,,12.0,5.0,,,4.0,1.0,
80,2025-10-05,Brown,Maine,Home,,1,0.0,1.0,,21.0,12.0,,,,1.0,,,,5.0,4.0,,,,,
80,2025-10-10,Brown,Penn,Away,,4,1.0,4.0,,20.0,10.0,,,,,,1.0,1.0,9.0,4.0,,,2.0,,
80,2025-10-17,Brown,Harvard,Away,,1,3.0,1.0,1.0,5.0,3.0,23.0,,1.0,1.0,1.0,3.0,1.0,9.0,6.0,23.0,,,1.0,
80,2025-10-19,Brown,Bryant,Home,,8,2.0,8.0,10.0,35.0,21.0,,,,1.0,,2.0,3.0,6.0,4.0,,,,1.0,
80,2025-10-24,Brown,Princeton,Home,,1,2.0,1.0,1.0,3.0,3.0,,,1.0,3.0,1.0,2.0,1.0,28.0,13.0,,,3.0,1.0,
80,2025-10-26,Brown,Providence,Away,,5,1.0,5.0,6.0,18.0,14.0,,,,,,1.0,,3.0,3.0,,,,,
80,2025-11-01,Brown,Dartmouth,Away,,3,,3.0,4.0,20.0,11.0,,,1.0,2.0,,2.0,2.0,5.0,3.0,,,,1.0,2.0
80,2025-11-07,Brown,Harvard,Away,,0,2.0,,,10.0,5.0,,,1.0,,,2.0,1.0,12.0,8.0,,,,,
81,2025-08-29,Bryant,New Haven,Home,,6,0.0,6.0,5.0,16.0,12.0,4.0,,,,,,,,,2.0,,,,1.0
81,2025-08-31,Bryant,Stonehill,Home,,4,0.0,4.0,6.0,13.0,9.0,,,1.0,1.0,,,,7.0,,,,3.0,1.0,
81,2025-09-05,Bryant,Dartmouth,Home,,1,2.0,1.0,,4.0,3.0,,,,1.0,1.0,2.0,2.0,14.0,11.0,,,2.0,1.0,
81,2025-09-07,Bryant,Hofstra,Home,,1,,1.0,1.0,9.0,4.0,,,1.0,,,2.0,,10.0,5.0,,,1.0,1.0,
81,2025-09-12,Bryant,Providence,Away,,0,4.0,,,6.0,3.0,,,,1.0,,4.0,4.0,17.0,11.0,,,,1.0,
81,2025-09-21,Bryant,Boston U.,Away,,0,3.0,,,4.0,1.0,,,,,,3.0,2.0,21.0,15.0,,,,2.0,
81,2025-09-23,Bryant,Holy Cross,Home,,1,2.0,1.0,,8.0,5.0,,,,1.0,,2.0,2.0,10.0,7.0,,,,2.0,
81,2025-09-28,Bryant,La Salle,Away,,1,2.0,1.0,1.0,5.0,2.0,25.0,,1.0,2.0,,2.0,,15.0,6.0,31.0,,,1.0,
81,2025-10-03,Bryant,UMass Lowell,Home,,1,3.0,1.0,,7.0,7.0,,,,2.0,,3.0,,13.0,5.0,,,,,
81,2025-10-05,Bryant,Cornell,Home,,1,4.0,1.0,1.0,2.0,1.0,,,,1.0,2.0,4.0,4.0,19.0,14.0,,,,1.0,
81,2025-10-10,Bryant,UAlbany,Home,,0,3.0,,,6.0,2.0,,,,1.0,,3.0,2.0,10.0,8.0,,,,1.0,
81,2025-10-12,Bryant,Merrimack,Home,,1,0.0,1.0,,10.0,4.0,,,,3.0,,,,3.0,1.0,,,,1.0,
81,2025-10-17,Bryant,Maine,Away,,1,6.0,1.0,2.0,4.0,2.0,20.0,,,,1.0,6.0,3.0,27.0,21.0,26.0,,,,
81,2025-10-19,Bryant,Brown,Away,,2,8.0,2.0,3.0,6.0,4.0,,,,1.0,,8.0,10.0,35.0,21.0,,,,1.0,
81,2025-10-24,Bryant,Vermont,Home,,0,4.0,,,5.0,3.0,,,,1.0,,4.0,2.0,14.0,11.0,,,,2.0,
81,2025-10-26,Bryant,Bellarmine,Home,,2,0.0,2.0,2.0,11.0,7.0,,,,,,,,6.0,1.0,,,,,
81,2025-10-30,Bryant,New Hampshire,Away,,0,6.0,,,4.0,,,,,1.0,1.0,6.0,5.0,22.0,13.0,,,,1.0,
81,2025-11-02,Bryant,UAlbany,Away,,1,6.0,1.0,1.0,5.0,2.0,,,,,1.0,6.0,4.0,21.0,13.0,,,,,1.0
83,2025-08-29,Bucknell,Sacred Heart,Away,,2,1.0,2.0,2.0,14.0,2.0,41.0,,,2.0,,1.0,1.0,9.0,5.0,40.0,,,,
83,2025-08-31,Bucknell,Quinnipiac,Away,,0,2.0,,,10.0,3.0,23.0,,,,,2.0,2.0,12.0,6.0,30.0,,1.0,4.0,1.0
83,2025-09-05,Bucknell,Saint Francis,Home,,3,0.0,3.0,2.0,12.0,7.0,,,,1.0,,,,7.0,4.0,,,,1.0,
83,2025-09-07,Bucknell,Temple,Home,,1,3.0,1.0,2.0,7.0,1.0,,,1.0,1.0,,3.0,1.0,14.0,7.0,,,,1.0,
83,2025-09-12,Bucknell,Penn St.,Away,,1,2.0,1.0,1.0,8.0,3.0,,,,1.0,1.0,2.0,,10.0,6.0,,,,1.0,
83,2025-09-14,Bucknell,Delaware,Away,,1,3.0,1.0,,4.0,1.0,46.0,,,1.0,,3.0,2.0,20.0,13.0,38.0,,,,
83,2025-09-19,Bucknell,Colgate,Home,,5,0.0,5.0,5.0,21.0,12.0,,,,,,,,6.0,4.0,,,,1.0,1.0
83,2025-09-26,Bucknell,Lafayette,Away,,1,,1.0,1.0,10.0,5.0,27.0,,,2.0,,2.0,2.0,12.0,6.0,21.0,,,1.0,
83,2025-09-28,Bucknell,Michigan St.,Home,,4,0.0,4.0,2.0,20.0,14.0,,,,2.0,1.0,,,11.0,5.0,,,,1.0,
83,2025-10-04,Bucknell,Holy Cross,Home,,4,1.0,4.0,5.0,18.0,11.0,,,,,,1.0,,8.0,5.0,,,,,
83,2025-10-11,Bucknell,Boston U.,Away,,4,0.0,4.0,3.0,8.0,6.0,,,,,2.0,,,17.0,8.0,,,,2.0,
83,2025-10-17,Bucknell,American,Away,,2,3.0,2.0,1.0,18.0,10.0,,,,,1.0,3.0,4.0,18.0,13.0,,,,,
83,2025-10-19,Bucknell,Towson,Away,,4,2.0,4.0,3.0,23.0,13.0,,,,1.0,,2.0,1.0,13.0,8.0,,,1.0,2.0,2.0
83,2025-10-22,Bucknell,Lock Haven,Away,,4,0.0,4.0,1.0,31.0,22.0,25.0,,,,,,,7.0,4.0,22.0,,1.0,1.0,2.0
83,2025-10-26,Bucknell,Davidson,Home,,1,0.0,1.0,,17.0,7.0,,,1.0,2.0,3.0,,,15.0,8.0,,,,1.0,1.0
83,2025-11-01,Bucknell,Lehigh,Home,,5,2.0,5.0,7.0,24.0,14.0,,,,,,2.0,2.0,6.0,3.0,,,,,
83,2025-11-06,Bucknell,Lafayette,Home,,1,2.0,1.0,,7.0,2.0,,,,1.0,,2.0,,13.0,11.0,,,,,
107,2025-08-29,California,Monmouth,Away,,2,7.0,2.0,3.0,20.0,8.0,,,,1.0,,7.0,8.0,14.0,12.0,,,,,
107,2025-08-31,California,Delaware,Away,,5,4.0,5.0,5.0,17.0,9.0,39.0,,3.0,1.0,,4.0,4.0,13.0,7.0,41.0,,1.0,,1.0
107,2025-09-05,California,Harvard,Home,,1,,1.0,,6.0,1.0,37.0,,,,,2.0,,12.0,2.0,40.0,,,1.0,
107,2025-09-07,California,Ball St.,Home,,3,0.0,3.0,2.0,23.0,8.0,,,,1.0,,,,1.0,,,,,,2.0
107,2025-09-14,California,Ohio,Home,,9,0.0,9.0,7.0,23.0,13.0,,,,,1.0,,,3.0,2.0,,,,,
107,2025-09-19,California,North Carolina,Away,,1,5.0,1.0,2.0,9.0,4.0,,,1.0,3.0,,5.0,3.0,16.0,8.0,,,,1.0,
107,2025-09-21,California,Duke,Away,,0,2.0,,,3.0,,,,,2.0,,2.0,,11.0,6.0,,,,1.0,
107,2025-09-26,California,Virginia,Home,,2,3.0,2.0,3.0,11.0,3.0,,,,1.0,1.0,3.0,2.0,14.0,7.0,,,,1.0,1.0
107,2025-09-28,California,UC Davis,Home,,4,1.0,4.0,2.0,18.0,8.0,,,,,,1.0,1.0,4.0,1.0,,,,,
107,2025-10-10,California,Boston College,Home,,2,,1.0,1.0,15.0,5.0,,,,,,1.0,1.0,13.0,7.0,,,,1.0,
107,2025-10-12,California,Syracuse,Home,,1,0.0,1.0,,6.0,4.0,,,,,2.0,,,17.0,9.0,,,,,
107,2025-10-17,California,Louisville,Away,,1,3.0,1.0,1.0,5.0,1.0,,,,2.0,,3.0,3.0,11.0,6.0,,,2.0,1.0,
107,2025-10-19,California,Wake Forest,Away,,2,6.0,2.0,2.0,9.0,6.0,,,,,,6.0,7.0,18.0,13.0,,,,,
107,2025-10-24,California,UC Davis,Away,,2,,2.0,2.0,13.0,3.0,,,,,,1.0,1.0,5.0,2.0,,,,,
107,2025-10-30,California,Stanford,Home,,3,1.0,3.0,2.0,9.0,5.0,,,,,,1.0,1.0,7.0,3.0,,,,,1.0
107,2025-11-04,California,Duke,Home,,1,7.0,1.0,,1.0,1.0,,,,,,7.0,5.0,28.0,15.0,,,,1.0,
129,2025-08-29,Central Mich.,Drexel,Away,,1,2.0,1.0,2.0,3.0,1.0,5.0,,,,,2.0,1.0,21.0,13.0,2.0,,1.0,2.0,
129,2025-08-31,Central Mich.,Temple,Away,,3,4.0,3.0,1.0,13.0,10.0,24.0,,,1.0,1.0,4.0,3.0,35.0,23.0,37.0,,,1.0,
129,2025-09-05,Central Mich.,Mercyhurst,Home,,4,0.0,4.0,3.0,32.0,21.0,25.0,,,,,,,1.0,,30.0,,,,1.0
129,2025-09-07,Central Mich.,Mercyhurst,Home,,2,1.0,2.0,,24.0,9.0,42.0,,,1.0,,1.0,1.0,7.0,4.0,29.0,,,,
129,2025-09-12,Central Mich.,Colgate,Away,,2,1.0,2.0,2.0,13.0,9.0,31.0,,,3.0,1.0,1.0,1.0,11.0,6.0,35.0,,,1.0,
129,2025-09-13,Central Mich.,LIU,Home,,9,6.0,9.0,7.0,23.0,15.0,34.0,,1.0,1.0,,6.0,4.0,25.0,18.0,37.0,1.0,,,
129,2025-09-19,Central Mich.,James Madison,Home,,2,5.0,2.0,2.0,11.0,8.0,18.0,,,,,5.0,1.0,17.0,12.0,30.0,,,,
129,2025-09-26,Central Mich.,Ball St.,Away,,2,1.0,2.0,3.0,14.0,9.0,,,,2.0,,1.0,,18.0,9.0,,,,,
129,2025-09-28,Central Mich.,Ohio,Home,,5,,5.0,1.0,11.0,6.0,13.0,,,1.0,3.0,4.0,3.0,20.0,16.0,18.0,,,,
129,2025-10-03,Central Mich.,Massachusetts,Away,,0,2.0,,,4.0,2.0,,,,,,2.0,2.0,21.0,13.0,,,1.0,2.0,1.0
129,2025-10-05,Central Mich.,Merrimack,Home,,5,0.0,5.0,3.0,25.0,15.0,,,1.0,2.0,,,,11.0,6.0,,,,1.0,1.0
129,2025-10-10,Central Mich.,App State,Home,,0,4.0,,,3.0,2.0,10.0,,,1.0,,4.0,3.0,24.0,17.0,16.0,,,,
129,2025-10-17,Central Mich.,Miami (OH),Away,,0,8.0,,,4.0,1.0,,,,1.0,,8.0,7.0,36.0,29.0,,,,1.0,
129,2025-10-19,Central Mich.,Kent St.,Home,,0,,,,10.0,6.0,10.0,,,1.0,2.0,1.0,1.0,32.0,17.0,11.0,,,1.0,1.0
129,2025-10-24,Central Mich.,Longwood,Away,,5,3.0,5.0,2.0,22.0,16.0,39.0,,3.0,1.0,,3.0,2.0,25.0,14.0,15.0,,2.0,1.0,
129,2025-10-26,Central Mich.,VCU,Away,,1,6.0,1.0,2.0,7.0,5.0,41.0,,,,1.0,6.0,4.0,30.0,22.0,47.0,,,,
129,2025-10-31,Central Mich.,Bellarmine,Away,,3,2.0,3.0,1.0,13.0,8.0,,,,3.0,,2.0,1.0,7.0,5.0,,,1.0,,
129,2025-11-02,Central Mich.,Michigan St.,Away,,2,1.0,2.0,2.0,11.0,9.0,,,,1.0,2.0,1.0,1.0,15.0,7.0,,,,,
129,2025-11-05,Central Mich.,James Madison,Away,,1,4.0,1.0,1.0,7.0,1.0,29.0,,,,1.0,4.0,3.0,24.0,20.0,52.0,,1.0,2.0,
153,2025-08-29,Colgate,Rider,Home,,0,3.0,,,6.0,1.0,22.0,,,1.0,,3.0,3.0,16.0,11.0,27.0,,,1.0,
153,2025-08-31,Colgate,Lock Haven,Home,,5,3.0,5.0,3.0,18.0,13.0,31.0,,1.0,,,3.0,1.0,13.0,8.0,23.0,,1.0,,
153,2025-09-06,Colgate,Cornell,Away,,1,2.0,1.0,1.0,6.0,3.0,36.0,,,1.0,,2.0,3.0,24.0,12.0,46.0,,,1.0,
153,2025-09-12,Colgate,Central Mich.,Home,,1,2.0,1.0,1.0,11.0,6.0,35.0,,,1.0,,2.0,2.0,13.0,9.0,31.0,,,3.0,1.0
153,2025-09-14,Colgate,LIU,Home,,4,1.0,4.0,3.0,12.0,6.0,40.0,,,1.0,,1.0,1.0,10.0,5.0,31.0,,,1.0,
153,2025-09-19,Colgate,Bucknell,Away,,0,5.0,,,6.0,4.0,,,,1.0,1.0,5.0,5.0,21.0,12.0,,,,,
153,2025-09-21,Colgate,Mercyhurst,Home,,3,0.0,3.0,2.0,23.0,12.0,45.0,,,,,,,4.0,2.0,27.0,,,1.0,
153,2025-09-27,Colgate,American,Home,,0,2.0,,,8.0,2.0,22.0,,,,,2.0,,23.0,13.0,43.0,,,1.0,
153,2025-09-28,Colgate,Yale,Home,,0,7.0,,,4.0,4.0,23.0,,,,1.0,7.0,4.0,30.0,19.0,36.0,,,1.0,1.0
153,2025-10-03,Colgate,Syracuse,Away,,1,5.0,1.0,1.0,4.0,3.0,,,,,2.0,5.0,6.0,32.0,20.0,,,,,
153,2025-10-05,Colgate,UAlbany,Away,,0,4.0,,,14.0,7.0,,,,1.0,,4.0,3.0,15.0,11.0,,,,,
153,2025-10-11,Colgate,Lehigh,Home,,0,3.0,,,9.0,2.0,28.0,,,,,3.0,1.0,12.0,8.0,32.0,,,,
153,2025-10-12,Colgate,Stonehill,Home,,2,1.0,2.0,3.0,6.0,4.0,30.0,,,,,1.0,,13.0,7.0,43.0,,,1.0,
153,2025-10-18,Colgate,Lafayette,Away,,2,3.0,2.0,2.0,4.0,2.0,16.0,,,,,3.0,3.0,17.0,11.0,16.0,,,1.0,
153,2025-10-24,Colgate,Holy Cross,Away,,3,,3.0,4.0,15.0,11.0,,,,1.0,,4.0,4.0,22.0,16.0,,,,,
153,2025-10-26,Colgate,Dartmouth,Home,,1,,1.0,1.0,14.0,8.0,42.0,,,1.0,,2.0,1.0,13.0,9.0,49.0,,,1.0,1.0
153,2025-11-01,Colgate,Boston U.,Home,,2,,2.0,,11.0,8.0,26.0,,,,1.0,3.0,5.0,14.0,7.0,56.0,,,1.0,2.0
158,2025-09-05,Columbia,UAlbany,Away,,3,0.0,3.0,2.0,18.0,6.0,,,,1.0,,,,15.0,7.0,,,,,
158,2025-09-07,Columbia,LIU,Home,,3,2.0,3.0,1.0,26.0,14.0,22.0,,,1.0,,2.0,2.0,7.0,3.0,23.0,,,,
158,2025-09-12,Columbia,Fairfield,Home,,3,1.0,3.0,1.0,4.0,4.0,4.0,,,,,1.0,,15.0,9.0,8.0,,,,
158,2025-09-14,Columbia,Quinnipiac,Away,,2,3.0,2.0,2.0,9.0,4.0,41.0,,,,,3.0,3.0,14.0,9.0,41.0,,,1.0,
158,2025-09-19,Columbia,Cornell,Home,,2,5.0,2.0,2.0,9.0,5.0,5.0,,,2.0,1.0,5.0,6.0,16.0,13.0,6.0,,1.0,1.0,
158,2025-09-26,Columbia,Brown,Home,,1,4.0,1.0,2.0,7.0,2.0,12.0,,1.0,2.0,3.0,4.0,5.0,25.0,20.0,15.0,,1.0,,
158,2025-09-28,Columbia,Rutgers,Away,,0,8.0,,,5.0,1.0,,,,,,8.0,8.0,22.0,17.0,,,,,
158,2025-10-03,Columbia,Dartmouth,Away,,2,1.0,2.0,1.0,10.0,5.0,,,,,,1.0,1.0,14.0,10.0,,,,,
158,2025-10-05,Columbia,Hofstra,Home,,3,2.0,3.0,1.0,9.0,5.0,20.0,,,1.0,,2.0,2.0,11.0,6.0,8.0,,,,
158,2025-10-10,Columbia,Yale,Home,,1,4.0,1.0,1.0,2.0,2.0,12.0,,,1.0,1.0,4.0,2.0,19.0,13.0,14.0,,,1.0,
158,2025-10-17,Columbia,Penn,Home,,1,2.0,1.0,1.0,5.0,4.0,8.0,,,,,2.0,2.0,14.0,12.0,9.0,,,2.0,
158,2025-10-19,Columbia,Wagner,Home,,4,0.0,4.0,4.0,8.0,8.0,6.0,,2.0,1.0,,,,5.0,3.0,10.0,,1.0,1.0,
158,2025-10-24,Columbia,Harvard,Away,,0,2.0,,,1.0,1.0,20.0,,,1.0,2.0,2.0,2.0,17.0,11.0,24.0,,,2.0,
158,2025-10-26,Columbia,Sacred Heart,Home,,4,2.0,4.0,2.0,15.0,13.0,13.0,,,2.0,,2.0,1.0,8.0,5.0,10.0,,,1.0,
158,2025-11-01,Columbia,Princeton,Away,,0,3.0,,,2.0,,,,,1.0,,3.0,1.0,20.0,10.0,,,,2.0,
167,2025-09-06,Cornell,Colgate,Home,,2,1.0,2.0,3.0,24.0,12.0,46.0,,,1.0,,1.0,1.0,6.0,3.0,36.0,,,1.0,
167,2025-09-12,Cornell,Mercyhurst,Home,,5,0.0,5.0,8.0,47.0,26.0,56.0,,1.0,1.0,,,,2.0,,47.0,,,2.0,
167,2025-09-14,Cornell,La Salle,Home,,2,0.0,2.0,,33.0,20.0,,,,,,,,4.0,2.0,,,,,
167,2025-09-19,Cornell,Columbia,Away,,5,2.0,5.0,6.0,16.0,13.0,6.0,,1.0,1.0,,2.0,2.0,9.0,5.0,5.0,,,2.0,1.0
167,2025-09-26,Cornell,Yale,Home,,2,0.0,2.0,2.0,14.0,6.0,,,,2.0,,,,11.0,4.0,,,3.0,2.0,
167,2025-09-28,Cornell,Vermont,Home,,3,2.0,3.0,2.0,10.0,6.0,,,,1.0,,2.0,1.0,6.0,3.0,,,1.0,1.0,
167,2025-10-03,Cornell,Brown,Away,,1,3.0,1.0,,12.0,5.0,,,4.0,1.0,,3.0,4.0,15.0,10.0,,,1.0,1.0,
167,2025-10-05,Cornell,Bryant,Away,,4,1.0,4.0,4.0,19.0,14.0,,,,1.0,,1.0,1.0,2.0,1.0,,,,1.0,2.0
167,2025-10-06,Cornell,LIU,Home,,6,0.0,6.0,8.0,34.0,22.0,,,,,,,,6.0,3.0,,,1.0,1.0,
167,2025-10-11,Cornell,Harvard,Home,,1,2.0,1.0,2.0,10.0,3.0,,,,,,2.0,3.0,14.0,9.0,,,,,
167,2025-10-12,Cornell,Lehigh,Home,,2,0.0,2.0,2.0,23.0,14.0,,,,1.0,,,,1.0,,,,,1.0,3.0
167,2025-10-17,Cornell,Princeton,Away,,0,4.0,,,8.0,1.0,,,,2.0,,4.0,3.0,17.0,10.0,,,1.0,1.0,
167,2025-10-19,Cornell,North Carolina,Home,,1,8.0,1.0,,7.0,4.0,,,1.0,2.0,,8.0,6.0,27.0,16.0,,,,,
167,2025-10-24,Cornell,Dartmouth,Home,,5,1.0,5.0,6.0,19.0,14.0,,,,3.0,,1.0,,7.0,5.0,,,,3.0,2.0
167,2025-11-01,Cornell,Penn,Home,,3,,2.0,2.0,20.0,9.0,,,1.0,2.0,,2.0,2.0,19.0,10.0,,,2.0,1.0,
172,2025-09-05,Dartmouth,Bryant,Away,,2,1.0,2.0,2.0,14.0,11.0,,,2.0,1.0,,1.0,,4.0,3.0,,,,1.0,1.0
172,2025-09-12,Dartmouth,Maine,Home,,2,,2.0,2.0,5.0,5.0,,,,1.0,,1.0,,10.0,9.0,,,,1.0,
172,2025-09-14,Dartmouth,Massachusetts,Home,,2,3.0,2.0,3.0,3.0,2.0,,,1.0,,1.0,3.0,2.0,7.0,5.0,,,1.0,,
172,2025-09-19,Dartmouth,Harvard,Away,,0,7.0,,,1.0,,22.0,,,,,7.0,6.0,30.0,22.0,26.0,,,1.0,
172,2025-09-21,Dartmouth,New Hampshire,Away,,2,,2.0,2.0,7.0,5.0,,,,1.0,1.0,3.0,1.0,21.0,14.0,,,,2.0,
172,2025-09-26,Dartmouth,Penn,Away,,2,4.0,2.0,1.0,11.0,7.0,,,,,,4.0,4.0,17.0,9.0,,,,,
172,2025-09-28,Dartmouth,Lafayette,Away,,0,5.0,,,5.0,,25.0,,,,1.0,5.0,4.0,27.0,19.0,35.0,,,1.0,
172,2025-10-03,Dartmouth,Columbia,Home,,1,2.0,1.0,1.0,14.0,10.0,,,,,,2.0,1.0,10.0,5.0,,,,,
172,2025-10-05,Dartmouth,UMass Lowell,Home,,3,4.0,3.0,2.0,24.0,12.0,,,1.0,1.0,1.0,4.0,4.0,10.0,7.0,,,,1.0,
172,2025-10-11,Dartmouth,Princeton,Home,,0,4.0,,,4.0,1.0,,,,1.0,3.0,4.0,3.0,22.0,13.0,,,,1.0,
172,2025-10-14,Dartmouth,Holy Cross,Home,,4,0.0,4.0,,13.0,10.0,,,,,,,,4.0,3.0,,,,,
172,2025-10-17,Dartmouth,Yale,Away,,1,3.0,1.0,1.0,8.0,4.0,,,,1.0,,3.0,1.0,16.0,12.0,,,1.0,1.0,
172,2025-10-19,Dartmouth,Vermont,Away,,0,4.0,,,10.0,6.0,,,,2.0,1.0,4.0,4.0,15.0,10.0,,,,,
172,2025-10-24,Dartmouth,Cornell,Away,,1,5.0,1.0,,7.0,5.0,,,,3.0,2.0,5.0,6.0,19.0,14.0,,,,3.0,
172,2025-10-26,Dartmouth,Colgate,Away,,2,,2.0,1.0,13.0,9.0,49.0,,,1.0,1.0,1.0,1.0,14.0,8.0,42.0,,,1.0,
172,2025-11-01,Dartmouth,Brown,Home,,2,,2.0,2.0,5.0,3.0,,,,1.0,2.0,3.0,4.0,20.0,11.0,,,1.0,2.0,
173,2025-08-29,Davidson,Georgetown,Home,,1,2.0,1.0,1.0,10.0,7.0,23.0,,,,,2.0,2.0,10.0,6.0,39.0,,,1.0,
173,2025-08-31,Davidson,Towson,Away,,6,1.0,6.0,4.0,22.0,14.0,,,,1.0,1.0,1.0,1.0,14.0,8.0,,,,,
173,2025-09-05,Davidson,Wake Forest,Home,,1,,1.0,,6.0,2.0,,,,2.0,3.0,2.0,2.0,25.0,15.0,,,,2.0,
173,2025-09-07,Davidson,App State,Away,,3,7.0,3.0,2.0,13.0,7.0,,,1.0,1.0,,7.0,3.0,14.0,9.0,,,,,
173,2025-09-12,Davidson,Longwood,Home,,2,0.0,2.0,,17.0,15.0,,,1.0,2.0,,,,2.0,,,,,2.0,
173,2025-09-14,Davidson,Bellarmine,Away,,5,1.0,5.0,3.0,20.0,13.0,,,,1.0,,1.0,1.0,3.0,2.0,,,,1.0,
173,2025-09-19,Davidson,La Salle,Home,,3,2.0,3.0,4.0,22.0,18.0,,,,1.0,,2.0,3.0,7.0,4.0,,,,,1.0
173,2025-09-21,Davidson,Ohio,Home,,4,2.0,4.0,2.0,17.0,15.0,,,,1.0,,2.0,1.0,5.0,3.0,,,,2.0,
173,2025-09-26,Davidson,Lock Haven,Away,,5,1.0,5.0,4.0,23.0,18.0,24.0,,,2.0,,1.0,,13.0,6.0,21.0,,,1.0,1.0
173,2025-10-03,Davidson,VCU,Away,,1,2.0,1.0,,14.0,9.0,46.0,,,1.0,,2.0,1.0,11.0,8.0,42.0,,,2.0,
173,2025-10-05,Davidson,William & Mary,Away,,5,4.0,5.0,4.0,22.0,14.0,,,,,,4.0,3.0,8.0,7.0,,,,2.0,
173,2025-10-10,Davidson,Richmond,Home,,1,,1.0,2.0,14.0,7.0,,,1.0,3.0,,2.0,3.0,11.0,5.0,,,,2.0,
173,2025-10-17,Davidson,UC Davis,Home,,1,0.0,1.0,,10.0,3.0,,,1.0,2.0,,,,5.0,4.0,,,1.0,2.0,
173,2025-10-19,Davidson,Stanford,Home,,1,4.0,1.0,,9.0,3.0,,,,1.0,,4.0,3.0,17.0,7.0,,,,3.0,
173,2025-10-24,Davidson,Saint Joseph's,Away,,0,3.0,,,7.0,3.0,,,,,,3.0,3.0,19.0,9.0,,,,1.0,
173,2025-10-26,Davidson,Bucknell,Away,,0,1.0,,,15.0,8.0,,,,1.0,1.0,1.0,,17.0,7.0,,,1.0,2.0,3.0
173,2025-10-31,Davidson,Saint Louis,Home,,5,0.0,5.0,2.0,14.0,10.0,,,,1.0,,,,5.0,3.0,,,,2.0,
173,2025-11-02,Davidson,Queens (NC),Home,,3,1.0,3.0,2.0,30.0,15.0,,,,1.0,,1.0,,6.0,4.0,,,,1.0,
173,2025-11-06,Davidson,Richmond,Away,,2,4.0,2.0,,12.0,5.0,,,,1.0,,4.0,2.0,16.0,12.0,,,1.0,,2.0
180,2025-08-29,Delaware,Temple,Home,,4,5.0,4.0,3.0,16.0,10.0,46.0,,,,1.0,5.0,3.0,8.0,6.0,40.0,,1.0,1.0,
180,2025-08-31,Delaware,California,Home,,4,5.0,4.0,4.0,13.0,7.0,41.0,,1.0,,1.0,5.0,5.0,17.0,9.0,39.0,,3.0,1.0,
180,2025-09-05,Delaware,Penn St.,Away,,2,,2.0,2.0,10.0,8.0,,,1.0,,,3.0,1.0,16.0,7.0,,,,1.0,
180,2025-09-12,Delaware,Kent St.,Home,,2,0.0,2.0,4.0,13.0,7.0,34.0,,2.0,1.0,1.0,,,7.0,1.0,35.0,,1.0,1.0,
180,2025-09-14,Delaware,Bucknell,Home,,3,1.0,3.0,2.0,20.0,13.0,38.0,,,,,1.0,,4.0,1.0,46.0,,,1.0,
180,2025-09-19,Delaware,Northwestern,Home,,0,4.0,,,5.0,3.0,31.0,,2.0,,1.0,4.0,5.0,30.0,15.0,44.0,,,,
180,2025-09-21,Delaware,Lock Haven,Away,,4,0.0,4.0,4.0,13.0,9.0,29.0,,,,,,,6.0,3.0,26.0,,,2.0,
180,2025-09-24,Delaware,Saint Joseph's,Away,,1,2.0,1.0,1.0,9.0,6.0,,,,,,2.0,1.0,13.0,9.0,,,,,
180,2025-09-26,Delaware,William & Mary,Home,,6,1.0,6.0,5.0,20.0,16.0,43.0,,,,,1.0,,6.0,3.0,36.0,,,1.0,
180,2025-09-28,Delaware,Ohio St.,Home,,0,4.0,,,8.0,3.0,32.0,,,,,4.0,2.0,27.0,14.0,31.0,,,,
180,2025-10-03,Delaware,Towson,Away,,1,0.0,1.0,,22.0,9.0,,,,,,,,4.0,2.0,,,,,1.0
180,2025-10-05,Delaware,Drexel,Away,,2,1.0,2.0,2.0,5.0,3.0,3.0,,,,,1.0,,19.0,7.0,4.0,,2.0,2.0,
180,2025-10-12,Delaware,Wake Forest,Away,,1,4.0,1.0,,7.0,5.0,,,,1.0,,4.0,4.0,17.0,8.0,,,,3.0,1.0
180,2025-10-19,Delaware,Old Dominion,Home,,1,,1.0,,10.0,4.0,33.0,,,1.0,,2.0,2.0,10.0,9.0,44.0,,1.0,1.0,
180,2025-10-26,Delaware,American,Home,,1,5.0,1.0,2.0,5.0,2.0,38.0,,,1.0,1.0,5.0,6.0,14.0,11.0,37.0,,,,
180,2025-10-31,Delaware,Lafayette,Home,,4,6.0,4.0,3.0,18.0,12.0,35.0,,,,2.0,6.0,9.0,15.0,9.0,46.0,,,,
180,2025-11-02,Delaware,Penn,Away,,2,,2.0,1.0,20.0,7.0,,,,,,3.0,,12.0,6.0,,,,1.0,
180,2025-11-08,Delaware,UC Davis,Home,,2,1.0,2.0,1.0,15.0,6.0,,,,,,1.0,1.0,16.0,4.0,,,,,
191,2025-08-29,Drexel,Central Mich.,Home,,2,1.0,2.0,1.0,21.0,13.0,2.0,,1.0,2.0,,1.0,2.0,3.0,1.0,5.0,,,,
191,2025-08-31,Drexel,Lafayette,Away,,0,2.0,,,15.0,9.0,28.0,,,2.0,,2.0,1.0,6.0,2.0,27.0,,,,1.0
191,2025-09-04,Drexel,Indiana,Away,,0,3.0,,,12.0,7.0,,,,,,3.0,1.0,13.0,5.0,,,,1.0,
191,2025-09-06,Drexel,Louisville,Home,,1,0.0,1.0,,10.0,4.0,,,,,,,,5.0,1.0,,,,,
191,2025-09-12,Drexel,Rider,Home,,5,0.0,5.0,3.0,26.0,15.0,7.0,,,,,,,4.0,3.0,3.0,,,,
191,2025-09-16,Drexel,Temple,Home,,0,2.0,,,5.0,2.0,2.0,,1.0,1.0,,2.0,1.0,7.0,3.0,2.0,,,2.0,
191,2025-09-21,Drexel,Penn,Away,,2,4.0,2.0,2.0,8.0,7.0,,,,,,4.0,3.0,5.0,5.0,,,,1.0,1.0
191,2025-09-26,Drexel,Hofstra,Away,,2,1.0,2.0,1.0,11.0,8.0,26.0,,,1.0,,1.0,2.0,8.0,3.0,22.0,,,2.0,1.0
191,2025-09-28,Drexel,Maine,Home,,2,1.0,2.0,1.0,17.0,7.0,22.0,,1.0,1.0,,1.0,2.0,7.0,5.0,17.0,,,1.0,
191,2025-10-03,Drexel,La Salle,Home,,6,0.0,6.0,4.0,21.0,16.0,,,,,,,,1.0,1.0,,,,,
191,2025-10-05,Drexel,Delaware,Home,,1,2.0,1.0,,19.0,7.0,4.0,,2.0,2.0,,2.0,2.0,5.0,3.0,3.0,,,,
191,2025-10-10,Drexel,Monmouth,Away,,2,,2.0,3.0,12.0,7.0,,,,1.0,,3.0,5.0,9.0,5.0,,,,,
191,2025-10-12,Drexel,Saint Joseph's,Away,,3,,2.0,3.0,9.0,5.0,,,,1.0,,2.0,2.0,6.0,4.0,,,,2.0,
191,2025-10-17,Drexel,Towson,Home,,4,0.0,4.0,4.0,20.0,11.0,,,,1.0,,,,2.0,,1.0,,,,
191,2025-10-19,Drexel,Villanova,Home,,2,,2.0,1.0,19.0,7.0,,,,,,1.0,2.0,8.0,4.0,,,,2.0,
191,2025-10-24,Drexel,Northeastern,Away,,0,1.0,,,15.0,6.0,32.0,,,,,1.0,1.0,7.0,5.0,45.0,,,,1.0
191,2025-10-26,Drexel,Wagner,Away,,2,0.0,2.0,2.0,16.0,10.0,,,,2.0,,,,6.0,4.0,,,,1.0,1.0
191,2025-10-31,Drexel,William & Mary,Home,,5,1.0,5.0,5.0,14.0,10.0,21.0,,,1.0,,1.0,,4.0,4.0,13.0,,,,
191,2025-11-07,Drexel,Northeastern,Away,,3,2.0,3.0,3.0,11.0,8.0,,,,1.0,,2.0,2.0,10.0,5.0,,,,3.0,1.0
191,2025-11-09,Drexel,Monmouth,Away,,3,2.0,3.0,5.0,12.0,8.0,,,,1.0,,2.0,2.0,11.0,7.0,,,,,
191,2025-11-12,Drexel,Saint Joseph's,Home,,0,2.0,,,7.0,2.0,,,2.0,,,2.0,,6.0,5.0,,,,2.0,
193,2025-08-29,Duke,Liberty,Home,,3,4.0,3.0,2.0,9.0,7.0,,,,1.0,,4.0,4.0,9.0,5.0,,,,1.0,
193,2025-08-31,Duke,American,Away,,2,1.0,2.0,2.0,7.0,4.0,,,,1.0,1.0,1.0,,7.0,2.0,,,,,
193,2025-09-05,Duke,Northwestern,Home,,0,1.0,,,7.0,4.0,,,,,,1.0,2.0,6.0,2.0,,,,,
193,2025-09-07,Duke,Maryland,Home,,2,1.0,2.0,3.0,3.0,2.0,,,,,,1.0,1.0,7.0,4.0,,,,,
193,2025-09-12,Duke,William & Mary,Away,,9,0.0,9.0,7.0,29.0,21.0,,,,1.0,,,,1.0,1.0,,,,2.0,
193,2025-09-19,Duke,Stanford,Home,,2,0.0,2.0,2.0,5.0,4.0,,,,3.0,,,,10.0,3.0,,,1.0,2.0,
193,2025-09-21,Duke,California,Home,,2,0.0,2.0,,11.0,6.0,,,,1.0,,,,3.0,,,,,2.0,
193,2025-09-26,Duke,Syracuse,Away,,0,1.0,,,6.0,3.0,,,,1.0,,1.0,2.0,12.0,6.0,,,,1.0,1.0
193,2025-09-28,Duke,VCU,Away,,3,0.0,3.0,2.0,9.0,5.0,39.0,,,2.0,,,,2.0,2.0,33.0,,2.0,2.0,
193,2025-10-03,Duke,Virginia,Away,,0,,,,10.0,2.0,,,2.0,1.0,,1.0,,8.0,5.0,,,,2.0,
193,2025-10-05,Duke,James Madison,Away,,5,0.0,5.0,4.0,15.0,10.0,40.0,,,1.0,,,,5.0,2.0,54.0,,2.0,,
193,2025-10-10,Duke,Louisville,Home,,2,1.0,2.0,2.0,7.0,4.0,,,,,,1.0,1.0,2.0,2.0,,,,4.0,
193,2025-10-17,Duke,Boston College,Away,,3,1.0,3.0,4.0,17.0,8.0,,,1.0,,,1.0,,12.0,7.0,,,3.0,,
193,2025-10-19,Duke,UConn,Away,,1,0.0,1.0,2.0,8.0,7.0,,,,2.0,,,,8.0,3.0,1.0,,,,
193,2025-10-24,Duke,Wake Forest,Home,,1,3.0,1.0,1.0,9.0,5.0,,,,2.0,,3.0,4.0,5.0,5.0,,,1.0,2.0,
193,2025-10-26,Duke,Old Dominion,Home,,2,0.0,2.0,1.0,24.0,12.0,,,,1.0,,,,2.0,,,,,,
193,2025-10-31,Duke,North Carolina,Away,,1,,1.0,2.0,7.0,3.0,,,,1.0,,2.0,3.0,17.0,7.0,,,,1.0,
193,2025-11-04,Duke,California,Home,,7,1.0,7.0,5.0,28.0,15.0,,,,1.0,,1.0,,1.0,1.0,,,,,
193,2025-11-06,Duke,North Carolina,Home,,2,5.0,2.0,2.0,16.0,9.0,,,,2.0,,5.0,2.0,16.0,10.0,,,,,
193,2025-11-14,Duke,Iowa,Home,,2,1.0,2.0,1.0,13.0,7.0,,,,,,1.0,,12.0,5.0,,,2.0,1.0,
193,2025-11-16,Duke,North Carolina,Away,,1,,1.0,,7.0,6.0,,,,2.0,1.0,2.0,2.0,24.0,10.0,,,,,
220,2025-08-29,Fairfield,Lafayette,Away,,0,2.0,,,17.0,6.0,22.0,,,1.0,,2.0,1.0,10.0,7.0,27.0,,1.0,,1.0
220,2025-08-31,Fairfield,Syracuse,Away,,2,5.0,2.0,1.0,4.0,2.0,,,,,,5.0,5.0,19.0,11.0,,,,,
220,2025-09-05,Fairfield,Villanova,Home,,5,2.0,5.0,4.0,14.0,8.0,22.0,,,2.0,,2.0,1.0,4.0,2.0,25.0,,,2.0,
220,2025-09-07,Fairfield,Lehigh,Home,,5,0.0,5.0,3.0,23.0,20.0,29.0,,,2.0,,,,9.0,6.0,14.0,,,,
220,2025-09-12,Fairfield,Columbia,Away,,1,3.0,1.0,,15.0,9.0,8.0,,,,,3.0,1.0,4.0,4.0,4.0,,,,
220,2025-09-14,Fairfield,Brown,Away,,0,1.0,,,10.0,4.0,,,,5.0,,1.0,,12.0,4.0,,,,2.0,
220,2025-09-19,Fairfield,Wagner,Away,,3,,3.0,2.0,23.0,15.0,,,,,,2.0,2.0,8.0,5.0,,,,2.0,1.0
220,2025-09-26,Fairfield,Merrimack,Away,,6,0.0,6.0,1.0,24.0,15.0,,,,1.0,,,,2.0,1.0,,,1.0,,
220,2025-09-28,Fairfield,Stonehill,Away,,5,0.0,5.0,3.0,24.0,14.0,46.0,,1.0,1.0,,,,6.0,3.0,26.0,,,1.0,
220,2025-10-03,Fairfield,Sacred Heart,Home,,3,1.0,3.0,2.0,19.0,10.0,25.0,,,,,1.0,1.0,6.0,4.0,31.0,,,,
220,2025-10-05,Fairfield,New Haven,Home,,11,0.0,11.0,9.0,37.0,25.0,15.0,,,,,,,,,2.0,,,1.0,
220,2025-10-10,Fairfield,Hofstra,Away,,5,1.0,5.0,6.0,27.0,18.0,42.0,,,,,1.0,2.0,4.0,2.0,27.0,,,,
220,2025-10-12,Fairfield,Vermont,Away,,2,1.0,2.0,2.0,9.0,6.0,,,,,,1.0,1.0,18.0,10.0,,,,1.0,
220,2025-10-17,Fairfield,Mercyhurst,Away,,2,1.0,2.0,2.0,46.0,28.0,58.0,,,1.0,,1.0,1.0,2.0,2.0,56.0,,,1.0,1.0
220,2025-10-19,Fairfield,Rider,Home,,7,1.0,7.0,6.0,28.0,22.0,12.0,,,1.0,,1.0,1.0,6.0,2.0,10.0,,1.0,1.0,
220,2025-10-24,Fairfield,LIU,Home,,5,2.0,5.0,4.0,29.0,17.0,20.0,,,1.0,,2.0,1.0,3.0,3.0,19.0,,,,
220,2025-10-26,Fairfield,UConn,Home,,2,3.0,2.0,2.0,14.0,9.0,16.0,,,1.0,2.0,3.0,3.0,18.0,10.0,19.0,,,1.0,
220,2025-10-31,Fairfield,Saint Francis,Home,,5,1.0,5.0,4.0,22.0,13.0,32.0,,,2.0,,1.0,,5.0,2.0,18.0,,,4.0,
220,2025-11-06,Fairfield,Rider,Home,,2,0.0,2.0,2.0,17.0,7.0,26.0,,1.0,2.0,,,,,,29.0,,1.0,2.0,
220,2025-11-08,Fairfield,Wagner,Home,,3,0.0,3.0,2.0,21.0,11.0,21.0,,,,,,,7.0,2.0,29.0,,,,
220,2025-11-12,Fairfield,Boston U.,Home,,1,0.0,1.0,1.0,14.0,6.0,,,2.0,,,,,8.0,4.0,,,,1.0,2.0
220,2025-11-14,Fairfield,Princeton,Away,,1,3.0,1.0,1.0,4.0,1.0,,,,2.0,1.0,3.0,4.0,16.0,6.0,,,,,
251,2025-08-29,Georgetown,Davidson,Home,,2,1.0,2.0,2.0,10.0,6.0,39.0,,,1.0,,1.0,1.0,10.0,7.0,23.0,,,,
251,2025-08-31,Georgetown,App State,Home,,1,3.0,1.0,1.0,5.0,3.0,48.0,,,3.0,,3.0,2.0,16.0,10.0,47.0,,,,
251,2025-09-05,Georgetown,Sacred Heart,Home,,2,,2.0,1.0,21.0,7.0,33.0,,3.0,2.0,,3.0,3.0,14.0,9.0,25.0,,,1.0,1.0
251,2025-09-07,Georgetown,Lock Haven,Home,,4,1.0,4.0,2.0,21.0,13.0,35.0,,,1.0,,1.0,1.0,6.0,4.0,18.0,,,1.0,1.0
251,2025-09-12,Georgetown,Richmond,Away,,1,2.0,1.0,1.0,11.0,4.0,,,1.0,2.0,,2.0,3.0,14.0,7.0,,,,1.0,
251,2025-09-14,Georgetown,VCU,Away,,0,2.0,,,5.0,3.0,43.0,,,1.0,,2.0,3.0,6.0,2.0,35.0,,1.0,1.0,
251,2025-09-19,Georgetown,Temple,Home,,1,2.0,1.0,,12.0,9.0,34.0,,,1.0,,2.0,2.0,11.0,6.0,28.0,,,,
251,2025-09-26,Georgetown,Providence,Away,,0,2.0,,,6.0,1.0,,,,,,2.0,2.0,8.0,6.0,,,,,
251,2025-09-28,Georgetown,Holy Cross,Away,,1,,1.0,,13.0,8.0,,,1.0,2.0,,2.0,1.0,15.0,9.0,,,,2.0,
251,2025-10-03,Georgetown,Villanova,Home,,0,5.0,,,5.0,2.0,42.0,,,1.0,,5.0,4.0,16.0,12.0,46.0,,,,
251,2025-10-05,Georgetown,Towson,Away,,2,0.0,2.0,1.0,7.0,5.0,,,1.0,2.0,,,,16.0,2.0,,,,1.0,
251,2025-10-10,Georgetown,Liberty,Home,,0,1.0,,,2.0,,39.0,,1.0,2.0,,1.0,2.0,19.0,13.0,42.0,,1.0,3.0,
251,2025-10-12,Georgetown,Rider,Home,,3,,3.0,3.0,26.0,20.0,40.0,,,1.0,,4.0,1.0,12.0,10.0,38.0,,,,
251,2025-10-17,Georgetown,UConn,Away,,0,2.0,,,6.0,4.0,,,,,,2.0,3.0,12.0,7.0,,,,1.0,
251,2025-10-24,Georgetown,Quinnipiac,Home,,3,1.0,3.0,2.0,12.0,8.0,42.0,,,1.0,,1.0,,15.0,9.0,46.0,,,1.0,1.0
251,2025-10-26,Georgetown,Queens (NC),Home,,3,1.0,3.0,4.0,21.0,12.0,42.0,,,,,1.0,1.0,2.0,2.0,30.0,,,1.0,
251,2025-10-31,Georgetown,Old Dominion,Away,,1,3.0,1.0,,4.0,1.0,,,,,,3.0,5.0,17.0,9.0,,,,1.0,
275,2025-09-05,Harvard,California,Away,,2,,2.0,,12.0,2.0,40.0,,,1.0,,1.0,,6.0,1.0,37.0,,,,
275,2025-09-07,Harvard,Stanford,Away,,3,,2.0,1.0,17.0,8.0,,,,1.0,,2.0,1.0,8.0,7.0,,,,1.0,
275,2025-09-12,Harvard,Ohio St.,Home,,2,,2.0,,11.0,7.0,20.0,,1.0,2.0,,1.0,2.0,7.0,4.0,27.0,,,1.0,
275,2025-09-14,Harvard,UConn,Away,,2,0.0,2.0,1.0,10.0,8.0,1.0,,,1.0,,,,7.0,4.0,,,,3.0,
275,2025-09-19,Harvard,Dartmouth,Home,,7,0.0,7.0,6.0,30.0,22.0,26.0,,,1.0,,,,1.0,,22.0,,,,
275,2025-09-21,Harvard,Northeastern,Away,,2,0.0,2.0,2.0,16.0,10.0,28.0,,,,,,,5.0,4.0,24.0,,,1.0,
275,2025-09-26,Harvard,Princeton,Away,,3,1.0,3.0,3.0,5.0,4.0,,,,1.0,,1.0,1.0,14.0,7.0,,,,,
275,2025-09-28,Harvard,Monmouth,Away,,2,0.0,2.0,,16.0,10.0,,,,3.0,,,,6.0,,,,,1.0,
275,2025-10-04,Harvard,Penn,Home,,6,1.0,6.0,5.0,18.0,14.0,,,,,1.0,1.0,1.0,6.0,4.0,,,,,
275,2025-10-06,Harvard,Boston U.,Away,,7,0.0,7.0,6.0,17.0,12.0,,,,,,,,11.0,3.0,,,,1.0,
275,2025-10-11,Harvard,Cornell,Away,,2,1.0,2.0,3.0,14.0,9.0,,,,,,1.0,2.0,10.0,3.0,,,,,
275,2025-10-17,Harvard,Brown,Home,,3,1.0,3.0,1.0,9.0,6.0,23.0,,,1.0,,1.0,1.0,5.0,3.0,23.0,,1.0,1.0,1.0
275,2025-10-19,Harvard,UMass Lowell,Away,,5,1.0,5.0,2.0,25.0,17.0,,,3.0,,,1.0,1.0,7.0,4.0,,,,1.0,1.0
275,2025-10-24,Harvard,Columbia,Home,,2,0.0,2.0,2.0,17.0,11.0,24.0,,,2.0,,,,1.0,1.0,20.0,,,1.0,2.0
275,2025-10-26,Harvard,Massachusetts,Away,,1,0.0,1.0,2.0,10.0,6.0,,,,2.0,,,,4.0,1.0,,,,2.0,
275,2025-10-31,Harvard,Yale,Away,,2,1.0,2.0,1.0,14.0,8.0,,,,3.0,,1.0,2.0,5.0,1.0,,,,1.0,
275,2025-11-07,Harvard,Brown,Home,,2,0.0,2.0,1.0,12.0,8.0,,,,,,,,10.0,5.0,,,1.0,,
275,2025-11-09,Harvard,Princeton,Home,,1,2.0,1.0,,9.0,2.0,,,,1.0,,2.0,2.0,5.0,3.0,,,1.0,1.0,
275,2025-11-14,Harvard,New Hampshire,Home,,8,2.0,8.0,8.0,24.0,15.0,14.0,,,,,2.0,3.0,9.0,5.0,18.0,,,1.0,
275,2025-11-16,Harvard,UConn,Home,,1,0.0,1.0,,18.0,9.0,24.0,,,1.0,,,,8.0,4.0,19.0,,,1.0,1.0
275,2025-11-21,Harvard,Princeton,Home,,0,2.0,,,5.0,3.0,,,2.0,,,2.0,,8.0,3.0,,,,2.0,
283,2025-08-29,Hofstra,UAlbany,Away,,2,3.0,2.0,,6.0,3.0,,,1.0,1.0,,3.0,4.0,6.0,5.0,,,,1.0,
283,2025-08-31,Hofstra,Sacred Heart,Home,,2,0.0,2.0,,22.0,13.0,38.0,,1.0,1.0,,,,10.0,5.0,35.0,,,1.0,
283,2025-09-05,Hofstra,Rider,Home,,3,,3.0,2.0,25.0,16.0,36.0,,5.0,2.0,,2.0,3.0,16.0,11.0,35.0,,2.0,3.0,1.0
283,2025-09-07,Hofstra,Bryant,Away,,2,,2.0,,10.0,5.0,,,1.0,1.0,,1.0,1.0,9.0,4.0,,,1.0,,
283,2025-09-12,Hofstra,Yale,Away,,1,2.0,1.0,1.0,5.0,3.0,,,,1.0,,2.0,2.0,29.0,13.0,,,,1.0,
283,2025-09-14,Hofstra,Villanova,Home,,2,,2.0,1.0,13.0,9.0,41.0,,,3.0,,1.0,2.0,13.0,8.0,42.0,,,1.0,
283,2025-09-21,Hofstra,UC Davis,Home,,2,1.0,2.0,2.0,17.0,9.0,40.0,,,1.0,,1.0,,3.0,2.0,18.0,,,1.0,1.0
283,2025-09-26,Hofstra,Drexel,Home,,1,2.0,1.0,2.0,8.0,3.0,22.0,,,2.0,1.0,2.0,1.0,11.0,8.0,26.0,,,1.0,
283,2025-09-28,Hofstra,Providence,Away,,1,3.0,1.0,1.0,11.0,4.0,,,,1.0,,3.0,3.0,15.0,10.0,,,,1.0,
283,2025-10-03,Hofstra,Monmouth,Away,,0,4.0,,,5.0,2.0,,,,1.0,,4.0,5.0,21.0,10.0,,,,,
283,2025-10-05,Hofstra,Columbia,Away,,2,3.0,2.0,2.0,11.0,6.0,8.0,,,,,3.0,1.0,9.0,5.0,20.0,,,1.0,
283,2025-10-10,Hofstra,Fairfield,Home,,1,5.0,1.0,2.0,4.0,2.0,27.0,,,,,5.0,6.0,27.0,18.0,42.0,,,,
283,2025-10-12,Hofstra,Wagner,Home,,4,,4.0,5.0,22.0,8.0,46.0,,,,,3.0,2.0,10.0,5.0,37.0,,,1.0,
283,2025-10-17,Hofstra,Northeastern,Away,,1,2.0,1.0,1.0,8.0,4.0,34.0,,1.0,2.0,1.0,2.0,2.0,15.0,9.0,25.0,,2.0,2.0,
283,2025-10-19,Hofstra,New Haven,Home,,7,0.0,7.0,9.0,26.0,13.0,49.0,,,2.0,,,,3.0,1.0,20.0,,,,
283,2025-10-24,Hofstra,William & Mary,Away,,2,0.0,2.0,2.0,18.0,15.0,,,,2.0,,,,12.0,6.0,,,,1.0,1.0
283,2025-10-31,Hofstra,Towson,Home,,4,2.0,4.0,2.0,10.0,6.0,43.0,,,1.0,,2.0,2.0,13.0,6.0,28.0,,,,
283,2025-11-07,Hofstra,Monmouth,Away,,0,5.0,,,,,,,3.0,1.0,1.0,5.0,2.0,24.0,14.0,,,,1.0,
285,2025-08-29,Holy Cross,Quinnipiac,Home,,1,2.0,1.0,1.0,12.0,10.0,,,,1.0,,2.0,3.0,18.0,13.0,,,2.0,1.0,
285,2025-08-31,Holy Cross,Merrimack,Home,,7,0.0,7.0,5.0,33.0,29.0,,,,,,,,6.0,4.0,,,,1.0,1.0
285,2025-09-05,Holy Cross,Providence,Home,,1,2.0,1.0,1.0,6.0,5.0,,,,,3.0,2.0,1.0,21.0,14.0,,,,,
285,2025-09-07,Holy Cross,Northeastern,Away,,2,4.0,2.0,4.0,15.0,12.0,34.0,,,,,4.0,4.0,15.0,10.0,35.0,,,,1.0
285,2025-09-12,Holy Cross,Stonehill,Home,,3,2.0,3.0,3.0,18.0,11.0,,,1.0,2.0,1.0,2.0,2.0,15.0,11.0,,,,3.0,
285,2025-09-19,Holy Cross,UAlbany,Home,,3,4.0,3.0,3.0,15.0,12.0,,,,1.0,,4.0,2.0,11.0,11.0,,,1.0,2.0,
285,2025-09-23,Holy Cross,Bryant,Away,,2,1.0,2.0,2.0,10.0,7.0,,,,2.0,,1.0,,8.0,5.0,,,,1.0,
285,2025-09-26,Holy Cross,Boston U.,Home,,2,3.0,2.0,3.0,10.0,6.0,,,,,1.0,3.0,2.0,21.0,17.0,,,,1.0,1.0
285,2025-09-28,Holy Cross,Georgetown,Home,,2,,2.0,1.0,15.0,9.0,,,,2.0,,1.0,,13.0,8.0,,,1.0,2.0,
285,2025-10-04,Holy Cross,Bucknell,Away,,1,4.0,1.0,,8.0,5.0,,,,,,4.0,5.0,18.0,11.0,,,,,
285,2025-10-10,Holy Cross,Lafayette,Away,,2,6.0,2.0,1.0,8.0,3.0,28.0,,,,2.0,6.0,5.0,28.0,19.0,29.0,,,1.0,
285,2025-10-14,Holy Cross,Dartmouth,Away,,0,4.0,,,4.0,3.0,,,,,,4.0,,13.0,10.0,,,,,
285,2025-10-18,Holy Cross,Lehigh,Home,,2,0.0,2.0,1.0,14.0,6.0,,,2.0,1.0,1.0,,,15.0,8.0,,,,1.0,
285,2025-10-24,Holy Cross,Colgate,Home,,4,,4.0,4.0,22.0,16.0,,,,,,3.0,4.0,15.0,11.0,,,,1.0,
285,2025-10-26,Holy Cross,Maine,Home,,0,2.0,,,15.0,7.0,,,,2.0,1.0,2.0,4.0,24.0,17.0,,,,,
285,2025-11-01,Holy Cross,American,Away,,1,3.0,1.0,,9.0,5.0,,,,,1.0,3.0,,14.0,8.0,,,,2.0,
306,2025-08-30,Indiana,Boston College,Home,,1,2.0,1.0,1.0,3.0,2.0,22.0,,,,,2.0,3.0,8.0,6.0,29.0,,2.0,,
306,2025-09-01,Indiana,Maine,Away,,4,3.0,4.0,3.0,20.0,16.0,14.0,,,,,3.0,1.0,8.0,7.0,13.0,,,1.0,
306,2025-09-04,Indiana,Drexel,Home,,3,0.0,3.0,1.0,13.0,5.0,,,,1.0,,,,12.0,7.0,,,,,
306,2025-09-07,Indiana,Louisville,Home,,4,5.0,4.0,3.0,7.0,5.0,,,,,2.0,5.0,6.0,17.0,8.0,,,,1.0,
306,2025-09-12,Indiana,Lock Haven,Home,,12,0.0,12.0,9.0,43.0,33.0,,,,,,,,2.0,,,,,,
306,2025-09-14,Indiana,Saint Francis,Home,,5,1.0,5.0,5.0,38.0,23.0,,,,,,1.0,1.0,3.0,2.0,,,1.0,,1.0
306,2025-09-19,Indiana,Iowa,Home,,2,3.0,2.0,2.0,15.0,7.0,,,,1.0,,3.0,3.0,10.0,6.0,,,,1.0,1.0
306,2025-09-21,Indiana,Iowa,Home,,1,3.0,1.0,2.0,12.0,7.0,,,,,2.0,3.0,2.0,9.0,7.0,,,,,
306,2025-09-26,Indiana,Northwestern,Away,,0,5.0,,,6.0,4.0,,,,1.0,,5.0,6.0,14.0,8.0,,,,,1.0
306,2025-10-03,Indiana,UC Davis,Home,,5,0.0,5.0,5.0,15.0,9.0,,,,1.0,,,,4.0,,,,,,
306,2025-10-10,Indiana,Rutgers,Home,,0,4.0,,,13.0,4.0,,,,1.0,,4.0,4.0,8.0,6.0,,,,1.0,1.0
306,2025-10-13,Indiana,Miami (OH),Away,,2,3.0,2.0,2.0,10.0,5.0,,,1.0,,,3.0,3.0,14.0,10.0,,,1.0,1.0,
306,2025-10-17,Indiana,Maryland,Away,,2,,1.0,1.0,9.0,4.0,,,,,,1.0,1.0,13.0,8.0,,,,,
306,2025-10-19,Indiana,Penn St.,Away,,3,1.0,3.0,2.0,17.0,12.0,,,,1.0,,1.0,1.0,9.0,6.0,,,,2.0,2.0
306,2025-10-24,Indiana,Ohio St.,Home,,2,,2.0,1.0,9.0,6.0,,,,1.0,,1.0,,12.0,9.0,,,,2.0,
306,2025-10-26,Indiana,Michigan St.,Home,,6,1.0,6.0,4.0,26.0,13.0,,,,2.0,,1.0,1.0,1.0,1.0,,,,1.0,
306,2025-10-31,Indiana,Michigan,Away,,1,3.0,1.0,,8.0,3.0,,,,,5.0,3.0,1.0,15.0,12.0,,,,,
306,2025-11-06,Indiana,Iowa,Home,,0,1.0,,,6.0,2.0,,,,,,1.0,2.0,10.0,4.0,,,,,
312,2025-08-29,Iowa,Wake Forest,Home,,5,4.0,5.0,4.0,12.0,7.0,,,2.0,2.0,,4.0,4.0,11.0,5.0,,,1.0,2.0,
312,2025-08-31,Iowa,North Carolina,Home,,1,4.0,1.0,1.0,10.0,7.0,,,,,,4.0,3.0,10.0,7.0,,,,2.0,
312,2025-09-05,Iowa,Kent St.,Home,,4,1.0,4.0,3.0,17.0,13.0,,,,1.0,,1.0,1.0,6.0,4.0,,,,1.0,1.0
312,2025-09-07,Iowa,Queens (NC),Home,,8,1.0,8.0,4.0,40.0,25.0,,,,,,1.0,1.0,1.0,1.0,,,,,
312,2025-09-12,Iowa,Miami (OH),Home,,3,1.0,3.0,4.0,12.0,7.0,,,,,,1.0,1.0,18.0,11.0,,,,,
312,2025-09-14,Iowa,Louisville,Away,,5,1.0,5.0,1.0,14.0,8.0,,,,2.0,,1.0,2.0,10.0,9.0,,,,1.0,
312,2025-09-19,Iowa,Indiana,Away,,3,2.0,3.0,3.0,10.0,6.0,,,,1.0,1.0,2.0,2.0,15.0,7.0,,,,1.0,
312,2025-09-21,Iowa,Indiana,Away,,3,1.0,3.0,2.0,9.0,7.0,,,,,,1.0,2.0,12.0,7.0,,,,,2.0
312,2025-10-03,Iowa,Northwestern,Home,,1,3.0,1.0,2.0,10.0,6.0,,,1.0,,,3.0,5.0,21.0,14.0,,,,1.0,
312,2025-10-10,Iowa,Maryland,Home,,1,2.0,1.0,,19.0,10.0,,,,,,2.0,3.0,19.0,13.0,,,,1.0,1.0
312,2025-10-12,Iowa,Saint Louis,Home,,7,0.0,7.0,3.0,28.0,16.0,,,,1.0,,,,3.0,2.0,,,,,
312,2025-10-17,Iowa,Penn St.,Away,,0,,,,16.0,5.0,,,,,,1.0,,11.0,7.0,,,,2.0,
312,2025-10-19,Iowa,Rutgers,Away,,4,,4.0,4.0,16.0,11.0,,,1.0,,,3.0,4.0,10.0,5.0,,,,,
312,2025-10-23,Iowa,Michigan St.,Home,,6,0.0,6.0,3.0,19.0,11.0,,,,,,,,7.0,1.0,,,,,
312,2025-10-26,Iowa,Michigan,Home,,2,0.0,2.0,3.0,10.0,8.0,,,,,,,,7.0,2.0,,,,1.0,
312,2025-10-31,Iowa,Ohio St.,Away,,3,,3.0,2.0,15.0,8.0,,,,,,2.0,2.0,17.0,9.0,,,,3.0,
312,2025-11-06,Iowa,Indiana,Home,,1,0.0,1.0,2.0,10.0,4.0,,,,,,,,6.0,2.0,,,,,
312,2025-11-07,Iowa,Ohio St.,Home,,3,1.0,3.0,2.0,8.0,6.0,,,,1.0,,1.0,,12.0,8.0,,,,1.0,
312,2025-11-09,Iowa,Northwestern,Home,,0,3.0,,,3.0,3.0,,,,1.0,,3.0,4.0,16.0,9.0,,,,,
312,2025-11-14,Iowa,Duke,Home,,1,2.0,1.0,,12.0,5.0,,,2.0,1.0,,2.0,1.0,13.0,7.0,,,,,
317,2025-08-29,James Madison,Villanova,Home,,3,2.0,3.0,5.0,9.0,7.0,,,,1.0,,2.0,,11.0,4.0,,,,2.0,
317,2025-08-31,James Madison,Stanford,Home,,0,1.0,,,4.0,3.0,,,,1.0,,1.0,1.0,25.0,12.0,,,1.0,1.0,
317,2025-09-03,James Madison,Liberty,Away,,1,4.0,1.0,1.0,6.0,5.0,,,,,,4.0,4.0,18.0,11.0,,,,,
317,2025-09-05,James Madison,Richmond,Away,,2,,2.0,1.0,19.0,10.0,,,,,,1.0,2.0,14.0,8.0,,,,1.0,2.0
317,2025-09-07,James Madison,American,Away,,4,1.0,4.0,3.0,17.0,13.0,,,2.0,,,1.0,1.0,5.0,2.0,,,2.0,1.0,1.0
317,2025-09-12,James Madison,Towson,Home,,3,1.0,3.0,1.0,16.0,10.0,36.0,,2.0,1.0,,1.0,,7.0,2.0,46.0,,2.0,1.0,
317,2025-09-14,James Madison,Virginia,Away,,1,4.0,1.0,,5.0,4.0,,,,,,4.0,3.0,20.0,7.0,,,,1.0,
317,2025-09-19,James Madison,Central Mich.,Away,,5,2.0,5.0,1.0,17.0,12.0,30.0,,,,,2.0,2.0,11.0,8.0,18.0,,,,
317,2025-09-21,James Madison,Michigan,Away,,3,1.0,3.0,2.0,10.0,6.0,,,,2.0,,1.0,2.0,29.0,13.0,,,,,1.0
317,2025-09-26,James Madison,Longwood,Home,,5,0.0,5.0,3.0,23.0,14.0,35.0,,2.0,,,,,2.0,1.0,37.0,,,,
317,2025-09-28,James Madison,App State,Away,,4,,4.0,1.0,12.0,8.0,,,,2.0,,5.0,5.0,19.0,16.0,,,,2.0,
317,2025-10-03,James Madison,Ball St.,Home,,5,0.0,5.0,,33.0,16.0,45.0,,,1.0,,,,7.0,4.0,41.0,,,,
317,2025-10-05,James Madison,Duke,Home,,0,5.0,,,5.0,2.0,54.0,,2.0,,,5.0,4.0,15.0,10.0,40.0,,,1.0,
317,2025-10-10,James Madison,Miami (OH),Home,,1,3.0,1.0,,13.0,8.0,39.0,,1.0,3.0,,3.0,2.0,12.0,7.0,44.0,,,,
317,2025-10-17,James Madison,Massachusetts,Home,,1,,1.0,1.0,14.0,8.0,77.0,,,1.0,,1.0,1.0,19.0,6.0,59.0,,1.0,1.0,
317,2025-10-19,James Madison,Bellarmine,Away,,5,0.0,5.0,5.0,28.0,16.0,,,,,,,,3.0,2.0,,,,1.0,
317,2025-10-26,James Madison,Kent St.,Away,,3,,3.0,1.0,17.0,8.0,,,,,,2.0,2.0,13.0,7.0,,,1.0,1.0,1.0
317,2025-10-31,James Madison,Ohio,Home,,3,1.0,3.0,2.0,10.0,5.0,49.0,,,2.0,,1.0,,6.0,5.0,39.0,,,,
317,2025-11-05,James Madison,Central Mich.,Home,,4,1.0,4.0,3.0,24.0,20.0,52.0,,1.0,2.0,,1.0,1.0,7.0,1.0,29.0,,,,1.0
317,2025-11-06,James Madison,Miami (OH),Home,,1,2.0,1.0,1.0,5.0,3.0,54.0,,1.0,1.0,1.0,2.0,4.0,16.0,12.0,40.0,,,1.0,
331,2025-08-29,Kent St.,Mercyhurst,Home,,10,1.0,10.0,7.0,39.0,22.0,,,,,,1.0,1.0,3.0,1.0,,,,,1.0
331,2025-08-31,Kent St.,Ohio St.,Away,,3,9.0,3.0,2.0,10.0,4.0,,,,2.0,1.0,9.0,2.0,29.0,20.0,,,1.0,1.0,
331,2025-09-05,Kent St.,Iowa,Away,,1,4.0,1.0,1.0,6.0,4.0,,,,1.0,1.0,4.0,3.0,17.0,13.0,,,,1.0,
331,2025-09-12,Kent St.,Delaware,Away,,0,2.0,,,7.0,1.0,35.0,,1.0,1.0,,2.0,4.0,13.0,7.0,34.0,,2.0,1.0,1.0
331,2025-09-14,Kent St.,Penn St.,Away,,2,5.0,2.0,,9.0,5.0,,,,,,5.0,4.0,25.0,16.0,,,,2.0,
331,2025-09-19,Kent St.,Massachusetts,Away,,0,4.0,,,11.0,7.0,,,,1.0,,4.0,5.0,19.0,13.0,,,,1.0,
331,2025-09-21,Kent St.,UMass Lowell,Away,,2,,2.0,1.0,10.0,5.0,,,,1.0,,3.0,1.0,9.0,7.0,,,1.0,1.0,
331,2025-09-26,Kent St.,Miami (OH),Home,,0,7.0,,,3.0,,,,1.0,1.0,1.0,7.0,9.0,27.0,18.0,,,,,
331,2025-09-28,Kent St.,Ball St.,Away,,1,,1.0,1.0,17.0,9.0,,,,,1.0,,,17.0,9.0,,,,1.0,
331,2025-10-05,Kent St.,Longwood,Home,,2,,2.0,1.0,29.0,19.0,,,,,,3.0,2.0,4.0,3.0,,,,2.0,2.0
331,2025-10-10,Kent St.,Bellarmine,Away,,3,0.0,3.0,,15.0,8.0,,,1.0,1.0,,,,4.0,1.0,,,,,1.0
331,2025-10-17,Kent St.,Ohio,Home,,4,6.0,4.0,2.0,19.0,13.0,,,,,2.0,6.0,2.0,18.0,11.0,,,,,2.0
331,2025-10-19,Kent St.,Central Mich.,Away,,1,,1.0,1.0,32.0,17.0,11.0,,,1.0,1.0,,,10.0,6.0,10.0,,,1.0,2.0
331,2025-10-26,Kent St.,James Madison,Home,,2,,2.0,2.0,13.0,7.0,,,1.0,1.0,1.0,3.0,1.0,17.0,8.0,,,,,
331,2025-10-31,Kent St.,App State,Away,,0,9.0,,,8.0,5.0,,,,1.0,1.0,9.0,6.0,19.0,17.0,,,,,1.0
361,2025-08-31,LIU,Monmouth,Away,,1,9.0,1.0,1.0,11.0,7.0,,,,,,9.0,9.0,48.0,24.0,,,,,1.0
361,2025-09-05,LIU,Yale,Away,,2,8.0,2.0,1.0,7.0,5.0,,,,,1.0,8.0,5.0,34.0,22.0,,,,,1.0
361,2025-09-07,LIU,Columbia,Away,,2,3.0,2.0,2.0,7.0,3.0,23.0,,,,,3.0,1.0,26.0,14.0,22.0,,,1.0,
361,2025-09-13,LIU,Central Mich.,Away,,6,9.0,6.0,4.0,25.0,18.0,37.0,1.0,,,,9.0,7.0,23.0,15.0,34.0,,1.0,1.0,
361,2025-09-14,LIU,Colgate,Away,,1,4.0,1.0,1.0,10.0,5.0,31.0,,,1.0,,4.0,3.0,12.0,6.0,40.0,,,1.0,
361,2025-09-19,LIU,Saint Francis,Away,,2,6.0,2.0,1.0,5.0,4.0,31.0,,2.0,,,6.0,4.0,26.0,22.0,36.0,,,1.0,
361,2025-09-22,LIU,UC Davis,Home,,1,6.0,1.0,1.0,6.0,,7.0,,,1.0,,6.0,5.0,12.0,,2.0,,,1.0,
361,2025-09-26,LIU,Mercyhurst,Home,,5,0.0,5.0,4.0,17.0,14.0,,,,1.0,,,,,,,,,1.0,
361,2025-09-28,LIU,Lehigh,Away,,2,3.0,2.0,2.0,8.0,7.0,14.0,,,,,3.0,2.0,24.0,12.0,18.0,,,,1.0
361,2025-10-03,LIU,Stonehill,Away,,1,6.0,1.0,,12.0,11.0,38.0,,,1.0,,6.0,4.0,24.0,16.0,27.0,,,,
361,2025-10-06,LIU,Cornell,Away,,0,6.0,,,6.0,3.0,,,1.0,1.0,,6.0,8.0,34.0,22.0,,,,,
361,2025-10-10,LIU,Wagner,Home,,1,2.0,1.0,1.0,7.0,5.0,,,,,,2.0,1.0,9.0,8.0,,,,1.0,
361,2025-10-17,LIU,Rider,Away,,2,6.0,2.0,1.0,10.0,9.0,67.0,,2.0,3.0,2.0,6.0,5.0,17.0,12.0,66.0,,,2.0,
361,2025-10-19,LIU,Merrimack,Home,,5,1.0,5.0,4.0,22.0,19.0,,,,1.0,,1.0,,11.0,6.0,,,,,
361,2025-10-24,LIU,Fairfield,Away,,2,5.0,2.0,1.0,3.0,3.0,19.0,,,,,5.0,4.0,29.0,17.0,20.0,,,1.0,
361,2025-10-26,LIU,La Salle,Away,,2,4.0,2.0,1.0,17.0,9.0,25.0,,1.0,,1.0,4.0,1.0,20.0,9.0,23.0,,,,1.0
361,2025-10-31,LIU,Sacred Heart,Home,,1,2.0,1.0,,7.0,3.0,,,,1.0,,2.0,2.0,10.0,5.0,,,,,
361,2025-11-02,LIU,New Haven,Away,,8,0.0,8.0,5.0,35.0,19.0,35.0,,,,,,,13.0,6.0,28.0,,,1.0,1.0
340,2025-08-29,La Salle,Lehigh,Home,,0,4.0,,,9.0,1.0,2.0,,,,,4.0,2.0,28.0,22.0,10.0,,,,
340,2025-09-05,La Salle,New Haven,Home,,9,1.0,9.0,3.0,27.0,21.0,4.0,,,,,1.0,1.0,4.0,3.0,1.0,,1.0,,
340,2025-09-07,La Salle,Saint Francis,Home,,0,2.0,,,5.0,3.0,10.0,,3.0,,1.0,2.0,3.0,13.0,9.0,22.0,,1.0,,
340,2025-09-12,La Salle,Villanova,Away,,0,3.0,,,2.0,2.0,39.0,,,,,3.0,2.0,16.0,10.0,34.0,,,,
340,2025-09-14,La Salle,Cornell,Home,,0,2.0,,,4.0,2.0,,,,,,2.0,,33.0,20.0,,,,,
340,2025-09-19,La Salle,Davidson,Away,,2,3.0,2.0,3.0,7.0,4.0,,,,,1.0,3.0,4.0,22.0,18.0,,,,1.0,
340,2025-09-21,La Salle,Queens (NC),Away,,2,,2.0,1.0,12.0,8.0,33.0,,,1.0,,1.0,2.0,15.0,10.0,36.0,,,1.0,1.0
340,2025-09-26,La Salle,Richmond,Home,,1,,1.0,1.0,6.0,2.0,22.0,,,1.0,1.0,2.0,2.0,18.0,11.0,33.0,,,1.0,
340,2025-09-28,La Salle,Bryant,Home,,2,1.0,2.0,,15.0,6.0,31.0,,,1.0,,1.0,1.0,5.0,2.0,25.0,,1.0,2.0,
340,2025-10-03,La Salle,Drexel,Away,,0,6.0,,,1.0,1.0,,,,,,6.0,4.0,21.0,16.0,,,,,
340,2025-10-05,La Salle,Rider,Home,,3,,3.0,2.0,13.0,7.0,27.0,,1.0,,2.0,4.0,,22.0,16.0,22.0,,4.0,,
340,2025-10-10,La Salle,Lock Haven,Home,,3,0.0,3.0,1.0,19.0,11.0,24.0,,,2.0,,,,12.0,5.0,18.0,,,,
340,2025-10-12,La Salle,Mercyhurst,Home,,4,0.0,4.0,5.0,25.0,10.0,19.0,,1.0,1.0,,,,6.0,,23.0,,,,2.0
340,2025-10-17,La Salle,Saint Louis,Away,,2,,1.0,2.0,22.0,11.0,,,,,2.0,1.0,1.0,14.0,10.0,,,,2.0,
340,2025-10-24,La Salle,VCU,Away,,0,1.0,,,,,49.0,,,,,1.0,2.0,19.0,10.0,36.0,,,,
340,2025-10-26,La Salle,LIU,Home,,4,2.0,4.0,1.0,20.0,9.0,23.0,,,,1.0,2.0,1.0,17.0,9.0,25.0,,1.0,,1.0
340,2025-10-31,La Salle,Saint Joseph's,Away,,1,7.0,1.0,2.0,2.0,2.0,,,,,,7.0,8.0,22.0,15.0,,,,1.0,
340,2025-11-02,La Salle,William & Mary,Home,,2,3.0,2.0,,13.0,8.0,25.0,,,1.0,,3.0,2.0,12.0,5.0,24.0,,,1.0,
342,2025-08-29,Lafayette,Fairfield,Home,,2,0.0,2.0,1.0,10.0,7.0,27.0,,1.0,,1.0,,,17.0,6.0,22.0,,,1.0,
342,2025-08-31,Lafayette,Drexel,Home,,2,0.0,2.0,1.0,6.0,2.0,27.0,,,,1.0,,,15.0,9.0,28.0,,,2.0,
342,2025-09-05,Lafayette,Longwood,Away,,6,0.0,6.0,5.0,28.0,14.0,26.0,,,2.0,1.0,,,3.0,2.0,10.0,,,1.0,1.0
342,2025-09-07,Lafayette,William & Mary,Away,,1,2.0,1.0,1.0,11.0,6.0,,,,1.0,1.0,2.0,1.0,8.0,5.0,,,,1.0,
342,2025-09-12,Lafayette,Temple,Away,,0,1.0,,,7.0,4.0,29.0,,,,,1.0,1.0,6.0,4.0,34.0,,,,
342,2025-09-14,Lafayette,Syracuse,Home,,2,5.0,2.0,2.0,7.0,5.0,32.0,,,2.0,1.0,5.0,3.0,21.0,14.0,26.0,,,1.0,
342,2025-09-19,Lafayette,Lehigh,Away,,3,0.0,3.0,5.0,22.0,15.0,19.0,,,,,,,5.0,2.0,11.0,,,,2.0
342,2025-09-21,Lafayette,Penn St.,Home,,3,,2.0,2.0,9.0,4.0,43.0,,1.0,2.0,,2.0,1.0,16.0,11.0,36.0,,,1.0,
342,2025-09-26,Lafayette,Bucknell,Home,,2,,2.0,2.0,12.0,6.0,21.0,,,1.0,,1.0,1.0,10.0,5.0,27.0,,,2.0,
342,2025-09-28,Lafayette,Dartmouth,Home,,5,0.0,5.0,4.0,27.0,19.0,35.0,,,1.0,,,,5.0,,25.0,,,,1.0
342,2025-10-03,Lafayette,American,Away,,1,3.0,1.0,2.0,10.0,4.0,,,,,1.0,3.0,3.0,11.0,10.0,,,,1.0,
342,2025-10-10,Lafayette,Holy Cross,Home,,6,2.0,6.0,5.0,28.0,19.0,29.0,,,1.0,,2.0,1.0,8.0,3.0,28.0,,,,2.0
342,2025-10-12,Lafayette,Quinnipiac,Away,,0,,,,16.0,9.0,44.0,,,,,,,11.0,1.0,36.0,,,1.0,
342,2025-10-18,Lafayette,Colgate,Home,,3,2.0,3.0,3.0,17.0,11.0,16.0,,,1.0,,2.0,2.0,4.0,2.0,16.0,,,,
342,2025-10-24,Lafayette,Boston U.,Away,,1,0.0,1.0,,5.0,4.0,,,,,1.0,,,7.0,3.0,,,,1.0,1.0
342,2025-10-26,Lafayette,New Hampshire,Home,,1,2.0,1.0,1.0,13.0,11.0,35.0,,2.0,2.0,,2.0,,14.0,11.0,32.0,,,1.0,1.0
342,2025-10-31,Lafayette,Delaware,Away,,6,4.0,6.0,9.0,15.0,9.0,46.0,,,,,4.0,3.0,18.0,12.0,35.0,,,,2.0
342,2025-11-06,Lafayette,Bucknell,Home,,2,1.0,2.0,,13.0,11.0,,,,,,1.0,,7.0,2.0,,,,1.0,
342,2025-11-08,Lafayette,Boston U.,Home,,2,3.0,2.0,2.0,9.0,4.0,,,,,,3.0,3.0,12.0,7.0,,,1.0,1.0,
352,2025-08-29,Lehigh,La Salle,Away,,4,0.0,4.0,2.0,28.0,22.0,10.0,,,,,,,9.0,1.0,2.0,,,,
352,2025-09-05,Lehigh,Wagner,Home,,0,2.0,,,9.0,5.0,8.0,,,,,2.0,1.0,11.0,7.0,8.0,,,1.0,
352,2025-09-07,Lehigh,Fairfield,Away,,0,5.0,,,9.0,6.0,14.0,,,,,5.0,3.0,23.0,20.0,29.0,,,2.0,
352,2025-09-12,Lehigh,Monmouth,Home,,3,4.0,3.0,1.0,10.0,4.0,5.0,,,1.0,1.0,4.0,3.0,19.0,11.0,5.0,,,,
352,2025-09-14,Lehigh,Temple,Home,,1,4.0,1.0,,2.0,2.0,14.0,,,,1.0,4.0,5.0,16.0,10.0,20.0,,,,
352,2025-09-19,Lehigh,Lafayette,Home,,0,3.0,,,5.0,2.0,11.0,,,,2.0,3.0,5.0,22.0,15.0,19.0,,,,
352,2025-09-21,Lehigh,Sacred Heart,Away,,1,3.0,1.0,,15.0,6.0,44.0,,,1.0,,3.0,5.0,19.0,10.0,42.0,,,2.0,1.0
352,2025-09-26,Lehigh,Saint Joseph's,Away,,1,6.0,1.0,1.0,2.0,1.0,,,,,,6.0,6.0,19.0,13.0,,,,,
352,2025-09-28,Lehigh,LIU,Home,,3,2.0,3.0,2.0,24.0,12.0,18.0,,,,1.0,2.0,2.0,8.0,7.0,14.0,,,,
352,2025-10-04,Lehigh,Boston U.,Home,,1,4.0,1.0,1.0,6.0,6.0,16.0,,,2.0,1.0,4.0,4.0,15.0,11.0,19.0,,,1.0,
352,2025-10-11,Lehigh,Colgate,Away,,3,0.0,3.0,1.0,12.0,8.0,32.0,,,,,,,9.0,2.0,28.0,,,,
352,2025-10-12,Lehigh,Cornell,Away,,0,2.0,,,1.0,,,,,1.0,3.0,2.0,2.0,23.0,14.0,,,,1.0,
352,2025-10-18,Lehigh,Holy Cross,Away,,0,2.0,,,15.0,8.0,,,,1.0,,2.0,1.0,14.0,6.0,,,2.0,1.0,1.0
352,2025-10-19,Lehigh,VCU,Home,,2,3.0,2.0,2.0,7.0,4.0,16.0,,,1.0,1.0,3.0,4.0,23.0,13.0,20.0,,,,
352,2025-10-24,Lehigh,American,Home,,1,3.0,1.0,,8.0,5.0,,,,,2.0,3.0,3.0,11.0,8.0,,,,,
352,2025-10-26,Lehigh,Rider,Home,,2,1.0,2.0,1.0,13.0,9.0,19.0,,,,2.0,1.0,1.0,15.0,7.0,14.0,,,,
352,2025-11-01,Lehigh,Bucknell,Away,,2,5.0,2.0,2.0,6.0,3.0,,,,,,5.0,7.0,24.0,14.0,,,,,
355,2025-08-29,Liberty,Duke,Away,,4,3.0,4.0,4.0,9.0,5.0,,,,1.0,,3.0,2.0,9.0,7.0,,,,1.0,
355,2025-09-03,Liberty,James Madison,Home,,4,1.0,4.0,4.0,18.0,11.0,,,,,,1.0,1.0,6.0,5.0,,,,,
355,2025-09-07,Liberty,Richmond,Home,,4,2.0,4.0,4.0,13.0,7.0,,,,,1.0,2.0,1.0,7.0,5.0,,,,,
355,2025-09-12,Liberty,UAlbany,Home,,1,0.0,1.0,2.0,16.0,6.0,,,,1.0,,,,2.0,1.0,,,,2.0,1.0
355,2025-09-14,Liberty,North Carolina,Away,,1,3.0,1.0,2.0,4.0,4.0,,,,1.0,1.0,3.0,3.0,16.0,12.0,,,,2.0,
355,2025-09-19,Liberty,Quinnipiac,Away,,2,0.0,2.0,2.0,19.0,4.0,26.0,,,,,,,6.0,1.0,41.0,,1.0,,
355,2025-09-26,Liberty,UConn,Home,,1,0.0,1.0,2.0,4.0,2.0,,,1.0,2.0,,,,7.0,5.0,,,,2.0,
355,2025-09-28,Liberty,William & Mary,Away,,4,0.0,4.0,3.0,23.0,16.0,,,1.0,1.0,,,,2.0,,,,,2.0,
355,2025-10-03,Liberty,Old Dominion,Home,,1,0.0,1.0,1.0,9.0,5.0,,,,,,,,3.0,1.0,,,,,
355,2025-10-05,Liberty,App State,Away,,7,1.0,7.0,8.0,17.0,11.0,,,,1.0,,1.0,,3.0,1.0,,,,,
355,2025-10-10,Liberty,Georgetown,Away,,1,0.0,1.0,2.0,19.0,13.0,42.0,,1.0,3.0,,,,2.0,,39.0,,1.0,2.0,
355,2025-10-14,Liberty,Virginia,Away,,0,1.0,,,7.0,4.0,,,,,,1.0,,8.0,2.0,,,,1.0,
355,2025-10-17,Liberty,Providence,Home,,2,0.0,2.0,1.0,18.0,9.0,,,,,,,,3.0,1.0,,,,,
355,2025-10-19,Liberty,Saint Joseph's,Home,,2,1.0,2.0,2.0,8.0,3.0,,,,2.0,,1.0,,10.0,3.0,,,,2.0,
355,2025-10-24,Liberty,Temple,Away,,3,,2.0,2.0,13.0,10.0,21.0,,,1.0,,2.0,2.0,25.0,14.0,43.0,,,,1.0
355,2025-10-26,Liberty,Longwood,Away,,7,1.0,7.0,6.0,26.0,18.0,31.0,,,2.0,,1.0,,9.0,5.0,12.0,,,1.0,
355,2025-10-31,Liberty,Villanova,Home,,5,0.0,5.0,4.0,26.0,17.0,,,,1.0,,,,2.0,,,,,,
355,2025-11-07,Liberty,Villanova,Home,,3,1.0,3.0,3.0,14.0,8.0,,,,1.0,,1.0,1.0,7.0,3.0,,,,1.0,1.0
355,2025-11-09,Liberty,UConn,Home,,2,,2.0,1.0,17.0,10.0,,,,1.0,,1.0,,17.0,8.0,,,,5.0,1.0
355,2025-11-14,Liberty,Syracuse,Home,,2,,2.0,1.0,12.0,7.0,,,,1.0,,2.0,3.0,11.0,9.0,,,2.0,3.0,
360,2025-08-29,Lock Haven,Syracuse,Away,,0,15.0,,,1.0,,,,,,,15.0,17.0,39.0,26.0,,,,,
360,2025-08-31,Lock Haven,Colgate,Away,,3,5.0,3.0,1.0,13.0,8.0,23.0,,1.0,,,5.0,3.0,18.0,13.0,31.0,,1.0,,
360,2025-09-05,Lock Haven,Towson,Away,,1,5.0,1.0,1.0,12.0,8.0,,,1.0,3.0,1.0,5.0,6.0,23.0,19.0,,,3.0,1.0,
360,2025-09-07,Lock Haven,Georgetown,Home,,1,4.0,1.0,1.0,6.0,4.0,18.0,,,1.0,1.0,4.0,2.0,21.0,13.0,35.0,,,1.0,
360,2025-09-12,Lock Haven,Indiana,Away,,0,12.0,,,2.0,,,,,,,12.0,9.0,43.0,33.0,,,,,
360,2025-09-14,Lock Haven,Ball St.,Away,,1,,1.0,1.0,15.0,8.0,,,,1.0,2.0,2.0,2.0,21.0,17.0,,,,,
360,2025-09-19,Lock Haven,Richmond,Away,,0,8.0,,,3.0,,,,,1.0,1.0,8.0,5.0,28.0,20.0,,,,,
360,2025-09-21,Lock Haven,Delaware,Home,,0,4.0,,,6.0,3.0,26.0,,,2.0,,4.0,4.0,13.0,9.0,29.0,,,,
360,2025-09-26,Lock Haven,Davidson,Home,,1,5.0,1.0,,13.0,6.0,21.0,,,1.0,1.0,5.0,4.0,23.0,18.0,24.0,,,2.0,
360,2025-10-03,Lock Haven,Saint Joseph's,Home,,0,9.0,,,4.0,1.0,13.0,,,,,9.0,5.0,38.0,23.0,14.0,,,,
360,2025-10-05,Lock Haven,Saint Francis,Home,,1,4.0,1.0,1.0,4.0,2.0,25.0,,,,,4.0,3.0,27.0,19.0,40.0,,,1.0,
360,2025-10-10,Lock Haven,La Salle,Away,,0,3.0,,,12.0,5.0,18.0,,,,,3.0,1.0,19.0,11.0,24.0,,,2.0,
360,2025-10-12,Lock Haven,Temple,Away,,0,6.0,,,6.0,2.0,21.0,,,,,6.0,7.0,22.0,13.0,28.0,,1.0,2.0,
360,2025-10-17,Lock Haven,VCU,Home,,0,4.0,,,3.0,2.0,15.0,,,1.0,1.0,4.0,4.0,22.0,16.0,14.0,,,,
360,2025-10-22,Lock Haven,Bucknell,Home,,0,4.0,,,7.0,4.0,22.0,,1.0,1.0,2.0,4.0,1.0,31.0,22.0,25.0,,,,
360,2025-10-24,Lock Haven,Penn St.,Home,,0,8.0,,,7.0,2.0,25.0,,,,2.0,8.0,6.0,31.0,24.0,18.0,,,,
360,2025-10-26,Lock Haven,Saint Louis,Away,,1,0.0,1.0,1.0,14.0,5.0,,,,1.0,1.0,,,14.0,8.0,,,,1.0,1.0
360,2025-11-02,Lock Haven,Mercyhurst,Home,,4,2.0,4.0,4.0,21.0,10.0,62.0,,,,,2.0,1.0,7.0,5.0,51.0,,,,
363,2025-08-29,Longwood,Richmond,Away,,0,3.0,,,4.0,2.0,,,,1.0,,3.0,4.0,26.0,14.0,,,,1.0,1.0
363,2025-08-31,Longwood,Queens (NC),Away,,3,1.0,3.0,1.0,7.0,6.0,,,1.0,,,1.0,,19.0,5.0,,,1.0,1.0,
363,2025-09-05,Longwood,Lafayette,Home,,0,6.0,,,3.0,2.0,10.0,,,1.0,1.0,6.0,5.0,28.0,14.0,26.0,,,2.0,1.0
363,2025-09-07,Longwood,Wake Forest,Away,,0,7.0,,,1.0,,,,,,,7.0,6.0,34.0,22.0,,,2.0,1.0,
363,2025-09-12,Longwood,Davidson,Away,,0,2.0,,,2.0,,,,,2.0,,2.0,,17.0,15.0,,,1.0,2.0,
363,2025-09-14,Longwood,UAlbany,Home,,0,3.0,,,1.0,1.0,31.0,,1.0,1.0,,3.0,3.0,15.0,12.0,37.0,,,,
363,2025-09-19,Longwood,Ball St.,Home,,3,,3.0,3.0,17.0,10.0,14.0,,,,,4.0,5.0,18.0,10.0,14.0,,1.0,2.0,
363,2025-09-21,Longwood,William & Mary,Home,,1,0.0,1.0,1.0,16.0,8.0,24.0,,,,1.0,,,9.0,5.0,15.0,,,1.0,
363,2025-09-26,Longwood,James Madison,Away,,0,5.0,,,2.0,1.0,37.0,,,,,5.0,3.0,23.0,14.0,35.0,,2.0,,
363,2025-09-28,Longwood,Bellarmine,Home,,1,2.0,1.0,1.0,9.0,6.0,14.0,,2.0,,,2.0,1.0,11.0,5.0,21.0,,,,
363,2025-10-05,Longwood,Kent St.,Away,,3,,3.0,2.0,4.0,3.0,,,,2.0,2.0,2.0,1.0,29.0,19.0,,,,,
363,2025-10-10,Longwood,Massachusetts,Away,,0,5.0,,,4.0,2.0,,,,,,5.0,4.0,27.0,15.0,,,,1.0,1.0
363,2025-10-17,Longwood,App State,Home,,1,3.0,1.0,1.0,5.0,4.0,21.0,,,1.0,,3.0,2.0,36.0,23.0,35.0,,,,
363,2025-10-19,Longwood,Ohio,Away,,2,1.0,2.0,2.0,3.0,3.0,,,,2.0,,1.0,,24.0,14.0,,,1.0,2.0,
363,2025-10-24,Longwood,Central Mich.,Home,,3,5.0,3.0,2.0,25.0,14.0,15.0,,2.0,1.0,,5.0,2.0,22.0,16.0,39.0,,3.0,1.0,
363,2025-10-26,Longwood,Liberty,Home,,1,7.0,1.0,,9.0,5.0,12.0,,,1.0,,7.0,6.0,26.0,18.0,31.0,,,2.0,
363,2025-10-31,Longwood,Miami (OH),Away,,0,8.0,,,3.0,1.0,,,1.0,,,8.0,9.0,43.0,26.0,,,1.0,,
367,2025-08-29,Louisville,Michigan St.,Home,,6,1.0,6.0,5.0,13.0,9.0,,,,1.0,,1.0,1.0,6.0,4.0,,,,1.0,1.0
367,2025-08-31,Louisville,Ohio,Home,,5,0.0,5.0,4.0,22.0,15.0,,,,,,,,3.0,1.0,,,,,1.0
367,2025-09-06,Louisville,Drexel,Home,,0,1.0,,,5.0,1.0,,,,,,1.0,,10.0,4.0,,,,,
367,2025-09-07,Louisville,Indiana,Away,,5,4.0,5.0,6.0,17.0,8.0,,,,1.0,,4.0,3.0,7.0,5.0,,,,,2.0
367,2025-09-12,Louisville,Northwestern,Home,,1,,1.0,,8.0,3.0,,,,,,2.0,1.0,19.0,11.0,,,,,
367,2025-09-14,Louisville,Iowa,Home,,1,5.0,1.0,2.0,10.0,9.0,,,,1.0,,5.0,1.0,14.0,8.0,,,,2.0,
367,2025-09-19,Louisville,Ohio St.,Home,,3,2.0,3.0,2.0,17.0,10.0,,,,,2.0,2.0,1.0,15.0,8.0,,,,,
367,2025-09-21,Louisville,Saint Joseph's,Away,,2,0.0,2.0,3.0,8.0,3.0,,,1.0,3.0,,,,18.0,7.0,,,,,
367,2025-09-26,Louisville,Stanford,Away,,1,,1.0,1.0,10.0,5.0,,,,1.0,,1.0,1.0,11.0,4.0,,,,,
367,2025-10-03,Louisville,Wake Forest,Home,,0,2.0,,,5.0,3.0,,,,,,2.0,2.0,5.0,3.0,,,,,
367,2025-10-07,Louisville,Bellarmine,Home,,6,0.0,6.0,6.0,18.0,12.0,,,,,,,,1.0,,,,,,
367,2025-10-10,Louisville,Duke,Away,,1,2.0,1.0,1.0,2.0,2.0,,,,4.0,,2.0,2.0,7.0,4.0,,,,,
367,2025-10-12,Louisville,North Carolina,Away,,0,3.0,,,2.0,,,,,3.0,,3.0,5.0,23.0,7.0,,,,2.0,
367,2025-10-17,Louisville,California,Home,,3,1.0,3.0,3.0,11.0,6.0,,,2.0,1.0,,1.0,1.0,5.0,1.0,,,,2.0,
367,2025-10-24,Louisville,Virginia,Home,,0,2.0,,,10.0,6.0,,,,,,2.0,1.0,8.0,7.0,,,,,
367,2025-10-26,Louisville,Boston College,Away,,1,,1.0,1.0,17.0,10.0,,,2.0,3.0,,1.0,1.0,23.0,8.0,,,1.0,2.0,1.0
367,2025-11-01,Louisville,Syracuse,Home,,3,2.0,3.0,1.0,7.0,5.0,,,2.0,,,2.0,3.0,14.0,5.0,,,,1.0,
367,2025-11-04,Louisville,North Carolina,Home,,1,2.0,1.0,,2.0,1.0,,,,1.0,2.0,2.0,3.0,20.0,14.0,,,1.0,2.0,
380,2025-08-29,Maine,Boston College,Home,,0,2.0,,,3.0,2.0,18.0,,,,1.0,2.0,1.0,15.0,11.0,43.0,,1.0,2.0,
380,2025-09-01,Maine,Indiana,Home,,3,4.0,3.0,1.0,8.0,7.0,13.0,,,1.0,,4.0,3.0,20.0,16.0,14.0,,,,
380,2025-09-05,Maine,Quinnipiac,Home,,2,,2.0,1.0,16.0,9.0,24.0,,,1.0,2.0,1.0,,9.0,7.0,29.0,,,3.0,
380,2025-09-07,Maine,Stonehill,Home,,5,1.0,5.0,6.0,15.0,13.0,19.0,,,,,1.0,1.0,11.0,6.0,18.0,,1.0,1.0,1.0
380,2025-09-12,Maine,Dartmouth,Away,,1,,1.0,,10.0,9.0,,,,1.0,,2.0,2.0,5.0,5.0,,,,1.0,
380,2025-09-14,Maine,New Haven,Home,,9,0.0,9.0,5.0,31.0,21.0,16.0,,,,,,,,,17.0,,,,1.0
380,2025-09-19,Maine,Northeastern,Home,,1,,1.0,1.0,13.0,6.0,26.0,,,,1.0,2.0,,14.0,9.0,17.0,,,1.0,
380,2025-09-26,Maine,Monmouth,Away,,2,3.0,2.0,2.0,15.0,10.0,,,,1.0,,3.0,2.0,20.0,10.0,,,,1.0,1.0
380,2025-09-28,Maine,Drexel,Away,,1,2.0,1.0,2.0,7.0,5.0,17.0,,,1.0,,2.0,1.0,17.0,7.0,22.0,,1.0,1.0,
380,2025-10-03,Maine,UAlbany,Away,,0,2.0,,,7.0,5.0,,,,,,2.0,1.0,10.0,9.0,,,,,
380,2025-10-05,Maine,Brown,Away,,0,1.0,,,5.0,4.0,,,,,,1.0,,21.0,12.0,,,,1.0,
380,2025-10-10,Maine,New Hampshire,Away,,2,4.0,2.0,2.0,7.0,6.0,,,,1.0,,4.0,2.0,20.0,10.0,,,,2.0,
380,2025-10-17,Maine,Bryant,Home,,6,1.0,6.0,3.0,27.0,21.0,26.0,,,,,1.0,2.0,4.0,2.0,20.0,,,,1.0
380,2025-10-18,Maine,Boston U.,Home,,5,0.0,5.0,3.0,14.0,10.0,28.0,,,1.0,,,,5.0,2.0,25.0,,,2.0,
380,2025-10-24,Maine,UMass Lowell,Home,,2,3.0,2.0,2.0,16.0,11.0,26.0,,,1.0,,3.0,2.0,11.0,8.0,20.0,,,1.0,1.0
380,2025-10-26,Maine,Holy Cross,Away,,2,0.0,2.0,4.0,24.0,17.0,,,,,,,,15.0,7.0,,,,2.0,1.0
380,2025-10-30,Maine,Vermont,Away,,1,4.0,1.0,2.0,2.0,1.0,,,,,,4.0,3.0,18.0,14.0,,,,2.0,
380,2025-11-02,Maine,UMass Lowell,Away,,4,3.0,4.0,3.0,26.0,18.0,,,,1.0,,3.0,4.0,16.0,9.0,,,,1.0,
380,2025-11-04,Maine,Vermont,Away,,0,,,,16.0,9.0,,,,1.0,,,,12.0,5.0,,,1.0,1.0,
392,2025-08-29,Maryland,Stanford,Home,,3,1.0,3.0,1.0,24.0,15.0,,,,3.0,,1.0,,7.0,5.0,,,,2.0,
392,2025-08-31,Maryland,Villanova,Home,,4,0.0,4.0,6.0,16.0,8.0,,,,1.0,,,,8.0,2.0,,,,,
392,2025-09-05,Maryland,Boston College,Home,,0,2.0,,,8.0,3.0,,,,1.0,,2.0,1.0,8.0,3.0,,,,2.0,
392,2025-09-07,Maryland,Duke,Away,,1,2.0,1.0,1.0,7.0,4.0,,,,,,2.0,3.0,3.0,2.0,,,,,
392,2025-09-12,Maryland,Penn,Home,,3,1.0,3.0,3.0,18.0,10.0,,,,1.0,,1.0,,9.0,7.0,,,,,1.0
392,2025-09-14,Maryland,Saint Joseph's,Home,,1,0.0,1.0,1.0,12.0,5.0,,,,2.0,,,,3.0,2.0,,,,1.0,1.0
392,2025-09-19,Maryland,Penn St.,Home,,3,1.0,3.0,4.0,20.0,7.0,,,3.0,1.0,,1.0,,3.0,2.0,,,,2.0,
392,2025-09-26,Maryland,Michigan,Home,,1,0.0,1.0,1.0,7.0,5.0,,,,1.0,,,,3.0,2.0,,,1.0,3.0,
392,2025-09-28,Maryland,Princeton,Home,,1,2.0,1.0,,9.0,3.0,,,,1.0,,2.0,,17.0,7.0,,,,1.0,
392,2025-10-03,Maryland,Ohio St.,Away,,1,,1.0,1.0,9.0,4.0,,,,,1.0,2.0,,13.0,7.0,,,,1.0,
392,2025-10-05,Maryland,Michigan St.,Away,,2,0.0,2.0,2.0,25.0,14.0,9.0,,,,,,,6.0,3.0,6.0,,,1.0,
392,2025-10-10,Maryland,Iowa,Away,,2,1.0,2.0,3.0,19.0,13.0,,,,1.0,1.0,1.0,,19.0,10.0,,,,,
392,2025-10-17,Maryland,Indiana,Home,,1,,1.0,1.0,13.0,8.0,,,,,,1.0,1.0,9.0,4.0,,,,,
392,2025-10-19,Maryland,Northwestern,Home,,1,2.0,1.0,,10.0,5.0,,,,2.0,,2.0,,10.0,5.0,,,,,
392,2025-10-24,Maryland,Rutgers,Away,,1,,1.0,1.0,9.0,5.0,,,,1.0,,,,6.0,,,,,1.0,
392,2025-10-28,Maryland,Virginia,Away,,0,2.0,,,10.0,6.0,,,,,,2.0,2.0,14.0,10.0,,,,,
392,2025-11-02,Maryland,Northeastern,Home,,4,0.0,4.0,2.0,28.0,16.0,,,,1.0,,,,4.0,2.0,,,,,
392,2025-11-06,Maryland,Ohio St.,Home,,1,2.0,1.0,1.0,9.0,4.0,,,,,1.0,2.0,1.0,9.0,5.0,,,,2.0,
400,2025-08-29,Massachusetts,Vermont,Away,,2,0.0,2.0,3.0,12.0,8.0,,,,,,,,2.0,,,,,,
400,2025-08-31,Massachusetts,UMass Lowell,Away,,3,0.0,3.0,1.0,22.0,14.0,,,,,,,,9.0,3.0,,,,,
400,2025-09-05,Massachusetts,Brown,Home,,3,,3.0,3.0,21.0,11.0,,,,1.0,2.0,2.0,2.0,22.0,15.0,,,1.0,1.0,
400,2025-09-07,Massachusetts,Boston U.,Home,,4,0.0,4.0,6.0,14.0,10.0,,,,,,,,14.0,7.0,,,,1.0,
400,2025-09-12,Massachusetts,Boston College,Away,,2,,1.0,1.0,9.0,4.0,20.0,,2.0,2.0,2.0,1.0,1.0,21.0,11.0,20.0,,1.0,3.0,
400,2025-09-14,Massachusetts,Dartmouth,Away,,3,2.0,3.0,2.0,7.0,5.0,,,1.0,,,2.0,3.0,3.0,2.0,,,1.0,,1.0
400,2025-09-19,Massachusetts,Kent St.,Home,,4,0.0,4.0,5.0,19.0,13.0,,,,1.0,,,,11.0,7.0,,,,1.0,
400,2025-09-21,Massachusetts,UAlbany,Home,,2,1.0,2.0,3.0,20.0,15.0,,,,1.0,,1.0,,8.0,5.0,,,,1.0,
400,2025-09-26,Massachusetts,Ohio,Away,,0,1.0,,,12.0,3.0,,,,,,1.0,,5.0,3.0,,,,,
400,2025-09-28,Massachusetts,Miami (OH),Away,,3,1.0,3.0,3.0,10.0,7.0,,,,2.0,1.0,1.0,,12.0,5.0,,,,,
400,2025-10-03,Massachusetts,Central Mich.,Home,,2,0.0,2.0,2.0,21.0,13.0,,,1.0,2.0,1.0,,,4.0,2.0,,,,,
400,2025-10-05,Massachusetts,UConn,Home,,1,2.0,1.0,1.0,6.0,4.0,,,,,1.0,2.0,1.0,9.0,5.0,,,,1.0,
400,2025-10-10,Massachusetts,Longwood,Home,,5,0.0,5.0,4.0,27.0,15.0,,,,1.0,1.0,,,4.0,2.0,,,,,
400,2025-10-17,Massachusetts,James Madison,Away,,2,,1.0,1.0,19.0,6.0,59.0,,1.0,1.0,,1.0,1.0,14.0,8.0,77.0,,,1.0,
400,2025-10-19,Massachusetts,App State,Away,,3,0.0,3.0,3.0,17.0,16.0,,,,,,,,1.0,,,,1.0,1.0,1.0
400,2025-10-24,Massachusetts,Bellarmine,Home,,5,0.0,5.0,3.0,21.0,14.0,,,,,,,,2.0,2.0,,,,,
400,2025-10-26,Massachusetts,Harvard,Home,,0,1.0,,,4.0,1.0,,,,2.0,,1.0,2.0,10.0,6.0,,,,2.0,
400,2025-10-31,Massachusetts,Ball St.,Home,,7,0.0,7.0,9.0,26.0,17.0,,,,,,,,2.0,1.0,,,,,
400,2025-11-06,Massachusetts,App State,Home,,4,1.0,4.0,2.0,13.0,8.0,39.0,,,1.0,,1.0,1.0,5.0,3.0,26.0,,,,
400,2025-11-08,Massachusetts,Miami (OH),Home,,1,,1.0,2.0,12.0,9.0,55.0,,,1.0,,2.0,,14.0,7.0,45.0,,,2.0,
408,2025-08-29,Mercyhurst,Kent St.,Away,,1,10.0,1.0,1.0,3.0,1.0,,,,,1.0,10.0,7.0,39.0,22.0,,,,,
408,2025-09-05,Mercyhurst,Central Mich.,Away,,0,4.0,,,1.0,,30.0,,,,1.0,4.0,3.0,32.0,21.0,25.0,,,,
408,2025-09-07,Mercyhurst,Central Mich.,Away,,1,2.0,1.0,1.0,7.0,4.0,29.0,,,,,2.0,,24.0,9.0,42.0,,,1.0,
408,2025-09-12,Mercyhurst,Cornell,Away,,0,5.0,,,2.0,,47.0,,,2.0,,5.0,8.0,47.0,26.0,56.0,,1.0,1.0,
408,2025-09-19,Mercyhurst,Merrimack,Home,,3,4.0,3.0,3.0,9.0,6.0,47.0,,,3.0,,4.0,2.0,22.0,19.0,43.0,,,,1.0
408,2025-09-21,Mercyhurst,Colgate,Away,,0,3.0,,,4.0,2.0,27.0,,,1.0,,3.0,2.0,23.0,12.0,45.0,,,,
408,2025-09-26,Mercyhurst,LIU,Away,,0,5.0,,,,,,,,1.0,,5.0,4.0,17.0,14.0,,,,1.0,
408,2025-09-28,Mercyhurst,Wagner,Away,,0,6.0,,,4.0,2.0,,,,2.0,2.0,6.0,6.0,24.0,12.0,,,,1.0,
408,2025-10-03,Mercyhurst,Rider,Home,,1,5.0,1.0,1.0,6.0,5.0,41.0,,,1.0,5.0,5.0,3.0,28.0,24.0,47.0,,,1.0,
408,2025-10-10,Mercyhurst,Stonehill,Home,,0,1.0,,,6.0,4.0,55.0,,,1.0,2.0,1.0,,26.0,22.0,54.0,,,,
408,2025-10-12,Mercyhurst,La Salle,Home,,0,4.0,,,6.0,,23.0,,,,2.0,4.0,5.0,25.0,10.0,19.0,,1.0,1.0,
408,2025-10-17,Mercyhurst,Fairfield,Home,,1,2.0,1.0,1.0,2.0,2.0,56.0,,,1.0,1.0,2.0,2.0,46.0,28.0,58.0,,,1.0,
408,2025-10-19,Mercyhurst,Saint Francis,Away,,0,5.0,,,1.0,1.0,36.0,,1.0,1.0,,5.0,5.0,19.0,12.0,45.0,,1.0,1.0,
408,2025-10-24,Mercyhurst,Sacred Heart,Away,,0,2.0,,,4.0,3.0,51.0,,1.0,2.0,,2.0,2.0,37.0,22.0,42.0,,,,
408,2025-10-28,Mercyhurst,D'Youville,Home,,6,0.0,6.0,1.0,31.0,25.0,46.0,,,1.0,,,,4.0,2.0,35.0,,,,
408,2025-10-31,Mercyhurst,New Haven,Away,,2,1.0,2.0,,17.0,10.0,25.0,,,,,1.0,1.0,11.0,8.0,30.0,,1.0,,
408,2025-11-02,Mercyhurst,Lock Haven,Away,,2,4.0,2.0,1.0,7.0,5.0,51.0,,,,,4.0,4.0,21.0,10.0,62.0,,,,
410,2025-08-29,Merrimack,UMass Lowell,Away,,0,6.0,,,2.0,,,,,2.0,2.0,6.0,2.0,38.0,24.0,,,,,
410,2025-08-31,Merrimack,Holy Cross,Away,,0,7.0,,,6.0,4.0,,,,1.0,1.0,7.0,5.0,33.0,29.0,,,,,
410,2025-09-07,Merrimack,Providence,Away,,0,7.0,,,2.0,1.0,,,,,,7.0,7.0,31.0,23.0,,,,3.0,
410,2025-09-13,Merrimack,Michigan St.,Home,,1,7.0,1.0,,1.0,1.0,,,1.0,3.0,,7.0,8.0,27.0,17.0,,,1.0,3.0,
410,2025-09-14,Merrimack,Vermont,Away,,0,8.0,,,,,,,,,1.0,8.0,6.0,25.0,14.0,,,,1.0,
410,2025-09-19,Merrimack,Mercyhurst,Away,,4,3.0,4.0,2.0,22.0,19.0,43.0,,,,1.0,3.0,3.0,9.0,6.0,47.0,,,3.0,
410,2025-09-21,Merrimack,Quinnipiac,Away,,0,8.0,,,3.0,2.0,31.0,,,,,8.0,6.0,25.0,16.0,31.0,,,1.0,
410,2025-09-26,Merrimack,Fairfield,Home,,0,6.0,,,2.0,1.0,,,1.0,,,6.0,1.0,24.0,15.0,,,,1.0,
410,2025-09-28,Merrimack,Saint Francis,Away,,0,7.0,,,5.0,3.0,,,,1.0,,7.0,3.0,21.0,19.0,,,,1.0,
410,2025-10-03,Merrimack,New Haven,Home,,2,1.0,2.0,1.0,18.0,9.0,,,,2.0,,1.0,,7.0,5.0,,,,1.0,
410,2025-10-05,Merrimack,Central Mich.,Home,,0,5.0,,,11.0,6.0,,,,1.0,1.0,5.0,3.0,25.0,15.0,,,1.0,2.0,
410,2025-10-10,Merrimack,Sacred Heart,Away,,2,10.0,2.0,2.0,6.0,3.0,,,,1.0,,10.0,9.0,22.0,16.0,,,,,
410,2025-10-12,Merrimack,Bryant,Away,,0,1.0,,,3.0,1.0,,,,1.0,,1.0,,10.0,4.0,,,,3.0,
410,2025-10-17,Merrimack,Wagner,Away,,2,4.0,2.0,1.0,6.0,4.0,,,,1.0,,4.0,2.0,25.0,12.0,,,,1.0,
410,2025-10-19,Merrimack,LIU,Away,,1,5.0,1.0,,11.0,6.0,,,,,,5.0,4.0,22.0,19.0,,,,1.0,
410,2025-10-24,Merrimack,Rider,Home,,3,1.0,3.0,1.0,7.0,5.0,,,,2.0,,1.0,,22.0,12.0,,,1.0,4.0,
410,2025-10-31,Merrimack,Stonehill,Home,,0,3.0,,,10.0,4.0,,,,,1.0,3.0,,16.0,10.0,,,,1.0,
414,2025-08-29,Miami (OH),UC Davis,Home,,4,0.0,4.0,3.0,19.0,12.0,,,1.0,4.0,,,,2.0,,,,2.0,1.0,
414,2025-08-31,Miami (OH),Saint Francis,Home,,6,1.0,6.0,7.0,20.0,10.0,,,3.0,4.0,,1.0,,5.0,2.0,,,4.0,2.0,
414,2025-09-05,Miami (OH),New Hampshire,Home,,4,1.0,4.0,2.0,23.0,13.0,,,4.0,1.0,1.0,1.0,1.0,14.0,7.0,,,2.0,1.0,
414,2025-09-12,Miami (OH),Iowa,Home,,1,3.0,1.0,1.0,18.0,11.0,,,,,,3.0,4.0,12.0,7.0,,,,,
414,2025-09-14,Miami (OH),Northwestern,Home,,1,5.0,1.0,2.0,7.0,2.0,,,,,1.0,5.0,6.0,16.0,12.0,,,,,
414,2025-09-19,Miami (OH),Bellarmine,Home,,11,0.0,11.0,6.0,36.0,15.0,,,,,,,,4.0,,,,,,
414,2025-09-21,Miami (OH),Michigan St.,Home,,3,1.0,3.0,4.0,23.0,17.0,,,1.0,2.0,,1.0,2.0,6.0,2.0,,,,,
414,2025-09-26,Miami (OH),Kent St.,Away,,7,0.0,7.0,9.0,27.0,18.0,,,,,,,,3.0,,,,1.0,1.0,1.0
414,2025-09-28,Miami (OH),Massachusetts,Home,,1,3.0,1.0,,12.0,5.0,,,,,,3.0,3.0,10.0,7.0,,,,2.0,1.0
414,2025-10-03,Miami (OH),App State,Away,,7,0.0,7.0,6.0,12.0,11.0,,,,1.0,,,,8.0,6.0,,,,,1.0
414,2025-10-05,Miami (OH),Wake Forest,Away,,1,,1.0,,6.0,4.0,,,,1.0,,2.0,1.0,11.0,6.0,,,,1.0,
414,2025-10-10,Miami (OH),James Madison,Away,,3,1.0,3.0,2.0,12.0,7.0,44.0,,,,,1.0,,13.0,8.0,39.0,,1.0,3.0,
414,2025-10-13,Miami (OH),Indiana,Home,,3,2.0,3.0,3.0,14.0,10.0,,,1.0,1.0,,2.0,2.0,10.0,5.0,,,1.0,,
414,2025-10-17,Miami (OH),Central Mich.,Home,,8,0.0,8.0,7.0,36.0,29.0,,,,1.0,,,,4.0,1.0,,,,1.0,
414,2025-10-19,Miami (OH),Ball St.,Home,,5,0.0,5.0,10.0,21.0,14.0,,,,1.0,,,,,,,,,,
414,2025-10-24,Miami (OH),Ohio,Away,,4,1.0,4.0,2.0,19.0,13.0,,,,,1.0,1.0,1.0,2.0,2.0,,,,,
414,2025-10-31,Miami (OH),Longwood,Home,,8,0.0,8.0,9.0,43.0,26.0,,,1.0,,,,,3.0,1.0,,,1.0,,
414,2025-11-06,Miami (OH),James Madison,Away,,2,1.0,2.0,4.0,16.0,12.0,40.0,,,1.0,,1.0,1.0,5.0,3.0,54.0,,1.0,1.0,1.0
414,2025-11-08,Miami (OH),Massachusetts,Home,,2,,2.0,,14.0,7.0,45.0,,,2.0,,1.0,2.0,12.0,9.0,55.0,,,1.0,
414,2025-11-14,Miami (OH),Virginia,Away,,2,1.0,2.0,3.0,8.0,5.0,,,1.0,1.0,,1.0,2.0,10.0,6.0,,,1.0,,
414,2025-11-16,Miami (OH),Northwestern,Home,,2,3.0,2.0,1.0,7.0,3.0,,,,2.0,,3.0,3.0,18.0,10.0,,,,1.0,
418,2025-08-29,Michigan,North Carolina,Home,,0,3.0,,,5.0,5.0,,,,1.0,,3.0,1.0,13.0,7.0,,,,1.0,
418,2025-08-31,Michigan,Wake Forest,Home,,2,1.0,2.0,1.0,9.0,5.0,,,,,,1.0,2.0,11.0,4.0,,,,1.0,
418,2025-09-07,Michigan,Bellarmine,Home,,13,0.0,13.0,11.0,40.0,24.0,,,,1.0,,,,1.0,,,,,,1.0
418,2025-09-12,Michigan,UC Davis,Away,,2,0.0,2.0,3.0,21.0,8.0,,,,2.0,,,,6.0,2.0,,,,,
418,2025-09-14,Michigan,Stanford,Away,,3,2.0,3.0,2.0,14.0,6.0,,,1.0,,,2.0,1.0,10.0,4.0,,,,2.0,
418,2025-09-19,Michigan,Michigan St.,Home,,5,0.0,5.0,5.0,23.0,13.0,,,,3.0,,,,8.0,2.0,,,1.0,,
418,2025-09-21,Michigan,James Madison,Home,,1,3.0,1.0,2.0,29.0,13.0,,,,,1.0,3.0,2.0,10.0,6.0,,,,2.0,
418,2025-09-26,Michigan,Maryland,Away,,0,1.0,,,3.0,2.0,,,1.0,3.0,,1.0,1.0,7.0,5.0,,,,1.0,
418,2025-09-28,Michigan,Old Dominion,Away,,4,1.0,4.0,5.0,10.0,7.0,,,,1.0,,1.0,,10.0,6.0,,,,1.0,
418,2025-10-03,Michigan,Penn St.,Home,,2,1.0,2.0,1.0,12.0,8.0,,,1.0,2.0,1.0,1.0,1.0,12.0,9.0,,,,1.0,
418,2025-10-05,Michigan,Rutgers,Home,,2,1.0,2.0,1.0,15.0,4.0,,,,2.0,,1.0,1.0,9.0,8.0,,,,1.0,
418,2025-10-12,Michigan,Ohio St.,Away,,0,1.0,,,6.0,2.0,,,,2.0,,1.0,1.0,3.0,2.0,,,,3.0,
418,2025-10-24,Michigan,Northwestern,Away,,1,3.0,1.0,2.0,6.0,2.0,,,1.0,3.0,,3.0,3.0,18.0,8.0,,,1.0,1.0,
418,2025-10-26,Michigan,Iowa,Away,,0,2.0,,,7.0,2.0,,,,1.0,,2.0,3.0,10.0,8.0,,,,,
418,2025-10-31,Michigan,Indiana,Home,,3,1.0,3.0,1.0,15.0,12.0,,,,,,1.0,,8.0,3.0,,,,,5.0
418,2025-11-06,Michigan,Rutgers,Home,,2,,2.0,3.0,25.0,14.0,,,,1.0,,1.0,1.0,9.0,4.0,,,,1.0,2.0
418,2025-11-07,Michigan,Northwestern,Home,,3,5.0,3.0,2.0,7.0,4.0,,,,1.0,,5.0,5.0,14.0,13.0,,,,1.0,1.0
416,2025-08-29,Michigan St.,Louisville,Away,,1,6.0,1.0,1.0,6.0,4.0,,,,1.0,1.0,6.0,5.0,13.0,9.0,,,,1.0,
416,2025-08-30,Michigan St.,Ohio,Home,,5,0.0,5.0,2.0,19.0,13.0,,,,,,,,13.0,5.0,,,,,
416,2025-09-05,Michigan St.,Bellarmine,Home,,2,1.0,2.0,2.0,15.0,8.0,9.0,,,1.0,,1.0,1.0,2.0,1.0,4.0,,,,
416,2025-09-12,Michigan St.,Vermont,Away,,2,3.0,2.0,2.0,15.0,10.0,,,,2.0,,3.0,1.0,11.0,6.0,,,1.0,1.0,
416,2025-09-13,Michigan St.,Merrimack,Home,,7,1.0,7.0,8.0,27.0,17.0,,,1.0,3.0,,1.0,,1.0,1.0,,,1.0,3.0,
416,2025-09-19,Michigan St.,Michigan,Away,,0,5.0,,,8.0,2.0,,,1.0,,,5.0,5.0,23.0,13.0,,,,3.0,
416,2025-09-21,Michigan St.,Miami (OH),Away,,1,3.0,1.0,2.0,6.0,2.0,,,,,,3.0,4.0,23.0,17.0,,,1.0,2.0,
416,2025-09-26,Michigan St.,Penn St.,Away,,0,2.0,,,7.0,2.0,,,1.0,2.0,,2.0,2.0,21.0,9.0,,,,,
416,2025-09-28,Michigan St.,Bucknell,Away,,0,4.0,,,11.0,5.0,,,,1.0,,4.0,2.0,20.0,14.0,,,,2.0,1.0
416,2025-10-03,Michigan St.,Rutgers,Home,,0,5.0,,,6.0,4.0,2.0,,,,,5.0,2.0,21.0,19.0,5.0,,,1.0,
416,2025-10-05,Michigan St.,Maryland,Home,,0,2.0,,,6.0,3.0,6.0,,,1.0,,2.0,2.0,25.0,14.0,9.0,,,,
416,2025-10-12,Michigan St.,App State,Home,,1,3.0,1.0,1.0,17.0,11.0,,,2.0,,1.0,3.0,3.0,11.0,8.0,,,,3.0,1.0
416,2025-10-14,Michigan St.,Ball St.,Home,,5,1.0,5.0,2.0,22.0,11.0,,,1.0,,,1.0,,10.0,6.0,,,,1.0,
416,2025-10-19,Michigan St.,Ohio St.,Home,,4,3.0,4.0,2.0,8.0,6.0,,,,1.0,1.0,3.0,4.0,24.0,14.0,,,,1.0,
416,2025-10-23,Michigan St.,Iowa,Away,,0,6.0,,,7.0,1.0,,,,,,6.0,3.0,19.0,11.0,,,,,
416,2025-10-26,Michigan St.,Indiana,Away,,1,6.0,1.0,1.0,1.0,1.0,,,,1.0,,6.0,4.0,26.0,13.0,,,,2.0,
416,2025-10-31,Michigan St.,Northwestern,Home,,0,5.0,,,2.0,1.0,,,,,,5.0,3.0,23.0,15.0,,,,2.0,
416,2025-11-02,Michigan St.,Central Mich.,Home,,1,2.0,1.0,1.0,15.0,7.0,,,,,,2.0,2.0,11.0,9.0,,,,1.0,2.0
439,2025-08-29,Monmouth,California,Home,,7,2.0,7.0,8.0,14.0,12.0,,,,,,2.0,3.0,20.0,8.0,,,,1.0,
439,2025-08-31,Monmouth,LIU,Home,,9,1.0,9.0,9.0,48.0,24.0,,,,,1.0,1.0,1.0,11.0,7.0,,,,,
439,2025-09-05,Monmouth,Temple,Home,,5,2.0,5.0,1.0,17.0,8.0,,,,3.0,,2.0,1.0,16.0,6.0,,,,,1.0
439,2025-09-07,Monmouth,Rider,Home,,7,1.0,7.0,5.0,32.0,19.0,,,,1.0,,1.0,,8.0,2.0,,,,,
439,2025-09-12,Monmouth,Lehigh,Away,,4,3.0,4.0,3.0,19.0,11.0,5.0,,,,,3.0,1.0,10.0,4.0,5.0,,,1.0,1.0
439,2025-09-14,Monmouth,Yale,Away,,1,3.0,1.0,2.0,9.0,4.0,,,,,,3.0,3.0,22.0,13.0,,,1.0,1.0,
439,2025-09-21,Monmouth,Rutgers,Away,,4,2.0,4.0,3.0,17.0,15.0,,,,,,2.0,,12.0,5.0,,,,,1.0
439,2025-09-26,Monmouth,Maine,Home,,3,2.0,3.0,2.0,20.0,10.0,,,,1.0,1.0,2.0,2.0,15.0,10.0,,,,1.0,
439,2025-09-28,Monmouth,Harvard,Home,,0,2.0,,,6.0,,,,,1.0,,2.0,,16.0,10.0,,,,3.0,
439,2025-10-03,Monmouth,Hofstra,Home,,4,0.0,4.0,5.0,21.0,10.0,,,,,,,,5.0,2.0,,,,1.0,
439,2025-10-10,Monmouth,Drexel,Home,,3,,3.0,5.0,9.0,5.0,,,,,,2.0,3.0,12.0,7.0,,,,1.0,
439,2025-10-17,Monmouth,William & Mary,Away,,4,0.0,4.0,4.0,29.0,19.0,,,,2.0,,,,9.0,6.0,,,1.0,1.0,
439,2025-10-19,Monmouth,Princeton,Away,,1,5.0,1.0,1.0,12.0,9.0,,,,1.0,,5.0,5.0,30.0,20.0,,,,,3.0
439,2025-10-24,Monmouth,Towson,Away,,4,1.0,4.0,1.0,36.0,23.0,,,,,,1.0,2.0,9.0,4.0,,,,,3.0
439,2025-10-31,Monmouth,Northeastern,Home,,4,1.0,4.0,5.0,20.0,14.0,,,,3.0,1.0,1.0,,14.0,11.0,,,,,
439,2025-11-07,Monmouth,Hofstra,Home,,5,0.0,5.0,2.0,24.0,14.0,,,,1.0,,,,,,,,3.0,1.0,1.0
439,2025-11-09,Monmouth,Drexel,Home,,2,3.0,2.0,2.0,11.0,7.0,,,,,,3.0,5.0,12.0,8.0,,,,1.0,
469,2025-08-29,New Hampshire,UConn,Home,,3,4.0,3.0,3.0,14.0,9.0,,,,,,4.0,2.0,9.0,8.0,,,,,
469,2025-08-31,New Hampshire,Saint Joseph's,Home,,0,2.0,,,9.0,6.0,,,,3.0,,2.0,2.0,10.0,8.0,,,,,
469,2025-09-05,New Hampshire,Miami (OH),Away,,1,4.0,1.0,1.0,14.0,7.0,,,2.0,1.0,,4.0,2.0,23.0,13.0,,,4.0,1.0,1.0
469,2025-09-12,New Hampshire,Northeastern,Away,,6,2.0,6.0,5.0,21.0,14.0,,,,1.0,,2.0,1.0,11.0,9.0,,,,,
469,2025-09-14,New Hampshire,Providence,Away,,4,,4.0,6.0,16.0,12.0,,,,1.0,,3.0,2.0,14.0,9.0,,,,1.0,
469,2025-09-19,New Hampshire,Rutgers,Away,,2,6.0,2.0,2.0,15.0,9.0,,,,1.0,,6.0,5.0,27.0,20.0,,,1.0,,
469,2025-09-21,New Hampshire,Dartmouth,Home,,3,,3.0,1.0,21.0,14.0,,,,2.0,,2.0,2.0,7.0,5.0,,,,1.0,1.0
469,2025-09-28,New Hampshire,Boston U.,Away,,7,6.0,7.0,5.0,18.0,13.0,,,,1.0,,6.0,4.0,19.0,10.0,,,,3.0,1.0
469,2025-10-03,New Hampshire,Vermont,Away,,3,4.0,3.0,2.0,23.0,13.0,,,,2.0,,4.0,5.0,20.0,14.0,,,1.0,1.0,3.0
469,2025-10-05,New Hampshire,Stonehill,Home,,5,0.0,5.0,4.0,20.0,13.0,,,,,,,,5.0,1.0,,,,,
469,2025-10-10,New Hampshire,Maine,Home,,4,2.0,4.0,2.0,20.0,10.0,,,,2.0,,2.0,2.0,7.0,6.0,,,,1.0,
469,2025-10-17,New Hampshire,UMass Lowell,Away,,7,0.0,7.0,8.0,29.0,18.0,,,,1.0,,,,4.0,2.0,,,,3.0,
469,2025-10-19,New Hampshire,Boston College,Away,,2,8.0,2.0,2.0,15.0,11.0,16.0,,2.0,3.0,,8.0,5.0,32.0,19.0,25.0,,2.0,2.0,3.0
469,2025-10-24,New Hampshire,UAlbany,Away,,3,0.0,3.0,1.0,15.0,8.0,,,2.0,2.0,2.0,,,17.0,10.0,,,,1.0,
469,2025-10-26,New Hampshire,Lafayette,Away,,2,1.0,2.0,,14.0,11.0,32.0,,,1.0,1.0,1.0,1.0,13.0,11.0,35.0,,2.0,2.0,
469,2025-10-30,New Hampshire,Bryant,Home,,6,0.0,6.0,5.0,22.0,13.0,,,,1.0,,,,4.0,,,,,1.0,1.0
469,2025-11-04,New Hampshire,UAlbany,Home,,6,4.0,6.0,3.0,19.0,9.0,,,,,1.0,4.0,3.0,17.0,11.0,,,,1.0,
469,2025-11-07,New Hampshire,Vermont,Away,,1,,1.0,1.0,12.0,6.0,,,,1.0,,,,7.0,3.0,,,,1.0,
469,2025-11-14,New Hampshire,Harvard,Away,,2,8.0,2.0,3.0,9.0,5.0,18.0,,,1.0,,8.0,8.0,24.0,15.0,14.0,,,,
470,2025-08-29,New Haven,Bryant,Away,,0,6.0,,,,,2.0,,,,1.0,6.0,5.0,16.0,12.0,4.0,,,,
470,2025-09-03,New Haven,UAlbany,Away,,0,10.0,,,,,,,,1.0,,10.0,9.0,31.0,18.0,,,,,
470,2025-09-05,New Haven,La Salle,Away,,1,9.0,1.0,1.0,4.0,3.0,1.0,,1.0,,,9.0,3.0,27.0,21.0,4.0,,,,
470,2025-09-12,New Haven,Sacred Heart,Home,,0,4.0,,,,,22.0,,,,1.0,4.0,3.0,38.0,21.0,34.0,,,1.0,
470,2025-09-14,New Haven,Maine,Away,,0,9.0,,,,,17.0,,,,1.0,9.0,5.0,31.0,21.0,16.0,,,,
470,2025-09-19,New Haven,UMass Lowell,Away,,0,14.0,,,,,,,,,1.0,14.0,8.0,52.0,33.0,,,,,
470,2025-09-21,New Haven,Wagner,Home,,1,7.0,1.0,1.0,9.0,6.0,22.0,,,,,7.0,5.0,25.0,16.0,40.0,,,,
470,2025-09-26,New Haven,Rider,Away,,0,4.0,,,2.0,1.0,23.0,,,1.0,,4.0,3.0,21.0,12.0,44.0,,,2.0,
470,2025-10-03,New Haven,Merrimack,Away,,1,2.0,1.0,,7.0,5.0,,,,1.0,,2.0,1.0,18.0,9.0,,,,2.0,
470,2025-10-05,New Haven,Fairfield,Away,,0,11.0,,,,,2.0,,,1.0,,11.0,9.0,37.0,25.0,15.0,,,,
470,2025-10-17,New Haven,Stonehill,Away,,1,5.0,1.0,2.0,2.0,2.0,36.0,,,,,5.0,3.0,28.0,12.0,31.0,,,1.0,
470,2025-10-19,New Haven,Hofstra,Away,,0,7.0,,,3.0,1.0,20.0,,,,,7.0,9.0,26.0,13.0,49.0,,,2.0,
470,2025-10-24,New Haven,Saint Francis,Home,,0,4.0,,,6.0,5.0,23.0,,,,,4.0,6.0,36.0,25.0,47.0,,,1.0,
470,2025-10-31,New Haven,Mercyhurst,Home,,1,2.0,1.0,1.0,11.0,8.0,30.0,,1.0,,,2.0,,17.0,10.0,25.0,,,,
470,2025-11-02,New Haven,LIU,Home,,0,8.0,,,13.0,6.0,28.0,,,1.0,1.0,8.0,5.0,35.0,19.0,35.0,,,,
457,2025-08-29,North Carolina,Michigan,Home,,3,0.0,3.0,1.0,13.0,7.0,,,,1.0,,,,5.0,5.0,,,,1.0,
457,2025-08-31,North Carolina,Iowa,Away,,4,1.0,4.0,3.0,10.0,7.0,,,,2.0,,1.0,1.0,10.0,7.0,,,,,
457,2025-09-05,North Carolina,Penn,Home,,6,2.0,6.0,6.0,18.0,16.0,,,,1.0,,2.0,2.0,8.0,5.0,,,,,
457,2025-09-07,North Carolina,Princeton,Away,,3,2.0,3.0,4.0,15.0,8.0,,,1.0,1.0,,2.0,3.0,9.0,5.0,,,,1.0,
457,2025-09-12,North Carolina,App State,Home,,5,0.0,5.0,6.0,16.0,10.0,,,,1.0,,,,5.0,3.0,,,,1.0,
457,2025-09-14,North Carolina,Liberty,Home,,3,1.0,3.0,3.0,16.0,12.0,,,,2.0,,1.0,2.0,4.0,4.0,,,,1.0,1.0
457,2025-09-19,North Carolina,California,Home,,5,1.0,5.0,3.0,16.0,8.0,,,,1.0,,1.0,2.0,9.0,4.0,,,1.0,3.0,
457,2025-09-21,North Carolina,Stanford,Home,,8,1.0,8.0,5.0,34.0,22.0,,,,1.0,,1.0,,5.0,4.0,,,,1.0,
457,2025-09-26,North Carolina,Wake Forest,Away,,1,,1.0,,21.0,12.0,,,2.0,1.0,,2.0,3.0,22.0,11.0,,,,1.0,
457,2025-09-28,North Carolina,Boston College,Away,,2,1.0,2.0,1.0,17.0,13.0,24.0,,2.0,1.0,,1.0,1.0,7.0,2.0,27.0,,,2.0,2.0
457,2025-10-05,North Carolina,Old Dominion,Away,,4,1.0,4.0,4.0,16.0,9.0,,,,1.0,,1.0,2.0,6.0,1.0,,,,1.0,
457,2025-10-10,North Carolina,Virginia,Away,,1,0.0,1.0,1.0,9.0,2.0,,,,1.0,,,,5.0,2.0,,,,1.0,
457,2025-10-12,North Carolina,Louisville,Home,,3,0.0,3.0,5.0,23.0,7.0,,,,2.0,,,,2.0,,,,,3.0,
457,2025-10-17,North Carolina,Syracuse,Away,,4,3.0,4.0,4.0,22.0,15.0,,,1.0,2.0,,3.0,4.0,11.0,8.0,,,,1.0,
457,2025-10-19,North Carolina,Cornell,Away,,8,1.0,8.0,6.0,27.0,16.0,,,,,,1.0,,7.0,4.0,,,1.0,2.0,
457,2025-10-24,North Carolina,Richmond,Home,,6,1.0,6.0,6.0,23.0,13.0,,,,,,1.0,1.0,8.0,4.0,,,,,
457,2025-10-31,North Carolina,Duke,Home,,2,,2.0,3.0,17.0,7.0,,,,1.0,,1.0,2.0,7.0,3.0,,,,1.0,
457,2025-11-04,North Carolina,Louisville,Away,,2,1.0,2.0,3.0,20.0,14.0,,,1.0,2.0,,1.0,,2.0,1.0,,,,1.0,2.0
457,2025-11-06,North Carolina,Duke,Home,,5,2.0,5.0,2.0,16.0,10.0,,,,,,2.0,2.0,16.0,9.0,,,,2.0,
457,2025-11-07,North Carolina,Virginia,Home,,4,1.0,4.0,5.0,14.0,11.0,,,,1.0,,1.0,,5.0,4.0,,,,1.0,1.0
457,2025-11-14,North Carolina,Saint Joseph's,Home,,2,1.0,2.0,3.0,14.0,6.0,,,1.0,1.0,1.0,1.0,,7.0,5.0,,,,,
457,2025-11-16,North Carolina,Duke,Home,,2,,2.0,2.0,24.0,10.0,,,,,,1.0,,7.0,6.0,,,,2.0,1.0
457,2025-11-21,North Carolina,Northwestern,Home,,3,,3.0,3.0,10.0,6.0,,,,1.0,,4.0,6.0,10.0,5.0,,,,,
500,2025-08-29,Northeastern,Stonehill,Home,,2,0.0,2.0,1.0,13.0,7.0,20.0,,,1.0,,,,4.0,2.0,36.0,,,2.0,
500,2025-09-05,Northeastern,UMass Lowell,Away,,4,3.0,4.0,2.0,12.0,9.0,,,2.0,1.0,,3.0,3.0,16.0,7.0,,,,2.0,
500,2025-09-07,Northeastern,Holy Cross,Home,,4,2.0,4.0,4.0,15.0,10.0,35.0,,,,1.0,2.0,4.0,15.0,12.0,34.0,,,,
500,2025-09-12,Northeastern,New Hampshire,Home,,2,6.0,2.0,1.0,11.0,9.0,,,,,,6.0,5.0,21.0,14.0,,,,1.0,
500,2025-09-14,Northeastern,Ohio St.,Home,,0,2.0,,,2.0,2.0,,,1.0,3.0,1.0,2.0,2.0,17.0,10.0,,,,1.0,
500,2025-09-19,Northeastern,Maine,Away,,2,,2.0,,14.0,9.0,17.0,,,1.0,,1.0,1.0,13.0,6.0,26.0,,,,1.0
500,2025-09-21,Northeastern,Harvard,Home,,0,2.0,,,5.0,4.0,24.0,,,1.0,,2.0,2.0,16.0,10.0,28.0,,,,
500,2025-09-26,Northeastern,Towson,Away,,1,2.0,1.0,,9.0,4.0,,,,1.0,,2.0,1.0,11.0,5.0,,,,,
500,2025-10-03,Northeastern,William & Mary,Away,,3,1.0,3.0,3.0,13.0,11.0,,,,1.0,,1.0,,4.0,2.0,,,2.0,,
500,2025-10-05,Northeastern,Boston College,Home,,2,3.0,2.0,2.0,5.0,2.0,21.0,,,1.0,,3.0,3.0,16.0,10.0,25.0,,,1.0,
500,2025-10-12,Northeastern,UAlbany,Away,,1,2.0,1.0,2.0,8.0,2.0,,,,1.0,,2.0,1.0,17.0,8.0,,,,,
500,2025-10-17,Northeastern,Hofstra,Home,,2,1.0,2.0,2.0,15.0,9.0,25.0,,2.0,2.0,,1.0,1.0,8.0,4.0,34.0,,1.0,2.0,1.0
500,2025-10-19,Northeastern,Quinnipiac,Away,,3,2.0,3.0,6.0,12.0,9.0,22.0,,,2.0,3.0,2.0,2.0,13.0,9.0,19.0,,1.0,1.0,3.0
500,2025-10-24,Northeastern,Drexel,Home,,1,0.0,1.0,1.0,7.0,5.0,45.0,,,,1.0,,,15.0,6.0,32.0,,,,
500,2025-10-26,Northeastern,Boston U.,Home,,3,1.0,3.0,4.0,13.0,11.0,26.0,,,1.0,,1.0,,12.0,9.0,35.0,,1.0,2.0,1.0
500,2025-10-31,Northeastern,Monmouth,Away,,1,4.0,1.0,,14.0,11.0,,,,,,4.0,5.0,20.0,14.0,,,,3.0,1.0
500,2025-11-02,Northeastern,Maryland,Away,,0,4.0,,,4.0,2.0,,,,,,4.0,2.0,28.0,16.0,,,,1.0,
500,2025-11-07,Northeastern,Drexel,Home,,2,3.0,2.0,2.0,10.0,5.0,,,,3.0,1.0,3.0,3.0,11.0,8.0,,,,1.0,
509,2025-08-31,Northwestern,Richmond,Away,,4,0.0,4.0,4.0,16.0,9.0,,,,2.0,,,,8.0,3.0,,,,,1.0
509,2025-09-01,Northwestern,VCU,Away,,3,0.0,3.0,3.0,23.0,15.0,44.0,,,1.0,,,,1.0,,49.0,,,1.0,
509,2025-09-05,Northwestern,Duke,Away,,1,0.0,1.0,2.0,6.0,2.0,,,,,,,,7.0,4.0,,,,,
509,2025-09-07,Northwestern,Boston College,Home,,2,0.0,2.0,2.0,12.0,6.0,,1.0,1.0,3.0,,,,6.0,5.0,,,1.0,1.0,
509,2025-09-12,Northwestern,Louisville,Away,,2,,2.0,1.0,19.0,11.0,,,,,,1.0,,8.0,3.0,,,,,
509,2025-09-14,Northwestern,Miami (OH),Home,,5,1.0,5.0,6.0,16.0,12.0,,,,,,1.0,2.0,7.0,2.0,,,,,1.0
509,2025-09-19,Northwestern,Delaware,Away,,4,0.0,4.0,5.0,30.0,15.0,44.0,,,,,,,5.0,3.0,31.0,,2.0,,1.0
509,2025-09-21,Northwestern,Villanova,Away,,5,0.0,5.0,5.0,28.0,12.0,50.0,,,1.0,,,,8.0,5.0,27.0,,,1.0,
509,2025-09-26,Northwestern,Indiana,Home,,5,0.0,5.0,6.0,14.0,8.0,,,,,1.0,,,6.0,4.0,,,,1.0,
509,2025-10-03,Northwestern,Iowa,Away,,3,1.0,3.0,5.0,21.0,14.0,,,,1.0,,1.0,2.0,10.0,6.0,,,1.0,,
509,2025-10-10,Northwestern,Penn St.,Home,,4,0.0,4.0,3.0,24.0,14.0,,,,2.0,,,,7.0,4.0,,,,,
509,2025-10-13,Northwestern,Princeton,Home,,2,3.0,2.0,2.0,18.0,8.0,,,1.0,2.0,,3.0,5.0,13.0,8.0,,,,2.0,
509,2025-10-17,Northwestern,Rutgers,Away,,5,0.0,5.0,5.0,17.0,11.0,,,,,,,,12.0,4.0,,,1.0,1.0,
509,2025-10-19,Northwestern,Maryland,Away,,2,1.0,2.0,,10.0,5.0,,,,,,1.0,,10.0,5.0,,,,2.0,
509,2025-10-24,Northwestern,Michigan,Home,,3,1.0,3.0,3.0,18.0,8.0,,,1.0,1.0,,1.0,2.0,6.0,2.0,,,1.0,3.0,
509,2025-10-26,Northwestern,Ohio St.,Home,,7,0.0,7.0,5.0,27.0,17.0,,,,1.0,,,,4.0,1.0,,,2.0,1.0,2.0
509,2025-10-31,Northwestern,Michigan St.,Away,,5,0.0,5.0,3.0,23.0,15.0,,,,2.0,,,,2.0,1.0,,,,,
509,2025-11-07,Northwestern,Michigan,Home,,5,3.0,5.0,5.0,14.0,13.0,,,,1.0,1.0,3.0,2.0,7.0,4.0,,,,1.0,
509,2025-11-09,Northwestern,Iowa,Home,,3,0.0,3.0,4.0,16.0,9.0,,,,,,,,3.0,3.0,,,,1.0,
509,2025-11-14,Northwestern,Yale,Home,,5,1.0,5.0,2.0,24.0,14.0,,,,2.0,,1.0,1.0,3.0,1.0,,,,,
509,2025-11-16,Northwestern,Miami (OH),Home,,3,2.0,3.0,3.0,18.0,10.0,,,,1.0,,2.0,1.0,7.0,3.0,,,,2.0,
509,2025-11-21,Northwestern,North Carolina,Home,,4,,4.0,6.0,10.0,5.0,,,,,,3.0,3.0,10.0,6.0,,,,1.0,
509,2025-11-23,Northwestern,Princeton,Home,,2,,2.0,3.0,16.0,10.0,,,,1.0,,1.0,2.0,8.0,5.0,,,,,1.0
519,2025-08-30,Ohio,Michigan St.,Home,,0,5.0,,,13.0,5.0,,,,,,5.0,2.0,19.0,13.0,,,,,
519,2025-08-31,Ohio,Louisville,Away,,0,5.0,,,3.0,1.0,,,,,1.0,5.0,4.0,22.0,15.0,,,,,
519,2025-09-06,Ohio,Saint Louis,Away,,1,3.0,1.0,1.0,15.0,8.0,,,,1.0,,3.0,2.0,8.0,3.0,,,,2.0,
519,2025-09-11,Ohio,UC Davis,Away,,2,,2.0,2.0,9.0,6.0,,,1.0,1.0,,1.0,1.0,14.0,6.0,,,,,
519,2025-09-12,Ohio,Stanford,Away,,1,2.0,1.0,,3.0,2.0,,,,,,2.0,2.0,11.0,6.0,,,,,
519,2025-09-14,Ohio,California,Away,,0,9.0,,,3.0,2.0,,,,,,9.0,7.0,23.0,13.0,,,,,1.0
519,2025-09-19,Ohio,App State,Away,,3,5.0,3.0,3.0,12.0,8.0,,,,,,5.0,5.0,17.0,9.0,,,,,
519,2025-09-21,Ohio,Davidson,Away,,2,4.0,2.0,1.0,5.0,3.0,,,,2.0,,4.0,2.0,17.0,15.0,,,,1.0,
519,2025-09-26,Ohio,Massachusetts,Home,,1,0.0,1.0,,5.0,3.0,,,,,,,,12.0,3.0,,,,,
519,2025-09-28,Ohio,Central Mich.,Away,,4,,4.0,3.0,20.0,16.0,18.0,,,,,5.0,1.0,11.0,6.0,13.0,,,1.0,3.0
519,2025-10-03,Ohio,Bellarmine,Home,,0,,,,21.0,7.0,,,,1.0,1.0,,,1.0,1.0,,,,1.0,
519,2025-10-05,Ohio,Queens (NC),Home,,2,,2.0,,22.0,13.0,,,1.0,4.0,,1.0,1.0,4.0,2.0,,,,1.0,
519,2025-10-10,Ohio,Ball St.,Home,,1,0.0,1.0,,7.0,3.0,,,,3.0,,,,5.0,3.0,,,,1.0,
519,2025-10-17,Ohio,Kent St.,Away,,6,4.0,6.0,2.0,18.0,11.0,,,,,2.0,4.0,2.0,19.0,13.0,,,,,2.0
519,2025-10-19,Ohio,Longwood,Home,,1,2.0,1.0,,24.0,14.0,,,1.0,2.0,,2.0,2.0,3.0,3.0,,,,2.0,
519,2025-10-24,Ohio,Miami (OH),Home,,1,4.0,1.0,1.0,2.0,2.0,,,,,,4.0,2.0,19.0,13.0,,,,,1.0
519,2025-10-31,Ohio,James Madison,Away,,1,3.0,1.0,,6.0,5.0,39.0,,,,,3.0,2.0,10.0,5.0,49.0,,,2.0,
519,2025-11-05,Ohio,App State,Home,,1,3.0,1.0,2.0,3.0,3.0,34.0,,,,,3.0,2.0,14.0,7.0,37.0,,,1.0,
518,2025-08-29,Ohio St.,Ball St.,Away,,7,0.0,7.0,6.0,31.0,25.0,,,,1.0,,,,5.0,1.0,,,,1.0,1.0
518,2025-08-31,Ohio St.,Kent St.,Home,,9,3.0,9.0,2.0,29.0,20.0,,,1.0,1.0,,3.0,2.0,10.0,4.0,,,,2.0,1.0
518,2025-09-05,Ohio St.,Virginia,Home,,0,1.0,,,10.0,7.0,,,,,,1.0,,6.0,3.0,,,,2.0,1.0
518,2025-09-07,Ohio St.,Syracuse,Home,,1,,1.0,2.0,13.0,9.0,,,,1.0,1.0,2.0,1.0,10.0,7.0,,,,1.0,1.0
518,2025-09-12,Ohio St.,Harvard,Away,,1,,1.0,2.0,7.0,4.0,27.0,,,1.0,,2.0,,11.0,7.0,20.0,,1.0,2.0,
518,2025-09-14,Ohio St.,Northeastern,Away,,2,0.0,2.0,2.0,17.0,10.0,,,,1.0,,,,2.0,2.0,,,1.0,3.0,1.0
518,2025-09-19,Ohio St.,Louisville,Away,,2,3.0,2.0,1.0,15.0,8.0,,,,,,3.0,2.0,17.0,10.0,,,,,2.0
518,2025-09-26,Ohio St.,Rutgers,Away,,1,,1.0,,23.0,14.0,,,,,,2.0,1.0,12.0,9.0,,,,,2.0
518,2025-09-28,Ohio St.,Delaware,Away,,4,0.0,4.0,2.0,27.0,14.0,31.0,,,,,,,8.0,3.0,32.0,,,,
518,2025-10-03,Ohio St.,Maryland,Home,,2,,2.0,,13.0,7.0,,,,1.0,,1.0,1.0,9.0,4.0,,,,,1.0
518,2025-10-05,Ohio St.,Penn St.,Home,,2,0.0,2.0,1.0,10.0,4.0,,,,2.0,,,,3.0,1.0,,,,1.0,
518,2025-10-12,Ohio St.,Michigan,Home,,1,0.0,1.0,1.0,3.0,2.0,,,,3.0,,,,6.0,2.0,,,,2.0,
518,2025-10-19,Ohio St.,Michigan St.,Away,,3,4.0,3.0,4.0,24.0,14.0,,,,1.0,,4.0,2.0,8.0,6.0,,,,1.0,1.0
518,2025-10-24,Ohio St.,Indiana,Away,,1,,1.0,,12.0,9.0,,,,2.0,,2.0,1.0,9.0,6.0,,,,1.0,
518,2025-10-26,Ohio St.,Northwestern,Away,,0,7.0,,,4.0,1.0,,,2.0,1.0,2.0,7.0,5.0,27.0,17.0,,,,1.0,
518,2025-10-31,Ohio St.,Iowa,Home,,2,,2.0,2.0,17.0,9.0,,,,3.0,,3.0,2.0,15.0,8.0,,,,,
518,2025-11-06,Ohio St.,Maryland,Home,,2,1.0,2.0,1.0,9.0,5.0,,,,2.0,,1.0,1.0,9.0,4.0,,,,,1.0
518,2025-11-07,Ohio St.,Iowa,Home,,1,3.0,1.0,,12.0,8.0,,,,1.0,,3.0,2.0,8.0,6.0,,,,1.0,
523,2025-08-29,Old Dominion,VCU,Home,,2,,2.0,3.0,16.0,10.0,,,1.0,,,3.0,4.0,11.0,5.0,,,1.0,,
523,2025-08-31,Old Dominion,William & Mary,Home,,6,0.0,6.0,6.0,41.0,30.0,,,,1.0,,,,3.0,3.0,,,1.0,2.0,
523,2025-09-05,Old Dominion,Princeton,Away,,1,2.0,1.0,2.0,4.0,3.0,,,,,,2.0,3.0,11.0,8.0,,,,,
523,2025-09-07,Old Dominion,Penn,Home,,2,4.0,2.0,3.0,9.0,7.0,,,,1.0,1.0,4.0,5.0,8.0,7.0,,,,2.0,
523,2025-09-12,Old Dominion,Wagner,Home,,7,0.0,7.0,7.0,17.0,12.0,,,,,,,,4.0,3.0,,,,,
523,2025-09-14,Old Dominion,Richmond,Home,,1,2.0,1.0,,9.0,5.0,,,,2.0,,2.0,1.0,4.0,3.0,,,,,
523,2025-09-19,Old Dominion,Providence,Away,,2,0.0,2.0,4.0,6.0,4.0,,,,,,,,7.0,5.0,,,,3.0,
523,2025-09-26,Old Dominion,Quinnipiac,Home,,2,0.0,2.0,2.0,10.0,7.0,,,,,,,,5.0,2.0,,,,1.0,
523,2025-09-28,Old Dominion,Michigan,Home,,1,4.0,1.0,,10.0,6.0,,,,1.0,,4.0,5.0,10.0,7.0,,,,1.0,
523,2025-10-03,Old Dominion,Liberty,Away,,0,1.0,,,3.0,1.0,,,,,,1.0,1.0,9.0,5.0,,,,,
523,2025-10-05,Old Dominion,North Carolina,Home,,1,4.0,1.0,2.0,6.0,1.0,,,,1.0,,4.0,4.0,16.0,9.0,,,,1.0,
523,2025-10-10,Old Dominion,Villanova,Away,,4,1.0,4.0,4.0,10.0,6.0,36.0,,,,,1.0,2.0,16.0,5.0,34.0,,,,
523,2025-10-17,Old Dominion,Temple,Home,,3,,3.0,4.0,9.0,7.0,,,,,,2.0,,10.0,5.0,,,1.0,2.0,
523,2025-10-19,Old Dominion,Delaware,Away,,2,,2.0,2.0,10.0,9.0,44.0,,1.0,1.0,,1.0,,10.0,4.0,33.0,,,1.0,
523,2025-10-24,Old Dominion,UConn,Away,,1,,1.0,2.0,13.0,10.0,,,,,,2.0,1.0,4.0,4.0,,,,2.0,2.0
523,2025-10-26,Old Dominion,Duke,Away,,0,2.0,,,2.0,,,,,,,2.0,1.0,24.0,12.0,,,,1.0,
523,2025-10-31,Old Dominion,Georgetown,Home,,3,1.0,3.0,5.0,17.0,9.0,,,,1.0,,1.0,,4.0,1.0,,,,,
523,2025-11-07,Old Dominion,UConn,Home,,1,4.0,1.0,1.0,5.0,5.0,,,,4.0,,4.0,4.0,16.0,10.0,,,,2.0,
540,2025-09-05,Penn,North Carolina,Home,,2,6.0,2.0,2.0,8.0,5.0,,,,,,6.0,6.0,18.0,16.0,,,,1.0,
540,2025-09-07,Penn,Old Dominion,Home,,4,2.0,4.0,5.0,8.0,7.0,,,,2.0,,2.0,3.0,9.0,7.0,,,,1.0,1.0
540,2025-09-12,Penn,Maryland,Away,,1,3.0,1.0,,9.0,7.0,,,,,1.0,3.0,3.0,18.0,10.0,,,,1.0,
540,2025-09-14,Penn,American,Home,,2,0.0,2.0,2.0,15.0,7.0,,,,,1.0,,,9.0,4.0,,,,1.0,
540,2025-09-19,Penn,Princeton,Away,,0,1.0,,,7.0,3.0,,,,,1.0,1.0,1.0,10.0,5.0,,,,,
540,2025-09-21,Penn,Drexel,Home,,4,2.0,4.0,3.0,5.0,5.0,,,,1.0,1.0,2.0,2.0,8.0,7.0,,,,,
540,2025-09-26,Penn,Dartmouth,Home,,4,2.0,4.0,4.0,17.0,9.0,,,,,,2.0,1.0,11.0,7.0,,,,,
540,2025-10-04,Penn,Harvard,Away,,1,6.0,1.0,1.0,6.0,4.0,,,,,,6.0,5.0,18.0,14.0,,,,,1.0
540,2025-10-10,Penn,Brown,Home,,1,4.0,1.0,1.0,9.0,4.0,,,2.0,,,4.0,,20.0,10.0,,,,,
540,2025-10-12,Penn,Villanova,Away,,1,0.0,1.0,2.0,13.0,6.0,38.0,,,2.0,,,,7.0,3.0,37.0,,,2.0,1.0
540,2025-10-17,Penn,Columbia,Away,,2,1.0,2.0,2.0,14.0,12.0,9.0,,,2.0,,1.0,1.0,5.0,4.0,8.0,,,,
540,2025-10-19,Penn,Temple,Away,,3,2.0,3.0,3.0,8.0,7.0,30.0,,,,,2.0,1.0,6.0,5.0,25.0,,,2.0,
540,2025-10-24,Penn,Yale,Home,,1,,1.0,1.0,7.0,5.0,,,,1.0,,2.0,1.0,12.0,5.0,,,,,
540,2025-10-26,Penn,Saint Joseph's,Away,,3,2.0,3.0,2.0,11.0,9.0,,,1.0,1.0,,2.0,,8.0,6.0,,,,2.0,
540,2025-11-01,Penn,Cornell,Away,,2,,2.0,2.0,19.0,10.0,,,2.0,1.0,,2.0,2.0,20.0,9.0,,,1.0,2.0,
540,2025-11-02,Penn,Delaware,Home,,3,,3.0,,12.0,6.0,,,,1.0,,2.0,1.0,20.0,7.0,,,,,
539,2025-08-29,Penn St.,Virginia,Away,,1,5.0,1.0,1.0,10.0,6.0,,,,1.0,1.0,5.0,3.0,15.0,6.0,,,,,
539,2025-09-05,Penn St.,Delaware,Home,,3,,3.0,1.0,16.0,7.0,,,,1.0,,2.0,2.0,10.0,8.0,,,1.0,,
539,2025-09-07,Penn St.,Saint Joseph's,Home,,2,,2.0,1.0,9.0,6.0,,,1.0,2.0,,1.0,1.0,8.0,3.0,,,1.0,1.0,
539,2025-09-12,Penn St.,Bucknell,Home,,2,1.0,2.0,,10.0,6.0,,,,1.0,,1.0,1.0,8.0,3.0,,,,1.0,1.0
539,2025-09-14,Penn St.,Kent St.,Home,,5,2.0,5.0,4.0,25.0,16.0,,,,2.0,,2.0,,9.0,5.0,,,,,
539,2025-09-19,Penn St.,Maryland,Away,,1,3.0,1.0,,3.0,2.0,,,,2.0,,3.0,4.0,20.0,7.0,,,3.0,1.0,
539,2025-09-21,Penn St.,Lafayette,Away,,2,,2.0,1.0,16.0,11.0,36.0,,,1.0,,2.0,2.0,9.0,4.0,43.0,,1.0,2.0,
539,2025-09-26,Penn St.,Michigan St.,Home,,2,0.0,2.0,2.0,21.0,9.0,,,,,,,,7.0,2.0,,,1.0,2.0,
539,2025-09-28,Penn St.,Syracuse,Away,,2,3.0,2.0,,10.0,6.0,,,1.0,1.0,2.0,3.0,4.0,24.0,13.0,,,,1.0,
539,2025-10-03,Penn St.,Michigan,Away,,1,2.0,1.0,1.0,12.0,9.0,,,,1.0,,2.0,1.0,12.0,8.0,,,1.0,2.0,1.0
539,2025-10-05,Penn St.,Ohio St.,Away,,0,2.0,,,3.0,1.0,,,,1.0,,2.0,1.0,10.0,4.0,,,,2.0,
539,2025-10-10,Penn St.,Northwestern,Away,,0,4.0,,,7.0,4.0,,,,,,4.0,3.0,24.0,14.0,,,,2.0,
539,2025-10-17,Penn St.,Iowa,Home,,1,,1.0,,11.0,7.0,,,,2.0,,,,16.0,5.0,,,,,
539,2025-10-19,Penn St.,Indiana,Home,,1,3.0,1.0,1.0,9.0,6.0,,,,2.0,2.0,3.0,2.0,17.0,12.0,,,,1.0,
539,2025-10-24,Penn St.,Lock Haven,Away,,8,0.0,8.0,6.0,31.0,24.0,18.0,,,,,,,7.0,2.0,25.0,,,,2.0
539,2025-10-26,Penn St.,Princeton,Away,,1,6.0,1.0,,7.0,3.0,,,1.0,1.0,,6.0,9.0,21.0,13.0,,,1.0,,
539,2025-10-31,Penn St.,Rutgers,Home,,2,4.0,2.0,1.0,10.0,6.0,,,1.0,,,4.0,1.0,11.0,6.0,,,2.0,2.0,
554,2025-09-05,Princeton,Old Dominion,Home,,2,1.0,2.0,3.0,11.0,8.0,,,,,,1.0,2.0,4.0,3.0,,,,,
554,2025-09-07,Princeton,North Carolina,Home,,2,3.0,2.0,3.0,9.0,5.0,,,,1.0,,3.0,4.0,15.0,8.0,,,1.0,1.0,
554,2025-09-12,Princeton,Syracuse,Home,,0,,,,6.0,2.0,,,,2.0,,1.0,,5.0,1.0,,,1.0,2.0,
554,2025-09-14,Princeton,Rutgers,Away,,1,,1.0,1.0,20.0,15.0,,,,,,,,5.0,3.0,,,1.0,1.0,1.0
554,2025-09-19,Princeton,Penn,Home,,1,0.0,1.0,1.0,10.0,5.0,,,,,,,,7.0,3.0,,,,,1.0
554,2025-09-21,Princeton,UConn,Home,,5,0.0,5.0,5.0,13.0,10.0,,,,1.0,,,,10.0,4.0,,,,1.0,
554,2025-09-26,Princeton,Harvard,Home,,1,3.0,1.0,1.0,14.0,7.0,,,,,,3.0,3.0,5.0,4.0,,,,1.0,
554,2025-09-28,Princeton,Maryland,Away,,2,1.0,2.0,,17.0,7.0,,,,1.0,,1.0,,9.0,3.0,,,,1.0,
554,2025-10-03,Princeton,Yale,Away,,2,1.0,2.0,,14.0,10.0,,,1.0,1.0,,1.0,2.0,7.0,3.0,,,2.0,,
554,2025-10-11,Princeton,Dartmouth,Away,,4,0.0,4.0,3.0,22.0,13.0,,,,1.0,,,,4.0,1.0,,,,1.0,3.0
554,2025-10-13,Princeton,Northwestern,Away,,3,2.0,3.0,5.0,13.0,8.0,,,,2.0,,2.0,2.0,18.0,8.0,,,1.0,2.0,
554,2025-10-17,Princeton,Cornell,Home,,4,0.0,4.0,3.0,17.0,10.0,,,1.0,1.0,,,,8.0,1.0,,,,2.0,
554,2025-10-19,Princeton,Monmouth,Home,,5,1.0,5.0,5.0,30.0,20.0,,,,,3.0,1.0,1.0,12.0,9.0,,,,1.0,
554,2025-10-24,Princeton,Brown,Away,,2,1.0,2.0,1.0,28.0,13.0,,,3.0,1.0,,1.0,1.0,3.0,3.0,,,1.0,3.0,1.0
554,2025-10-26,Princeton,Penn St.,Home,,6,1.0,6.0,9.0,21.0,13.0,,,1.0,,,1.0,,7.0,3.0,,,1.0,1.0,
554,2025-11-01,Princeton,Columbia,Home,,3,0.0,3.0,1.0,20.0,10.0,,,,2.0,,,,2.0,,,,,1.0,
554,2025-11-07,Princeton,Yale,Home,,3,0.0,3.0,3.0,9.0,6.0,,,,,,,,3.0,1.0,,,,3.0,
554,2025-11-09,Princeton,Harvard,Away,,2,1.0,2.0,2.0,5.0,3.0,,,1.0,1.0,,1.0,,9.0,2.0,,,,1.0,
554,2025-11-14,Princeton,Fairfield,Home,,3,1.0,3.0,4.0,16.0,6.0,,,,,,1.0,1.0,4.0,1.0,,,,2.0,1.0
554,2025-11-16,Princeton,Syracuse,Home,,2,1.0,2.0,3.0,10.0,7.0,,,1.0,,,1.0,2.0,4.0,2.0,,,,1.0,1.0
554,2025-11-21,Princeton,Harvard,Home,,2,0.0,2.0,,8.0,3.0,,,,2.0,,,,5.0,3.0,,,2.0,,
554,2025-11-23,Princeton,Northwestern,Home,,1,,1.0,2.0,8.0,5.0,,,,,1.0,2.0,3.0,16.0,10.0,,,,1.0,
556,2025-08-29,Providence,Boston U.,Away,,3,,2.0,2.0,17.0,11.0,,,,4.0,1.0,2.0,1.0,21.0,14.0,,,,1.0,2.0
556,2025-09-05,Providence,Holy Cross,Away,,2,1.0,2.0,1.0,21.0,14.0,,,,,,1.0,1.0,6.0,5.0,,,,,3.0
556,2025-09-07,Providence,Merrimack,Home,,7,0.0,7.0,7.0,31.0,23.0,,,,3.0,,,,2.0,1.0,,,,,
556,2025-09-12,Providence,Bryant,Home,,4,0.0,4.0,4.0,17.0,11.0,,,,1.0,,,,6.0,3.0,,,,1.0,
556,2025-09-14,Providence,New Hampshire,Home,,3,,3.0,2.0,14.0,9.0,,,,1.0,,4.0,6.0,16.0,12.0,,,,1.0,
556,2025-09-19,Providence,Old Dominion,Home,,0,2.0,,,7.0,5.0,,,,3.0,,2.0,4.0,6.0,4.0,,,,,
556,2025-09-21,Providence,American,Home,,1,,1.0,1.0,5.0,3.0,,,,3.0,,2.0,,15.0,7.0,,,1.0,2.0,
556,2025-09-26,Providence,Georgetown,Home,,2,0.0,2.0,2.0,8.0,6.0,,,,,,,,6.0,1.0,,,,,
556,2025-09-28,Providence,Hofstra,Home,,3,1.0,3.0,3.0,15.0,10.0,,,,1.0,,1.0,1.0,11.0,4.0,,,,1.0,
556,2025-10-03,Providence,UConn,Away,,1,3.0,1.0,,7.0,3.0,,,,1.0,,3.0,2.0,15.0,10.0,,,,2.0,
556,2025-10-05,Providence,Vermont,Away,,2,,2.0,2.0,16.0,7.0,,,5.0,2.0,,1.0,1.0,19.0,14.0,,,1.0,3.0,
556,2025-10-10,Providence,Quinnipiac,Home,,1,2.0,1.0,1.0,10.0,4.0,,,,,,2.0,4.0,6.0,4.0,,,,,
556,2025-10-12,Providence,Sacred Heart,Home,,3,1.0,3.0,2.0,16.0,7.0,,,,1.0,,1.0,1.0,10.0,4.0,,,,1.0,
556,2025-10-17,Providence,Liberty,Away,,0,2.0,,,3.0,1.0,,,,,,2.0,1.0,18.0,9.0,,,,,
556,2025-10-24,Providence,Villanova,Away,,2,4.0,2.0,2.0,14.0,7.0,43.0,,,2.0,,4.0,4.0,14.0,7.0,29.0,,1.0,,
556,2025-10-26,Providence,Brown,Home,,1,5.0,1.0,,3.0,3.0,,,,,,5.0,6.0,18.0,14.0,,,,,
556,2025-10-31,Providence,Temple,Home,,2,,2.0,2.0,8.0,4.0,,,,,,3.0,2.0,14.0,12.0,,,,1.0,
11504,2025-08-31,Queens (NC),Longwood,Home,,1,3.0,1.0,,19.0,5.0,,,1.0,1.0,,3.0,1.0,7.0,6.0,,,1.0,,
11504,2025-09-07,Queens (NC),Iowa,Away,,1,8.0,1.0,1.0,1.0,1.0,,,,,,8.0,4.0,40.0,25.0,,,,,
11504,2025-09-09,Queens (NC),App State,Home,,0,6.0,,,,,24.0,,,1.0,,6.0,4.0,33.0,16.0,25.0,,,,
11504,2025-09-12,Queens (NC),UMass Lowell,Home,,2,5.0,2.0,1.0,4.0,3.0,23.0,,,1.0,,5.0,6.0,19.0,12.0,27.0,,1.0,1.0,
11504,2025-09-14,Queens (NC),Towson,Home,,0,2.0,,,4.0,2.0,31.0,,,1.0,,2.0,,28.0,15.0,27.0,,,,
11504,2025-09-19,Queens (NC),Vermont,Home,,0,4.0,,,2.0,1.0,30.0,,,,,4.0,3.0,21.0,13.0,34.0,,1.0,1.0,
11504,2025-09-21,Queens (NC),La Salle,Home,,1,,1.0,2.0,15.0,10.0,36.0,,,1.0,1.0,2.0,1.0,12.0,8.0,33.0,,,1.0,
11504,2025-09-28,Queens (NC),Coker,Home,,7,0.0,7.0,3.0,30.0,25.0,19.0,,,2.0,,,,4.0,1.0,29.0,,,1.0,2.0
11504,2025-10-04,Queens (NC),Bellarmine,Home,,1,0.0,1.0,1.0,8.0,4.0,,,,2.0,1.0,,,17.0,9.0,,,,,
11504,2025-10-05,Queens (NC),Ohio,Away,,1,,1.0,1.0,4.0,2.0,,,,1.0,,2.0,,22.0,13.0,,,1.0,4.0,
11504,2025-10-10,Queens (NC),Wake Forest,Away,,2,9.0,2.0,1.0,3.0,2.0,,,,1.0,,9.0,4.0,40.0,24.0,,,,,
11504,2025-10-12,Queens (NC),Richmond,Home,,0,3.0,,,7.0,4.0,29.0,,,1.0,1.0,3.0,3.0,11.0,8.0,26.0,,,3.0,
11504,2025-10-19,Queens (NC),UC Davis,Home,,1,4.0,1.0,1.0,4.0,1.0,19.0,,,,1.0,4.0,1.0,27.0,22.0,22.0,,,,
11504,2025-10-24,Queens (NC),Belmont Abbey,Home,,4,1.0,4.0,2.0,17.0,9.0,28.0,,,,,1.0,1.0,5.0,4.0,20.0,,,,
11504,2025-10-26,Queens (NC),Georgetown,Away,,1,3.0,1.0,1.0,2.0,2.0,30.0,,,1.0,,3.0,4.0,21.0,12.0,42.0,,,,
11504,2025-11-01,Queens (NC),Saint Louis,Home,,3,,2.0,2.0,15.0,10.0,50.0,,1.0,1.0,1.0,2.0,3.0,27.0,19.0,49.0,,1.0,2.0,1.0
11504,2025-11-02,Queens (NC),Davidson,Away,,1,3.0,1.0,,6.0,4.0,,,,1.0,,3.0,2.0,30.0,15.0,,,,1.0,
562,2025-08-29,Quinnipiac,Holy Cross,Away,,2,1.0,2.0,3.0,18.0,13.0,,,2.0,1.0,,1.0,1.0,12.0,10.0,,,,1.0,
562,2025-08-31,Quinnipiac,Bucknell,Home,,2,0.0,2.0,2.0,12.0,6.0,30.0,,1.0,4.0,1.0,,,10.0,3.0,23.0,,,,
562,2025-09-05,Quinnipiac,Maine,Away,,1,,1.0,,9.0,7.0,29.0,,,3.0,,2.0,1.0,16.0,9.0,24.0,,,1.0,2.0
562,2025-09-06,Quinnipiac,Stonehill,Home,,5,0.0,5.0,5.0,15.0,9.0,27.0,,,,,,,5.0,2.0,22.0,,,,1.0
562,2025-09-12,Quinnipiac,Boston U.,Away,,2,4.0,2.0,2.0,12.0,7.0,,,,1.0,,4.0,3.0,15.0,10.0,,,,3.0,
562,2025-09-14,Quinnipiac,Columbia,Home,,3,2.0,3.0,3.0,14.0,9.0,41.0,,,1.0,,2.0,2.0,9.0,4.0,41.0,,,,
562,2025-09-19,Quinnipiac,Liberty,Home,,0,2.0,,,6.0,1.0,41.0,,1.0,,,2.0,2.0,19.0,4.0,26.0,,,,
562,2025-09-21,Quinnipiac,Merrimack,Home,,8,0.0,8.0,6.0,25.0,16.0,31.0,,,1.0,,,,3.0,2.0,31.0,,,,
562,2025-09-26,Quinnipiac,Old Dominion,Away,,0,2.0,,,5.0,2.0,,,,1.0,,2.0,2.0,10.0,7.0,,,,,
562,2025-10-03,Quinnipiac,Temple,Home,,0,3.0,,,9.0,4.0,41.0,,,,,3.0,3.0,13.0,6.0,32.0,,1.0,,
562,2025-10-05,Quinnipiac,Wagner,Away,,2,1.0,2.0,1.0,19.0,12.0,,,,2.0,,1.0,,10.0,6.0,,,,,1.0
562,2025-10-10,Quinnipiac,Providence,Away,,2,1.0,2.0,4.0,6.0,4.0,,,,,,1.0,1.0,10.0,4.0,,,,,
562,2025-10-12,Quinnipiac,Lafayette,Home,,1,,,,11.0,1.0,36.0,,,1.0,,,,16.0,9.0,44.0,,,,
562,2025-10-17,Quinnipiac,Villanova,Home,,2,0.0,2.0,,11.0,8.0,35.0,,,2.0,,,,16.0,3.0,35.0,,,1.0,
562,2025-10-19,Quinnipiac,Northeastern,Home,,2,3.0,2.0,2.0,13.0,9.0,19.0,,1.0,1.0,3.0,3.0,6.0,12.0,9.0,22.0,,,2.0,3.0
562,2025-10-24,Quinnipiac,Georgetown,Away,,1,3.0,1.0,,15.0,9.0,46.0,,,1.0,1.0,3.0,2.0,12.0,8.0,42.0,,,1.0,
562,2025-10-26,Quinnipiac,UMass Lowell,Away,,5,1.0,5.0,2.0,16.0,11.0,,,1.0,4.0,,1.0,,10.0,5.0,,,,,
562,2025-10-31,Quinnipiac,UConn,Home,,2,4.0,2.0,1.0,5.0,3.0,33.0,,1.0,,,4.0,4.0,13.0,7.0,25.0,,,,
575,2025-08-29,Richmond,Longwood,Home,,3,0.0,3.0,4.0,26.0,14.0,,,,1.0,1.0,,,4.0,2.0,,,,1.0,
575,2025-08-31,Richmond,Northwestern,Home,,0,4.0,,,8.0,3.0,,,,,1.0,4.0,4.0,16.0,9.0,,,,2.0,
575,2025-09-05,Richmond,James Madison,Home,,1,,1.0,2.0,14.0,8.0,,,,1.0,2.0,2.0,1.0,19.0,10.0,,,,,
575,2025-09-07,Richmond,Liberty,Away,,2,4.0,2.0,1.0,7.0,5.0,,,,,,4.0,4.0,13.0,7.0,,,,,1.0
575,2025-09-12,Richmond,Georgetown,Home,,2,1.0,2.0,3.0,14.0,7.0,,,,1.0,,1.0,1.0,11.0,4.0,,,1.0,2.0,
575,2025-09-14,Richmond,Old Dominion,Away,,2,1.0,2.0,1.0,4.0,3.0,,,,,,1.0,,9.0,5.0,,,,2.0,
575,2025-09-19,Richmond,Lock Haven,Home,,8,0.0,8.0,5.0,28.0,20.0,,,,,,,,3.0,,,,,1.0,1.0
575,2025-09-26,Richmond,La Salle,Away,,2,,2.0,2.0,18.0,11.0,33.0,,,1.0,,1.0,1.0,6.0,2.0,22.0,,,1.0,1.0
575,2025-09-28,Richmond,Temple,Away,,2,3.0,2.0,1.0,5.0,2.0,19.0,,,1.0,1.0,3.0,3.0,18.0,8.0,37.0,,,1.0,
575,2025-10-03,Richmond,Saint Louis,Home,,1,2.0,1.0,1.0,14.0,7.0,,,1.0,2.0,,2.0,1.0,9.0,4.0,,,,3.0,1.0
575,2025-10-05,Richmond,Ball St.,Home,,5,0.0,5.0,5.0,19.0,13.0,,,,,,,,13.0,9.0,,,,1.0,
575,2025-10-10,Richmond,Davidson,Away,,2,,2.0,3.0,11.0,5.0,,,,2.0,,1.0,2.0,14.0,7.0,,,1.0,3.0,
575,2025-10-12,Richmond,Queens (NC),Away,,3,0.0,3.0,3.0,11.0,8.0,26.0,,,3.0,,,,7.0,4.0,29.0,,,1.0,1.0
575,2025-10-17,Richmond,Saint Joseph's,Home,,2,0.0,2.0,1.0,8.0,4.0,,,1.0,,,,,19.0,12.0,,,,3.0,
575,2025-10-19,Richmond,American,Home,,2,4.0,2.0,2.0,9.0,4.0,,,,1.0,,4.0,4.0,11.0,10.0,,,,1.0,
575,2025-10-24,Richmond,North Carolina,Away,,1,6.0,1.0,1.0,8.0,4.0,,,,,,6.0,6.0,23.0,13.0,,,,,
575,2025-10-26,Richmond,William & Mary,Home,,5,1.0,5.0,1.0,20.0,15.0,,,,1.0,1.0,1.0,1.0,4.0,4.0,,,,2.0,2.0
575,2025-10-31,Richmond,VCU,Away,,2,,2.0,1.0,5.0,3.0,56.0,,,2.0,,1.0,2.0,14.0,10.0,48.0,,,1.0,
575,2025-11-06,Richmond,Davidson,Home,,4,2.0,4.0,2.0,16.0,12.0,,,1.0,,2.0,2.0,,12.0,5.0,,,,1.0,
575,2025-11-08,Richmond,Saint Joseph's,Home,,0,2.0,,,2.0,1.0,,,,2.0,,2.0,2.0,7.0,2.0,,,,1.0,
576,2025-08-29,Rider,Colgate,Away,,3,0.0,3.0,3.0,16.0,11.0,27.0,,,1.0,,,,6.0,1.0,22.0,,,1.0,
576,2025-09-05,Rider,Hofstra,Away,,2,,2.0,3.0,16.0,11.0,35.0,,2.0,3.0,1.0,3.0,2.0,25.0,16.0,36.0,,5.0,2.0,
576,2025-09-07,Rider,Monmouth,Away,,1,7.0,1.0,,8.0,2.0,,,,,,7.0,5.0,32.0,19.0,,,,1.0,
576,2025-09-12,Rider,Drexel,Away,,0,5.0,,,4.0,3.0,3.0,,,,,5.0,3.0,26.0,15.0,7.0,,,,
576,2025-09-19,Rider,Stonehill,Home,,3,,3.0,1.0,9.0,6.0,53.0,,1.0,1.0,,4.0,1.0,10.0,8.0,47.0,,,2.0,
576,2025-09-21,Rider,Towson,Away,,1,2.0,1.0,2.0,7.0,4.0,,,,1.0,,2.0,,19.0,9.0,,,,2.0,
576,2025-09-26,Rider,New Haven,Home,,4,0.0,4.0,3.0,21.0,12.0,44.0,,,2.0,,,,2.0,1.0,23.0,,,1.0,
576,2025-09-28,Rider,Sacred Heart,Home,,2,1.0,2.0,2.0,6.0,3.0,50.0,,2.0,3.0,1.0,1.0,,21.0,16.0,39.0,,1.0,2.0,
576,2025-10-03,Rider,Mercyhurst,Away,,5,1.0,5.0,3.0,28.0,24.0,47.0,,,1.0,,1.0,1.0,6.0,5.0,41.0,,,1.0,5.0
576,2025-10-05,Rider,La Salle,Away,,4,,4.0,,22.0,16.0,22.0,,4.0,,,3.0,2.0,13.0,7.0,27.0,,1.0,,2.0
576,2025-10-10,Rider,Saint Francis,Home,,0,2.0,,,11.0,7.0,46.0,,1.0,2.0,,2.0,,14.0,11.0,29.0,,,2.0,2.0
576,2025-10-12,Rider,Georgetown,Away,,4,,4.0,1.0,12.0,10.0,38.0,,,,,3.0,3.0,26.0,20.0,40.0,,,1.0,
576,2025-10-17,Rider,LIU,Home,,6,2.0,6.0,5.0,17.0,12.0,66.0,,,2.0,,2.0,1.0,10.0,9.0,67.0,,2.0,3.0,2.0
576,2025-10-19,Rider,Fairfield,Away,,1,7.0,1.0,1.0,6.0,2.0,10.0,,1.0,1.0,,7.0,6.0,28.0,22.0,12.0,,,1.0,
576,2025-10-24,Rider,Merrimack,Away,,1,3.0,1.0,,22.0,12.0,,,1.0,4.0,,3.0,1.0,7.0,5.0,,,,2.0,
576,2025-10-26,Rider,Lehigh,Away,,1,2.0,1.0,1.0,15.0,7.0,14.0,,,,,2.0,1.0,13.0,9.0,19.0,,,,2.0
576,2025-10-31,Rider,Wagner,Away,,4,,4.0,2.0,14.0,8.0,,,,2.0,,3.0,2.0,12.0,8.0,,,,1.0,
576,2025-11-06,Rider,Fairfield,Away,,0,2.0,,,,,29.0,,1.0,2.0,,2.0,2.0,17.0,7.0,26.0,,1.0,2.0,
587,2025-08-29,Rutgers,Wagner,Home,,5,1.0,5.0,3.0,22.0,13.0,,,,,,1.0,,7.0,5.0,,,,,
587,2025-08-31,Rutgers,Vermont,Away,,2,0.0,2.0,1.0,12.0,9.0,,,,,,,,11.0,8.0,,,,1.0,
587,2025-09-05,Rutgers,Syracuse,Home,,0,2.0,,,2.0,,,,,1.0,,2.0,2.0,13.0,7.0,,,,1.0,
587,2025-09-07,Rutgers,Virginia,Home,,0,1.0,,,2.0,1.0,,,2.0,1.0,,1.0,1.0,7.0,5.0,,,,1.0,
587,2025-09-12,Rutgers,UConn,Away,,3,,3.0,1.0,15.0,11.0,,,,1.0,,2.0,2.0,12.0,8.0,,,,,1.0
587,2025-09-14,Rutgers,Princeton,Home,,0,,,,5.0,3.0,,,1.0,1.0,1.0,1.0,1.0,20.0,15.0,,,,,
587,2025-09-19,Rutgers,New Hampshire,Home,,6,2.0,6.0,5.0,27.0,20.0,,,1.0,,,2.0,2.0,15.0,9.0,,,,1.0,
587,2025-09-21,Rutgers,Monmouth,Home,,2,4.0,2.0,,12.0,5.0,,,,,1.0,4.0,3.0,17.0,15.0,,,,,
587,2025-09-26,Rutgers,Ohio St.,Home,,2,,2.0,1.0,12.0,9.0,,,,,2.0,1.0,,23.0,14.0,,,,,
587,2025-09-28,Rutgers,Columbia,Home,,8,0.0,8.0,8.0,22.0,17.0,,,,,,,,5.0,1.0,,,,,
587,2025-10-03,Rutgers,Michigan St.,Away,,5,0.0,5.0,2.0,21.0,19.0,5.0,,,1.0,,,,6.0,4.0,2.0,,,,
587,2025-10-05,Rutgers,Michigan,Away,,1,2.0,1.0,1.0,9.0,8.0,,,,1.0,,2.0,1.0,15.0,4.0,,,,2.0,
587,2025-10-10,Rutgers,Indiana,Away,,4,0.0,4.0,4.0,8.0,6.0,,,,1.0,1.0,,,13.0,4.0,,,,1.0,
587,2025-10-17,Rutgers,Northwestern,Home,,0,5.0,,,12.0,4.0,,,1.0,1.0,,5.0,5.0,17.0,11.0,,,,,
587,2025-10-19,Rutgers,Iowa,Home,,3,,3.0,4.0,10.0,5.0,,,,,,4.0,4.0,16.0,11.0,,,1.0,,
587,2025-10-24,Rutgers,Maryland,Home,,0,,,,6.0,,,,,1.0,,1.0,1.0,9.0,5.0,,,,1.0,
587,2025-10-31,Rutgers,Penn St.,Away,,4,2.0,4.0,1.0,11.0,6.0,,,2.0,2.0,,2.0,1.0,10.0,6.0,,,1.0,,
587,2025-11-06,Rutgers,Michigan,Home,,1,,1.0,1.0,9.0,4.0,,,,1.0,2.0,2.0,3.0,25.0,14.0,,,,1.0,
590,2025-08-29,Sacred Heart,Bucknell,Home,,1,2.0,1.0,1.0,9.0,5.0,40.0,,,,,2.0,2.0,14.0,2.0,41.0,,,2.0,
590,2025-08-31,Sacred Heart,Hofstra,Away,,0,2.0,,,10.0,5.0,35.0,,,1.0,,2.0,,22.0,13.0,38.0,,1.0,1.0,
590,2025-09-05,Sacred Heart,Georgetown,Home,,3,,3.0,3.0,14.0,9.0,25.0,,,1.0,1.0,2.0,1.0,21.0,7.0,33.0,,3.0,2.0,
590,2025-09-07,Sacred Heart,Towson,Away,,1,3.0,1.0,,18.0,14.0,,,1.0,1.0,,3.0,,12.0,6.0,,,1.0,1.0,
590,2025-09-12,Sacred Heart,New Haven,Away,,4,0.0,4.0,3.0,38.0,21.0,34.0,,,1.0,,,,,,22.0,,,,1.0
590,2025-09-19,Sacred Heart,UC Davis,Home,,1,2.0,1.0,2.0,15.0,8.0,37.0,,,2.0,1.0,2.0,,10.0,4.0,41.0,,,1.0,1.0
590,2025-09-21,Sacred Heart,Lehigh,Home,,3,1.0,3.0,5.0,19.0,10.0,42.0,,,2.0,1.0,1.0,,15.0,6.0,44.0,,,1.0,
590,2025-09-26,Sacred Heart,Wagner,Home,,0,1.0,,,14.0,4.0,38.0,,,2.0,1.0,1.0,,16.0,9.0,38.0,,1.0,3.0,
590,2025-09-28,Sacred Heart,Rider,Away,,1,2.0,1.0,,21.0,16.0,39.0,,1.0,2.0,,2.0,2.0,6.0,3.0,50.0,,2.0,3.0,1.0
590,2025-10-03,Sacred Heart,Fairfield,Away,,1,3.0,1.0,1.0,6.0,4.0,31.0,,,,,3.0,2.0,19.0,10.0,25.0,,,,
590,2025-10-05,Sacred Heart,Yale,Away,,0,2.0,,,5.0,4.0,,,,,,2.0,2.0,19.0,7.0,,,,1.0,
590,2025-10-10,Sacred Heart,Merrimack,Home,,10,2.0,10.0,9.0,22.0,16.0,,,,,,2.0,2.0,6.0,3.0,,,,1.0,
590,2025-10-12,Sacred Heart,Providence,Away,,1,3.0,1.0,1.0,10.0,4.0,,,,1.0,,3.0,2.0,16.0,7.0,,,,1.0,
590,2025-10-17,Sacred Heart,Saint Francis,Away,,0,1.0,,,7.0,4.0,51.0,,,1.0,,1.0,1.0,10.0,8.0,30.0,,,,
590,2025-10-19,Sacred Heart,Stonehill,Home,,4,1.0,4.0,2.0,21.0,11.0,53.0,,,1.0,,1.0,,13.0,3.0,35.0,,,1.0,2.0
590,2025-10-24,Sacred Heart,Mercyhurst,Home,,2,0.0,2.0,2.0,37.0,22.0,42.0,,,,,,,4.0,3.0,51.0,,1.0,2.0,
590,2025-10-26,Sacred Heart,Columbia,Away,,2,4.0,2.0,1.0,8.0,5.0,10.0,,,1.0,,4.0,2.0,15.0,13.0,13.0,,,2.0,
590,2025-10-31,Sacred Heart,LIU,Away,,2,1.0,2.0,2.0,10.0,5.0,,,,,,1.0,,7.0,3.0,,,,1.0,
600,2025-08-29,Saint Francis,Bellarmine,Away,,4,0.0,4.0,4.0,17.0,15.0,,,,1.0,,,,6.0,3.0,,,,,
600,2025-08-31,Saint Francis,Miami (OH),Away,,1,6.0,1.0,,5.0,2.0,,,4.0,2.0,,6.0,7.0,20.0,10.0,,,3.0,4.0,
600,2025-09-05,Saint Francis,Bucknell,Away,,0,3.0,,,7.0,4.0,,,,1.0,,3.0,2.0,12.0,7.0,,,,1.0,
600,2025-09-07,Saint Francis,La Salle,Away,,2,0.0,2.0,3.0,13.0,9.0,22.0,,1.0,,,,,5.0,3.0,10.0,,3.0,,1.0
600,2025-09-12,Saint Francis,Ball St.,Away,,3,1.0,3.0,1.0,20.0,15.0,,,,2.0,,1.0,1.0,10.0,6.0,,,,1.0,
600,2025-09-14,Saint Francis,Indiana,Away,,1,5.0,1.0,1.0,3.0,2.0,,,1.0,,1.0,5.0,5.0,38.0,23.0,,,,,
600,2025-09-19,Saint Francis,LIU,Home,,6,2.0,6.0,4.0,26.0,22.0,36.0,,,1.0,,2.0,1.0,5.0,4.0,31.0,,2.0,,
600,2025-09-21,Saint Francis,Saint Louis,Home,,1,0.0,1.0,2.0,17.0,15.0,29.0,,2.0,2.0,,,,4.0,2.0,25.0,,1.0,,
600,2025-09-26,Saint Francis,Stonehill,Away,,3,0.0,3.0,1.0,24.0,14.0,28.0,,,,,,,2.0,2.0,45.0,,,,
600,2025-09-28,Saint Francis,Merrimack,Home,,7,0.0,7.0,3.0,21.0,19.0,,,,1.0,,,,5.0,3.0,,,,1.0,
600,2025-10-03,Saint Francis,Wagner,Home,,3,0.0,3.0,3.0,9.0,9.0,34.0,,,1.0,,,,5.0,3.0,52.0,,,1.0,
600,2025-10-05,Saint Francis,Lock Haven,Away,,4,1.0,4.0,3.0,27.0,19.0,40.0,,,1.0,,1.0,1.0,4.0,2.0,25.0,,,,
600,2025-10-10,Saint Francis,Rider,Away,,2,0.0,2.0,,14.0,11.0,29.0,,,2.0,2.0,,,11.0,7.0,46.0,,1.0,2.0,
600,2025-10-12,Saint Francis,Towson,Away,,3,,3.0,1.0,12.0,10.0,,,,3.0,1.0,2.0,1.0,23.0,9.0,,,1.0,1.0,
600,2025-10-17,Saint Francis,Sacred Heart,Home,,1,0.0,1.0,1.0,10.0,8.0,30.0,,,,,,,7.0,4.0,51.0,,,1.0,
600,2025-10-19,Saint Francis,Mercyhurst,Home,,5,0.0,5.0,5.0,19.0,12.0,45.0,,1.0,1.0,,,,1.0,1.0,36.0,,1.0,1.0,
600,2025-10-24,Saint Francis,New Haven,Away,,4,0.0,4.0,6.0,36.0,25.0,47.0,,,1.0,,,,6.0,5.0,23.0,,,,
600,2025-10-31,Saint Francis,Fairfield,Away,,1,5.0,1.0,,5.0,2.0,18.0,,,4.0,,5.0,4.0,22.0,13.0,32.0,,,2.0,
600,2025-11-06,Saint Francis,Wagner,Home,,0,1.0,,,5.0,,27.0,,,1.0,,1.0,1.0,8.0,4.0,25.0,,,,
606,2025-08-30,Saint Joseph's,UConn,Home,,2,,1.0,1.0,14.0,10.0,,,,1.0,,1.0,1.0,15.0,8.0,,,,1.0,
606,2025-08-31,Saint Joseph's,New Hampshire,Away,,2,0.0,2.0,2.0,10.0,8.0,,,,,,,,9.0,6.0,,,,3.0,
606,2025-09-07,Saint Joseph's,Penn St.,Away,,1,,1.0,1.0,8.0,3.0,,,1.0,1.0,,2.0,1.0,9.0,6.0,,,1.0,2.0,
606,2025-09-12,Saint Joseph's,American,Home,,1,0.0,1.0,1.0,8.0,6.0,,,,1.0,,,,6.0,1.0,,,2.0,2.0,
606,2025-09-14,Saint Joseph's,Maryland,Away,,0,1.0,,,3.0,2.0,,,,1.0,1.0,1.0,1.0,12.0,5.0,,,,2.0,
606,2025-09-19,Saint Joseph's,Saint Louis,Home,,3,0.0,3.0,1.0,41.0,21.0,,,,1.0,,,,1.0,,,,,2.0,
606,2025-09-21,Saint Joseph's,Louisville,Home,,0,2.0,,,18.0,7.0,,,,,,2.0,3.0,8.0,3.0,,,1.0,3.0,
606,2025-09-24,Saint Joseph's,Delaware,Home,,2,1.0,2.0,1.0,13.0,9.0,,,,,,1.0,1.0,9.0,6.0,,,,,
606,2025-09-26,Saint Joseph's,Lehigh,Home,,6,1.0,6.0,6.0,19.0,13.0,,,,,,1.0,1.0,2.0,1.0,,,,,
606,2025-09-28,Saint Joseph's,Villanova,Away,,1,2.0,1.0,1.0,22.0,9.0,44.0,,1.0,,,2.0,1.0,11.0,4.0,36.0,,,,
606,2025-10-03,Saint Joseph's,Lock Haven,Away,,9,0.0,9.0,5.0,38.0,23.0,14.0,,,,,,,4.0,1.0,13.0,,,,
606,2025-10-10,Saint Joseph's,VCU,Home,,0,1.0,,,10.0,5.0,,,,1.0,,1.0,1.0,4.0,3.0,,,1.0,3.0,
606,2025-10-12,Saint Joseph's,Drexel,Home,,2,,2.0,2.0,6.0,4.0,,,,2.0,,2.0,3.0,9.0,5.0,,,,1.0,
606,2025-10-17,Saint Joseph's,Richmond,Away,,0,2.0,,,19.0,12.0,,,,3.0,,2.0,1.0,8.0,4.0,,,1.0,,
606,2025-10-19,Saint Joseph's,Liberty,Away,,1,2.0,1.0,,10.0,3.0,,,,2.0,,2.0,2.0,8.0,3.0,,,,2.0,
606,2025-10-24,Saint Joseph's,Davidson,Home,,3,0.0,3.0,3.0,19.0,9.0,,,,1.0,,,,7.0,3.0,,,,,
606,2025-10-26,Saint Joseph's,Penn,Home,,2,3.0,2.0,,8.0,6.0,,,,2.0,,3.0,2.0,11.0,9.0,,,1.0,1.0,
606,2025-10-31,Saint Joseph's,La Salle,Home,,7,1.0,7.0,8.0,22.0,15.0,,,,1.0,,1.0,2.0,2.0,2.0,,,,,
606,2025-11-06,Saint Joseph's,VCU,Home,,3,,3.0,5.0,13.0,8.0,,,1.0,1.0,,2.0,2.0,14.0,7.0,,,,,1.0
606,2025-11-08,Saint Joseph's,Richmond,Away,,2,0.0,2.0,2.0,7.0,2.0,,,,1.0,,,,2.0,1.0,,,,2.0,
606,2025-11-12,Saint Joseph's,Drexel,Home,,2,0.0,2.0,,6.0,5.0,,,,2.0,,,,7.0,2.0,,,2.0,,
606,2025-11-14,Saint Joseph's,North Carolina,Away,,1,2.0,1.0,,7.0,5.0,,,,,,2.0,3.0,14.0,6.0,,,1.0,1.0,1.0
609,2025-08-31,Saint Louis,Ball St.,Away,,2,3.0,2.0,2.0,10.0,5.0,,,,,1.0,3.0,4.0,15.0,9.0,,,,,
609,2025-09-06,Saint Louis,Ohio,Home,,3,1.0,3.0,2.0,8.0,3.0,,,,2.0,,1.0,1.0,15.0,8.0,,,,1.0,
609,2025-09-07,Saint Louis,Lincoln Memorial,Home,,6,0.0,6.0,3.0,27.0,17.0,,,,1.0,,,,1.0,1.0,,,,2.0,2.0
609,2025-09-12,Saint Louis,Bellarmine,Away,,2,1.0,2.0,1.0,6.0,4.0,,,,1.0,,1.0,2.0,6.0,4.0,,,,,
609,2025-09-19,Saint Louis,Saint Joseph's,Away,,0,3.0,,,1.0,,,,,2.0,,3.0,1.0,41.0,21.0,,,,1.0,
609,2025-09-21,Saint Louis,Saint Francis,Away,,0,1.0,,,4.0,2.0,25.0,,1.0,,,1.0,2.0,17.0,15.0,29.0,,2.0,2.0,
609,2025-09-26,Saint Louis,VCU,Home,,0,4.0,,,7.0,3.0,,,,1.0,,4.0,6.0,19.0,11.0,,,,1.0,
609,2025-09-28,Saint Louis,Maryville (MO),Away,,4,1.0,4.0,1.0,39.0,27.0,44.0,,,,,1.0,1.0,6.0,5.0,33.0,,,,2.0
609,2025-10-03,Saint Louis,Richmond,Away,,2,1.0,2.0,1.0,9.0,4.0,,,,3.0,1.0,1.0,1.0,14.0,7.0,,,1.0,2.0,
609,2025-10-05,Saint Louis,UC Davis,Home,,1,,1.0,1.0,5.0,3.0,,,,2.0,,2.0,3.0,10.0,4.0,,,,,
609,2025-10-12,Saint Louis,Iowa,Away,,0,7.0,,,3.0,2.0,,,,,,7.0,3.0,28.0,16.0,,,,1.0,
609,2025-10-17,Saint Louis,La Salle,Home,,1,,1.0,1.0,14.0,10.0,,,,2.0,,1.0,2.0,22.0,11.0,,,,,2.0
609,2025-10-26,Saint Louis,Lock Haven,Home,,0,1.0,,,14.0,8.0,,,,1.0,1.0,1.0,1.0,14.0,5.0,,,,1.0,1.0
609,2025-10-31,Saint Louis,Davidson,Away,,0,5.0,,,5.0,3.0,,,,2.0,,5.0,2.0,14.0,10.0,,,,1.0,
609,2025-11-01,Saint Louis,Queens (NC),Away,,2,,2.0,3.0,27.0,19.0,49.0,,1.0,2.0,1.0,2.0,2.0,15.0,10.0,50.0,,1.0,1.0,1.0
674,2025-08-29,Stanford,Maryland,Away,,1,3.0,1.0,,7.0,5.0,,,,2.0,,3.0,1.0,24.0,15.0,,,,3.0,
674,2025-08-31,Stanford,James Madison,Home,,1,0.0,1.0,1.0,25.0,12.0,,,1.0,1.0,,,,4.0,3.0,,,,1.0,
674,2025-09-04,Stanford,Ball St.,Home,,6,0.0,6.0,3.0,26.0,10.0,,,,,,,,10.0,3.0,,,,,
674,2025-09-07,Stanford,Harvard,Home,,2,,2.0,1.0,8.0,7.0,,,,1.0,,2.0,1.0,17.0,8.0,,,,1.0,
674,2025-09-12,Stanford,Ohio,Home,,2,1.0,2.0,2.0,11.0,6.0,,,,,,1.0,,3.0,2.0,,,,,
674,2025-09-14,Stanford,Michigan,Home,,2,3.0,2.0,1.0,10.0,4.0,,,,2.0,,3.0,2.0,14.0,6.0,,,1.0,,
674,2025-09-19,Stanford,Duke,Away,,0,2.0,,,10.0,3.0,,,1.0,2.0,,2.0,2.0,5.0,4.0,,,,3.0,
674,2025-09-21,Stanford,North Carolina,Away,,1,8.0,1.0,,5.0,4.0,,,,1.0,,8.0,5.0,34.0,22.0,,,,1.0,
674,2025-09-26,Stanford,Louisville,Home,,2,,1.0,1.0,11.0,4.0,,,,,,1.0,1.0,10.0,5.0,,,,1.0,
674,2025-09-28,Stanford,Virginia,Home,,0,2.0,,,2.0,1.0,,,,1.0,1.0,2.0,1.0,16.0,8.0,,,,,
674,2025-10-10,Stanford,Syracuse,Home,,1,2.0,1.0,2.0,6.0,4.0,,,,,,2.0,3.0,6.0,4.0,,,,,1.0
674,2025-10-12,Stanford,Boston College,Home,,2,,2.0,,5.0,4.0,,,,1.0,,1.0,,15.0,6.0,,,,,
674,2025-10-17,Stanford,Wake Forest,Away,,1,3.0,1.0,1.0,12.0,7.0,,,,,,3.0,3.0,18.0,10.0,,,,1.0,1.0
674,2025-10-19,Stanford,Davidson,Away,,4,1.0,4.0,3.0,17.0,7.0,,,,3.0,,1.0,,9.0,3.0,,,,1.0,
674,2025-10-26,Stanford,UC Davis,Home,,3,0.0,3.0,1.0,25.0,12.0,,,,1.0,,,,,,,,,,1.0
674,2025-10-30,Stanford,California,Away,,1,3.0,1.0,1.0,7.0,3.0,,,,,1.0,3.0,2.0,9.0,5.0,,,,,
674,2025-11-04,Stanford,Virginia,Home,,3,4.0,3.0,2.0,15.0,8.0,,,,,,4.0,3.0,13.0,9.0,,,,,
682,2025-08-29,Stonehill,Northeastern,Away,,0,2.0,,,4.0,2.0,36.0,,,2.0,,2.0,1.0,13.0,7.0,20.0,,,1.0,
682,2025-08-31,Stonehill,Bryant,Away,,0,4.0,,,7.0,,,,3.0,1.0,,4.0,6.0,13.0,9.0,,,1.0,1.0,
682,2025-09-06,Stonehill,Quinnipiac,Home,,0,5.0,,,5.0,2.0,22.0,,,,1.0,5.0,5.0,15.0,9.0,27.0,,,,
682,2025-09-07,Stonehill,Maine,Away,,1,5.0,1.0,1.0,11.0,6.0,18.0,,1.0,1.0,1.0,5.0,6.0,15.0,13.0,19.0,,,,
682,2025-09-12,Stonehill,Holy Cross,Away,,2,3.0,2.0,2.0,15.0,11.0,,,,3.0,,3.0,3.0,18.0,11.0,,,1.0,2.0,1.0
682,2025-09-19,Stonehill,Rider,Away,,4,,4.0,1.0,10.0,8.0,47.0,,,2.0,,3.0,1.0,9.0,6.0,53.0,,1.0,1.0,
682,2025-09-21,Stonehill,Brown,Away,,0,8.0,,,3.0,1.0,,,,,,8.0,9.0,27.0,16.0,,,,,
682,2025-09-26,Stonehill,Saint Francis,Home,,0,3.0,,,2.0,2.0,45.0,,,,,3.0,1.0,24.0,14.0,28.0,,,,
682,2025-09-28,Stonehill,Fairfield,Home,,0,5.0,,,6.0,3.0,26.0,,,1.0,,5.0,3.0,24.0,14.0,46.0,,1.0,1.0,
682,2025-10-03,Stonehill,LIU,Home,,6,1.0,6.0,4.0,24.0,16.0,27.0,,,,,1.0,,12.0,11.0,38.0,,,1.0,
682,2025-10-05,Stonehill,New Hampshire,Away,,0,5.0,,,5.0,1.0,,,,,,5.0,4.0,20.0,13.0,,,,,
682,2025-10-10,Stonehill,Mercyhurst,Away,,1,0.0,1.0,,26.0,22.0,54.0,,,,,,,6.0,4.0,55.0,,,1.0,2.0
682,2025-10-12,Stonehill,Colgate,Away,,1,2.0,1.0,,13.0,7.0,43.0,,,1.0,,2.0,3.0,6.0,4.0,30.0,,,,
682,2025-10-17,Stonehill,New Haven,Home,,5,1.0,5.0,3.0,28.0,12.0,31.0,,,1.0,,1.0,2.0,2.0,2.0,36.0,,,,
682,2025-10-19,Stonehill,Sacred Heart,Away,,1,4.0,1.0,,13.0,3.0,35.0,,,1.0,2.0,4.0,2.0,21.0,11.0,53.0,,,1.0,
682,2025-10-24,Stonehill,Wagner,Home,,0,1.0,,,6.0,,35.0,,,,,1.0,,11.0,7.0,41.0,,3.0,1.0,
682,2025-10-26,Stonehill,UAlbany,Away,,1,2.0,1.0,,7.0,5.0,,,,1.0,,2.0,1.0,21.0,8.0,,,1.0,,
682,2025-10-31,Stonehill,Merrimack,Away,,3,0.0,3.0,,16.0,10.0,,,,1.0,,,,10.0,4.0,,,,,1.0
688,2025-08-29,Syracuse,Lock Haven,Home,,15,0.0,15.0,17.0,39.0,26.0,,,,,,,,1.0,,,,,,
688,2025-08-31,Syracuse,Fairfield,Home,,5,2.0,5.0,5.0,19.0,11.0,,,,,,2.0,1.0,4.0,2.0,,,,,
688,2025-09-05,Syracuse,Rutgers,Home,,2,0.0,2.0,2.0,13.0,7.0,,,,1.0,,,,2.0,,,,,1.0,
688,2025-09-07,Syracuse,Ohio St.,Away,,2,,2.0,1.0,10.0,7.0,,,,1.0,1.0,1.0,2.0,13.0,9.0,,,,1.0,1.0
688,2025-09-12,Syracuse,Princeton,Away,,1,,1.0,,5.0,1.0,,,1.0,2.0,,,,6.0,2.0,,,,2.0,
688,2025-09-14,Syracuse,Lafayette,Away,,5,2.0,5.0,3.0,21.0,14.0,26.0,,,1.0,,2.0,2.0,7.0,5.0,32.0,,,2.0,1.0
688,2025-09-19,Syracuse,Wake Forest,Home,,1,,1.0,2.0,6.0,6.0,,,1.0,1.0,,2.0,3.0,15.0,7.0,,,,1.0,1.0
688,2025-09-21,Syracuse,Virginia,Home,,1,2.0,1.0,1.0,13.0,9.0,,,,2.0,2.0,2.0,,10.0,8.0,,,,1.0,
688,2025-09-26,Syracuse,Duke,Home,,1,0.0,1.0,2.0,12.0,6.0,,,,1.0,1.0,,,6.0,3.0,,,,1.0,
688,2025-09-28,Syracuse,Penn St.,Home,,3,2.0,3.0,4.0,24.0,13.0,,,,1.0,,2.0,,10.0,6.0,,,1.0,1.0,2.0
688,2025-10-03,Syracuse,Colgate,Home,,5,1.0,5.0,6.0,32.0,20.0,,,,,,1.0,1.0,4.0,3.0,,,,,2.0
688,2025-10-10,Syracuse,Stanford,Away,,2,1.0,2.0,3.0,6.0,4.0,,,,,1.0,1.0,2.0,6.0,4.0,,,,,
688,2025-10-12,Syracuse,California,Away,,0,1.0,,,17.0,9.0,,,,,,1.0,,6.0,4.0,,,,,2.0
688,2025-10-17,Syracuse,North Carolina,Home,,3,4.0,3.0,4.0,11.0,8.0,,,,1.0,,4.0,4.0,22.0,15.0,,,1.0,2.0,
688,2025-10-24,Syracuse,Boston College,Away,,3,1.0,3.0,3.0,11.0,7.0,,,1.0,1.0,,1.0,1.0,10.0,7.0,,,,2.0,1.0
688,2025-11-01,Syracuse,Louisville,Away,,2,3.0,2.0,3.0,14.0,5.0,,,,1.0,,3.0,1.0,7.0,5.0,,,2.0,,
688,2025-11-05,Syracuse,Wake Forest,Home,,3,1.0,3.0,3.0,10.0,8.0,,,,1.0,2.0,1.0,,15.0,12.0,,,,,
688,2025-11-06,Syracuse,Virginia,Home,,2,,2.0,4.0,17.0,11.0,,,1.0,,,3.0,2.0,10.0,7.0,,,1.0,3.0,
688,2025-11-14,Syracuse,Liberty,Home,,3,,2.0,3.0,11.0,9.0,,,2.0,3.0,,2.0,1.0,12.0,7.0,,,,1.0,
688,2025-11-16,Syracuse,Princeton,Away,,1,2.0,1.0,2.0,4.0,2.0,,,,1.0,1.0,2.0,3.0,10.0,7.0,,,1.0,,
690,2025-08-29,Temple,Delaware,Away,,5,4.0,5.0,3.0,8.0,6.0,40.0,,1.0,1.0,,4.0,3.0,16.0,10.0,46.0,,,,1.0
690,2025-08-31,Temple,Central Mich.,Home,,4,3.0,4.0,3.0,35.0,23.0,37.0,,,1.0,,3.0,1.0,13.0,10.0,24.0,,,1.0,1.0
690,2025-09-05,Temple,Monmouth,Away,,2,5.0,2.0,1.0,16.0,6.0,,,,,1.0,5.0,1.0,17.0,8.0,,,,3.0,
690,2025-09-07,Temple,Bucknell,Away,,3,1.0,3.0,1.0,14.0,7.0,,,,1.0,,1.0,2.0,7.0,1.0,,,1.0,1.0,
690,2025-09-12,Temple,Lafayette,Home,,1,0.0,1.0,1.0,6.0,4.0,34.0,,,,,,,7.0,4.0,29.0,,,,
690,2025-09-14,Temple,Lehigh,Away,,4,1.0,4.0,5.0,16.0,10.0,20.0,,,,,1.0,,2.0,2.0,14.0,,,,1.0
690,2025-09-16,Temple,Drexel,Away,,2,0.0,2.0,1.0,7.0,3.0,2.0,,,2.0,,,,5.0,2.0,2.0,,1.0,1.0,
690,2025-09-19,Temple,Georgetown,Away,,2,1.0,2.0,2.0,11.0,6.0,28.0,,,,,1.0,,12.0,9.0,34.0,,,1.0,
690,2025-09-26,Temple,Villanova,Home,,0,2.0,,,12.0,2.0,16.0,,,,,2.0,2.0,4.0,3.0,6.0,,,1.0,
690,2025-09-28,Temple,Richmond,Home,,3,2.0,3.0,3.0,18.0,8.0,37.0,,,1.0,,2.0,1.0,5.0,2.0,19.0,,,1.0,1.0
690,2025-10-03,Temple,Quinnipiac,Away,,3,0.0,3.0,3.0,13.0,6.0,32.0,,1.0,,,,,9.0,4.0,41.0,,,,
690,2025-10-10,Temple,UConn,Home,,0,1.0,,,6.0,5.0,33.0,,,1.0,,1.0,,6.0,3.0,44.0,,,1.0,1.0
690,2025-10-12,Temple,Lock Haven,Home,,6,0.0,6.0,7.0,22.0,13.0,28.0,,1.0,2.0,,,,6.0,2.0,21.0,,,,
690,2025-10-17,Temple,Old Dominion,Away,,2,,2.0,,10.0,5.0,,,1.0,2.0,,3.0,4.0,9.0,7.0,,,,,
690,2025-10-19,Temple,Penn,Home,,2,3.0,2.0,1.0,6.0,5.0,25.0,,,2.0,,3.0,3.0,8.0,7.0,30.0,,,,
690,2025-10-24,Temple,Liberty,Home,,2,,2.0,2.0,25.0,14.0,43.0,,,,1.0,2.0,2.0,13.0,10.0,21.0,,,1.0,
690,2025-10-26,Temple,Yale,Home,,2,1.0,2.0,1.0,8.0,5.0,16.0,,,,1.0,1.0,1.0,8.0,6.0,15.0,,,1.0,1.0
690,2025-10-31,Temple,Providence,Away,,3,,3.0,2.0,14.0,12.0,,,,1.0,,2.0,2.0,8.0,4.0,,,,,
711,2025-08-29,Towson,App State,Home,,1,7.0,1.0,1.0,2.0,1.0,,,,1.0,1.0,7.0,8.0,24.0,15.0,,,,,
711,2025-08-31,Towson,Davidson,Home,,1,6.0,1.0,1.0,14.0,8.0,,,,,,6.0,4.0,22.0,14.0,,,,1.0,1.0
711,2025-09-05,Towson,Lock Haven,Home,,5,1.0,5.0,6.0,23.0,19.0,,,3.0,1.0,,1.0,1.0,12.0,8.0,,,1.0,3.0,1.0
711,2025-09-07,Towson,Sacred Heart,Home,,3,1.0,3.0,,12.0,6.0,,,1.0,1.0,,1.0,,18.0,14.0,,,1.0,1.0,
711,2025-09-12,Towson,James Madison,Away,,1,3.0,1.0,,7.0,2.0,46.0,,2.0,1.0,,3.0,1.0,16.0,10.0,36.0,,2.0,1.0,
711,2025-09-14,Towson,Queens (NC),Away,,2,0.0,2.0,,28.0,15.0,27.0,,,,,,,4.0,2.0,31.0,,,1.0,
711,2025-09-19,Towson,VCU,Home,,1,3.0,1.0,1.0,10.0,4.0,,,,,,3.0,2.0,14.0,11.0,,,,1.0,
711,2025-09-21,Towson,Rider,Home,,2,1.0,2.0,,19.0,9.0,,,,2.0,,1.0,2.0,7.0,4.0,,,,1.0,
711,2025-09-26,Towson,Northeastern,Home,,2,1.0,2.0,1.0,11.0,5.0,,,,,,1.0,,9.0,4.0,,,,1.0,
711,2025-10-03,Towson,Delaware,Home,,0,1.0,,,4.0,2.0,,,,,1.0,1.0,,22.0,9.0,,,,,
711,2025-10-05,Towson,Georgetown,Home,,0,2.0,,,16.0,2.0,,,,1.0,,2.0,1.0,7.0,5.0,,,1.0,2.0,
711,2025-10-08,Towson,American,Away,,0,5.0,,,6.0,5.0,,,,,,5.0,7.0,16.0,9.0,,,,,
711,2025-10-10,Towson,William & Mary,Home,,2,0.0,2.0,2.0,15.0,10.0,,,1.0,,,,,8.0,3.0,,,1.0,1.0,
711,2025-10-12,Towson,Saint Francis,Home,,2,,2.0,1.0,23.0,9.0,,,1.0,1.0,,3.0,1.0,12.0,10.0,,,,3.0,1.0
711,2025-10-17,Towson,Drexel,Away,,0,4.0,,,2.0,,1.0,,,,,4.0,4.0,20.0,11.0,,,,1.0,
711,2025-10-19,Towson,Bucknell,Home,,2,4.0,2.0,1.0,13.0,8.0,,,1.0,2.0,2.0,4.0,3.0,23.0,13.0,,,,1.0,
711,2025-10-24,Towson,Monmouth,Home,,1,4.0,1.0,2.0,9.0,4.0,,,,,3.0,4.0,1.0,36.0,23.0,,,,,
711,2025-10-31,Towson,Hofstra,Away,,2,4.0,2.0,2.0,13.0,6.0,28.0,,,,,4.0,2.0,10.0,6.0,43.0,,,1.0,
14,2025-08-29,UAlbany,Hofstra,Home,,3,2.0,3.0,4.0,6.0,5.0,,,,1.0,,2.0,,6.0,3.0,,,1.0,1.0,
14,2025-08-31,UAlbany,Wagner,Away,,3,1.0,3.0,4.0,11.0,8.0,,,,1.0,,1.0,2.0,6.0,4.0,,,,,
14,2025-09-03,UAlbany,New Haven,Home,,10,0.0,10.0,9.0,31.0,18.0,,,,,,,,,,,,,1.0,
14,2025-09-05,UAlbany,Columbia,Home,,0,3.0,,,15.0,7.0,,,,,,3.0,2.0,18.0,6.0,,,,1.0,
14,2025-09-12,UAlbany,Liberty,Away,,0,1.0,,,2.0,1.0,,,,2.0,1.0,1.0,2.0,16.0,6.0,,,,1.0,
14,2025-09-14,UAlbany,Longwood,Home,,3,0.0,3.0,3.0,15.0,12.0,37.0,,,,,,,1.0,1.0,31.0,,1.0,1.0,
14,2025-09-19,UAlbany,Holy Cross,Away,,4,3.0,4.0,2.0,11.0,11.0,,,1.0,2.0,,3.0,3.0,15.0,12.0,,,,1.0,
14,2025-09-21,UAlbany,Massachusetts,Away,,1,2.0,1.0,,8.0,5.0,,,,1.0,,2.0,3.0,20.0,15.0,,,,1.0,
14,2025-10-03,UAlbany,Maine,Home,,2,0.0,2.0,1.0,10.0,9.0,,,,,,,,7.0,5.0,,,,,
14,2025-10-05,UAlbany,Colgate,Home,,4,0.0,4.0,3.0,15.0,11.0,,,,,,,,14.0,7.0,,,,1.0,
14,2025-10-10,UAlbany,Bryant,Away,,3,0.0,3.0,2.0,10.0,8.0,,,,1.0,,,,6.0,2.0,,,,1.0,
14,2025-10-12,UAlbany,Northeastern,Home,,2,1.0,2.0,1.0,17.0,8.0,,,,,,1.0,2.0,8.0,2.0,,,,1.0,
14,2025-10-17,UAlbany,Vermont,Away,,0,,,,8.0,5.0,,,,1.0,,1.0,1.0,18.0,11.0,,,,1.0,
14,2025-10-19,UAlbany,Yale,Home,,1,2.0,1.0,,14.0,10.0,,,,,1.0,2.0,1.0,15.0,9.0,,,,1.0,
14,2025-10-24,UAlbany,New Hampshire,Home,,0,3.0,,,17.0,10.0,,,,1.0,,3.0,1.0,15.0,8.0,,,2.0,2.0,2.0
14,2025-10-26,UAlbany,Stonehill,Home,,2,1.0,2.0,1.0,21.0,8.0,,,1.0,,,1.0,,7.0,5.0,,,,1.0,
14,2025-10-30,UAlbany,UMass Lowell,Away,,4,,4.0,4.0,18.0,12.0,,,1.0,1.0,,3.0,2.0,16.0,8.0,,,,,2.0
14,2025-11-02,UAlbany,Bryant,Home,,6,1.0,6.0,4.0,21.0,13.0,,,,,1.0,1.0,1.0,5.0,2.0,,,,,1.0
14,2025-11-04,UAlbany,New Hampshire,Away,,4,6.0,4.0,3.0,17.0,11.0,,,,1.0,,6.0,3.0,19.0,9.0,,,,,1.0
108,2025-08-29,UC Davis,Miami (OH),Away,,0,4.0,,,2.0,,,,2.0,1.0,,4.0,3.0,19.0,12.0,,,1.0,4.0,
108,2025-08-31,UC Davis,Bellarmine,Away,,2,1.0,2.0,2.0,27.0,14.0,,,,1.0,,1.0,2.0,5.0,3.0,,,1.0,2.0,
108,2025-09-05,UC Davis,Ball St.,Home,,5,,5.0,7.0,19.0,9.0,,,,,,4.0,2.0,13.0,6.0,,,,1.0,
108,2025-09-11,UC Davis,Ohio,Home,,1,,1.0,1.0,14.0,6.0,,,,,,2.0,2.0,9.0,6.0,,,1.0,1.0,
108,2025-09-12,UC Davis,Michigan,Home,,0,2.0,,,6.0,2.0,,,,,,2.0,3.0,21.0,8.0,,,,2.0,
108,2025-09-19,UC Davis,Sacred Heart,Away,,2,1.0,2.0,,10.0,4.0,41.0,,,1.0,1.0,1.0,2.0,15.0,8.0,37.0,,,2.0,1.0
108,2025-09-21,UC Davis,Hofstra,Away,,1,2.0,1.0,,3.0,2.0,18.0,,,1.0,1.0,2.0,2.0,17.0,9.0,40.0,,,1.0,
108,2025-09-22,UC Davis,LIU,Home,,6,1.0,6.0,5.0,12.0,,2.0,,,1.0,,1.0,1.0,6.0,,7.0,,,1.0,
108,2025-09-28,UC Davis,California,Away,,1,4.0,1.0,1.0,4.0,1.0,,,,,,4.0,2.0,18.0,8.0,,,,,
108,2025-10-03,UC Davis,Indiana,Away,,0,5.0,,,4.0,,,,,,,5.0,5.0,15.0,9.0,,,,1.0,
108,2025-10-05,UC Davis,Saint Louis,Away,,2,,2.0,3.0,10.0,4.0,,,,,,1.0,1.0,5.0,3.0,,,,2.0,
108,2025-10-17,UC Davis,Davidson,Away,,0,1.0,,,5.0,4.0,,,1.0,2.0,,1.0,,10.0,3.0,,,1.0,2.0,
108,2025-10-19,UC Davis,Queens (NC),Away,,4,1.0,4.0,1.0,27.0,22.0,22.0,,,,,1.0,1.0,4.0,1.0,19.0,,,,1.0
108,2025-10-24,UC Davis,California,Home,,1,,1.0,1.0,5.0,2.0,,,,,,2.0,2.0,13.0,3.0,,,,,
108,2025-10-26,UC Davis,Stanford,Away,,0,3.0,,,,,,,,,1.0,3.0,1.0,25.0,12.0,,,,1.0,
108,2025-11-08,UC Davis,Delaware,Home,,1,2.0,1.0,1.0,16.0,4.0,,,,,,2.0,1.0,15.0,6.0,,,,,
164,2025-08-29,UConn,New Hampshire,Away,,4,3.0,4.0,2.0,9.0,8.0,,,,,,3.0,3.0,14.0,9.0,,,,,
164,2025-08-30,UConn,Saint Joseph's,Home,,1,,1.0,1.0,15.0,8.0,,,,1.0,,1.0,1.0,14.0,10.0,,,,1.0,
164,2025-09-07,UConn,Brown,Home,,3,2.0,3.0,1.0,9.0,5.0,,,,1.0,,2.0,1.0,12.0,10.0,,,,,
164,2025-09-12,UConn,Rutgers,Home,,2,,2.0,2.0,12.0,8.0,,,,,1.0,3.0,1.0,15.0,11.0,,,,1.0,
164,2025-09-14,UConn,Harvard,Home,,0,2.0,,,7.0,4.0,,,,3.0,,2.0,1.0,10.0,8.0,1.0,,,1.0,
164,2025-09-19,UConn,Villanova,Away,,2,1.0,2.0,,12.0,8.0,34.0,,,2.0,,1.0,1.0,4.0,1.0,26.0,,,,
164,2025-09-21,UConn,Princeton,Away,,0,5.0,,,10.0,4.0,,,,1.0,,5.0,5.0,13.0,10.0,,,,1.0,
164,2025-09-26,UConn,Liberty,Away,,0,1.0,,,7.0,5.0,,,,2.0,,1.0,2.0,4.0,2.0,,,1.0,2.0,
164,2025-10-03,UConn,Providence,Home,,3,1.0,3.0,2.0,15.0,10.0,,,,2.0,,1.0,,7.0,3.0,,,,1.0,
164,2025-10-05,UConn,Massachusetts,Away,,2,1.0,2.0,1.0,9.0,5.0,,,,1.0,,1.0,1.0,6.0,4.0,,,,,1.0
164,2025-10-10,UConn,Temple,Away,,1,0.0,1.0,,6.0,3.0,44.0,,,1.0,1.0,,,6.0,5.0,33.0,,,1.0,
164,2025-10-12,UConn,Yale,Home,,0,,,,11.0,6.0,,,,,,,,16.0,8.0,,,,1.0,1.0
164,2025-10-17,UConn,Georgetown,Home,,2,0.0,2.0,3.0,12.0,7.0,,,,1.0,,,,6.0,4.0,,,,,
164,2025-10-19,UConn,Duke,Home,,0,1.0,,,8.0,3.0,1.0,,,,,1.0,2.0,8.0,7.0,,,,2.0,
164,2025-10-24,UConn,Old Dominion,Home,,2,,2.0,1.0,4.0,4.0,,,,2.0,2.0,1.0,2.0,13.0,10.0,,,,,
164,2025-10-26,UConn,Fairfield,Away,,3,2.0,3.0,3.0,18.0,10.0,19.0,,,1.0,,2.0,2.0,14.0,9.0,16.0,,,1.0,2.0
164,2025-10-31,UConn,Quinnipiac,Away,,4,2.0,4.0,4.0,13.0,7.0,25.0,,,,,2.0,1.0,5.0,3.0,33.0,,1.0,,
164,2025-11-07,UConn,Old Dominion,Home,,4,1.0,4.0,4.0,16.0,10.0,,,,2.0,,1.0,1.0,5.0,5.0,,,,4.0,
164,2025-11-09,UConn,Liberty,Away,,1,,1.0,,17.0,8.0,,,,5.0,1.0,2.0,1.0,17.0,10.0,,,,1.0,
164,2025-11-14,UConn,Wake Forest,Away,,2,0.0,2.0,2.0,12.0,9.0,32.0,,1.0,2.0,,,,7.0,2.0,24.0,,2.0,,1.0
164,2025-11-16,UConn,Harvard,Away,,0,1.0,,,8.0,4.0,19.0,,,1.0,1.0,1.0,,18.0,9.0,24.0,,,1.0,
368,2025-08-29,UMass Lowell,Merrimack,Home,,6,0.0,6.0,2.0,38.0,24.0,,,,,,,,2.0,,,,,2.0,2.0
368,2025-08-31,UMass Lowell,Massachusetts,Home,,0,3.0,,,9.0,3.0,,,,,,3.0,1.0,22.0,14.0,,,,,
368,2025-09-05,UMass Lowell,Northeastern,Home,,3,4.0,3.0,3.0,16.0,7.0,,,,2.0,,4.0,2.0,12.0,9.0,,,2.0,1.0,
368,2025-09-07,UMass Lowell,Yale,Away,,2,,2.0,4.0,13.0,7.0,,,,3.0,,3.0,1.0,34.0,9.0,,,,1.0,1.0
368,2025-09-12,UMass Lowell,Queens (NC),Away,,5,2.0,5.0,6.0,19.0,12.0,27.0,,1.0,1.0,,2.0,1.0,4.0,3.0,23.0,,,1.0,
368,2025-09-14,UMass Lowell,Wake Forest,Away,,1,9.0,1.0,1.0,8.0,5.0,,,,,,9.0,4.0,39.0,23.0,,,1.0,2.0,
368,2025-09-19,UMass Lowell,New Haven,Home,,14,0.0,14.0,8.0,52.0,33.0,,,,,,,,,,,,,,1.0
368,2025-09-21,UMass Lowell,Kent St.,Home,,3,,3.0,1.0,9.0,7.0,,,1.0,1.0,,2.0,1.0,10.0,5.0,,,,1.0,
368,2025-09-28,UMass Lowell,Brown,Away,,0,4.0,,,4.0,2.0,,,1.0,1.0,,4.0,4.0,22.0,14.0,,,,2.0,
368,2025-10-03,UMass Lowell,Bryant,Away,,3,1.0,3.0,,13.0,5.0,,,,,,1.0,,7.0,7.0,,,,2.0,
368,2025-10-05,UMass Lowell,Dartmouth,Away,,4,3.0,4.0,4.0,10.0,7.0,,,,1.0,,3.0,2.0,24.0,12.0,,,1.0,1.0,1.0
368,2025-10-10,UMass Lowell,Vermont,Home,,2,1.0,2.0,1.0,11.0,8.0,,,,2.0,,1.0,1.0,16.0,5.0,,,,1.0,
368,2025-10-17,UMass Lowell,New Hampshire,Home,,0,7.0,,,4.0,2.0,,,,3.0,,7.0,8.0,29.0,18.0,,,,1.0,
368,2025-10-19,UMass Lowell,Harvard,Home,,1,5.0,1.0,1.0,7.0,4.0,,,,1.0,1.0,5.0,2.0,25.0,17.0,,,3.0,,
368,2025-10-24,UMass Lowell,Maine,Away,,3,2.0,3.0,2.0,11.0,8.0,20.0,,,1.0,1.0,2.0,2.0,16.0,11.0,26.0,,,1.0,
368,2025-10-26,UMass Lowell,Quinnipiac,Home,,1,5.0,1.0,,10.0,5.0,,,,,,5.0,2.0,16.0,11.0,,,1.0,4.0,
368,2025-10-30,UMass Lowell,UAlbany,Home,,3,,3.0,2.0,16.0,8.0,,,,,2.0,4.0,4.0,18.0,12.0,,,1.0,1.0,
368,2025-11-02,UMass Lowell,Maine,Home,,3,4.0,3.0,4.0,16.0,9.0,,,,1.0,,4.0,3.0,26.0,18.0,,,,1.0,
740,2025-08-29,VCU,Old Dominion,Away,,3,,3.0,4.0,11.0,5.0,,,1.0,,,2.0,3.0,16.0,10.0,,,1.0,,
740,2025-09-01,VCU,Northwestern,Home,,0,3.0,,,1.0,,49.0,,,1.0,,3.0,3.0,23.0,15.0,44.0,,,1.0,
740,2025-09-05,VCU,William & Mary,Home,,3,0.0,3.0,5.0,9.0,6.0,47.0,,,1.0,,,,4.0,2.0,40.0,,,2.0,
740,2025-09-12,VCU,Wake Forest,Home,,0,2.0,,,5.0,4.0,37.0,,,,,2.0,,26.0,16.0,41.0,,,,
740,2025-09-14,VCU,Georgetown,Home,,2,0.0,2.0,3.0,6.0,2.0,35.0,,1.0,1.0,,,,5.0,3.0,43.0,,,1.0,
740,2025-09-19,VCU,Towson,Away,,3,1.0,3.0,2.0,14.0,11.0,,,,1.0,,1.0,1.0,10.0,4.0,,,,,
740,2025-09-21,VCU,Ball St.,Home,,4,0.0,4.0,3.0,15.0,7.0,37.0,,,1.0,,,,2.0,1.0,36.0,,,,
740,2025-09-26,VCU,Saint Louis,Away,,4,0.0,4.0,6.0,19.0,11.0,,,,1.0,,,,7.0,3.0,,,,1.0,
740,2025-09-28,VCU,Duke,Home,,0,3.0,,,2.0,2.0,33.0,,2.0,2.0,,3.0,2.0,9.0,5.0,39.0,,,2.0,
740,2025-10-03,VCU,Davidson,Home,,2,1.0,2.0,1.0,11.0,8.0,42.0,,,2.0,,1.0,,14.0,9.0,46.0,,,1.0,
740,2025-10-10,VCU,Saint Joseph's,Away,,1,0.0,1.0,1.0,4.0,3.0,,,1.0,3.0,,,,10.0,5.0,,,,1.0,
740,2025-10-12,VCU,American,Away,,1,,1.0,,8.0,6.0,,,,3.0,,,,19.0,6.0,,,,1.0,
740,2025-10-17,VCU,Lock Haven,Away,,4,0.0,4.0,4.0,22.0,16.0,14.0,,,,,,,3.0,2.0,15.0,,,1.0,1.0
740,2025-10-19,VCU,Lehigh,Away,,3,2.0,3.0,4.0,23.0,13.0,20.0,,,,,2.0,2.0,7.0,4.0,16.0,,,1.0,1.0
740,2025-10-24,VCU,La Salle,Home,,1,0.0,1.0,2.0,19.0,10.0,36.0,,,,,,,,,49.0,,,,
740,2025-10-26,VCU,Central Mich.,Home,,6,1.0,6.0,4.0,30.0,22.0,47.0,,,,,1.0,2.0,7.0,5.0,41.0,,,,1.0
740,2025-10-31,VCU,Richmond,Home,,1,,1.0,2.0,14.0,10.0,48.0,,,1.0,,2.0,1.0,5.0,3.0,56.0,,,2.0,
740,2025-11-06,VCU,Saint Joseph's,Home,,2,,2.0,2.0,14.0,7.0,,,,,1.0,3.0,5.0,13.0,8.0,,,1.0,1.0,
738,2025-08-29,Vermont,Massachusetts,Home,,0,2.0,,,2.0,,,,,,,2.0,3.0,12.0,8.0,,,,,
738,2025-08-31,Vermont,Rutgers,Home,,0,2.0,,,11.0,8.0,,,,1.0,,2.0,1.0,12.0,9.0,,,,,
738,2025-09-05,Vermont,Boston U.,Away,,3,,3.0,3.0,13.0,8.0,,,,2.0,,2.0,3.0,12.0,7.0,,,1.0,1.0,
738,2025-09-07,Vermont,Wagner,Away,,3,1.0,3.0,2.0,9.0,7.0,,,1.0,3.0,,1.0,1.0,11.0,3.0,,,,,
738,2025-09-12,Vermont,Michigan St.,Home,,3,2.0,3.0,1.0,11.0,6.0,,,1.0,1.0,,2.0,2.0,15.0,10.0,,,,2.0,
738,2025-09-14,Vermont,Merrimack,Home,,8,0.0,8.0,6.0,25.0,14.0,,,,1.0,,,,,,,,,,1.0
738,2025-09-19,Vermont,Queens (NC),Away,,4,0.0,4.0,3.0,21.0,13.0,34.0,,1.0,1.0,,,,2.0,1.0,30.0,,,,
738,2025-09-21,Vermont,App State,Away,,1,7.0,1.0,,6.0,6.0,,,,2.0,,7.0,4.0,21.0,12.0,,,,1.0,
738,2025-09-28,Vermont,Cornell,Away,,2,3.0,2.0,1.0,6.0,3.0,,,1.0,1.0,,3.0,2.0,10.0,6.0,,,,1.0,
738,2025-10-03,Vermont,New Hampshire,Home,,4,3.0,4.0,5.0,20.0,14.0,,,1.0,1.0,3.0,3.0,2.0,23.0,13.0,,,,2.0,
738,2025-10-05,Vermont,Providence,Home,,1,,1.0,1.0,19.0,14.0,,,1.0,3.0,,2.0,2.0,16.0,7.0,,,5.0,2.0,
738,2025-10-10,Vermont,UMass Lowell,Away,,1,2.0,1.0,1.0,16.0,5.0,,,,1.0,,2.0,1.0,11.0,8.0,,,,2.0,
738,2025-10-12,Vermont,Fairfield,Home,,1,2.0,1.0,1.0,18.0,10.0,,,,1.0,,2.0,2.0,9.0,6.0,,,,,
738,2025-10-17,Vermont,UAlbany,Home,,1,,1.0,1.0,18.0,11.0,,,,1.0,,,,8.0,5.0,,,,1.0,
738,2025-10-19,Vermont,Dartmouth,Home,,4,0.0,4.0,4.0,15.0,10.0,,,,,,,,10.0,6.0,,,,2.0,1.0
738,2025-10-24,Vermont,Bryant,Away,,4,0.0,4.0,2.0,14.0,11.0,,,,2.0,,,,5.0,3.0,,,,1.0,
738,2025-10-30,Vermont,Maine,Home,,4,1.0,4.0,3.0,18.0,14.0,,,,2.0,,1.0,2.0,2.0,1.0,,,,,
738,2025-11-04,Vermont,Maine,Home,,1,,,,12.0,5.0,,,1.0,1.0,,,,16.0,9.0,,,,1.0,
738,2025-11-07,Vermont,New Hampshire,Home,,0,,,,7.0,3.0,,,,1.0,,1.0,1.0,12.0,6.0,,,,1.0,
739,2025-08-29,Villanova,James Madison,Home,,2,3.0,2.0,,11.0,4.0,,,,2.0,,3.0,5.0,9.0,7.0,,,,1.0,
739,2025-08-31,Villanova,Maryland,Away,,0,4.0,,,8.0,2.0,,,,,,4.0,6.0,16.0,8.0,,,,1.0,
739,2025-09-05,Villanova,Fairfield,Away,,2,5.0,2.0,1.0,4.0,2.0,25.0,,,2.0,,5.0,4.0,14.0,8.0,22.0,,,2.0,
739,2025-09-12,Villanova,La Salle,Home,,3,0.0,3.0,2.0,16.0,10.0,34.0,,,,,,,2.0,2.0,39.0,,,,
739,2025-09-14,Villanova,Hofstra,Away,,1,,1.0,2.0,13.0,8.0,42.0,,,1.0,,2.0,1.0,13.0,9.0,41.0,,,3.0,
739,2025-09-19,Villanova,UConn,Home,,1,2.0,1.0,1.0,4.0,1.0,26.0,,,,,2.0,,12.0,8.0,34.0,,,2.0,
739,2025-09-21,Villanova,Northwestern,Home,,0,5.0,,,8.0,5.0,27.0,,,1.0,,5.0,5.0,28.0,12.0,50.0,,,1.0,
739,2025-09-26,Villanova,Temple,Away,,2,0.0,2.0,2.0,4.0,3.0,6.0,,,1.0,,,,12.0,2.0,16.0,,,,
739,2025-09-28,Villanova,Saint Joseph's,Home,,2,1.0,2.0,1.0,11.0,4.0,36.0,,,,,1.0,1.0,22.0,9.0,44.0,,1.0,,
739,2025-10-03,Villanova,Georgetown,Away,,5,0.0,5.0,4.0,16.0,12.0,46.0,,,,,,,5.0,2.0,42.0,,,1.0,
739,2025-10-05,Villanova,American,Away,,0,3.0,,,6.0,2.0,,,,,,3.0,1.0,14.0,10.0,,,,1.0,
739,2025-10-10,Villanova,Old Dominion,Home,,1,4.0,1.0,2.0,16.0,5.0,34.0,,,,,4.0,4.0,10.0,6.0,36.0,,,,
739,2025-10-12,Villanova,Penn,Home,,0,1.0,,,7.0,3.0,37.0,,,2.0,1.0,1.0,2.0,13.0,6.0,38.0,,,2.0,
739,2025-10-17,Villanova,Quinnipiac,Away,,0,2.0,,,16.0,3.0,35.0,,,1.0,,2.0,,11.0,8.0,35.0,,,2.0,
739,2025-10-19,Villanova,Drexel,Away,,1,,1.0,2.0,8.0,4.0,,,,2.0,,2.0,1.0,19.0,7.0,,,,,
739,2025-10-24,Villanova,Providence,Home,,4,2.0,4.0,4.0,14.0,7.0,29.0,,1.0,,,2.0,2.0,14.0,7.0,43.0,,,2.0,
739,2025-10-31,Villanova,Liberty,Away,,0,5.0,,,2.0,,,,,,,5.0,4.0,26.0,17.0,,,,1.0,
739,2025-11-07,Villanova,Liberty,Away,,1,3.0,1.0,1.0,7.0,3.0,,,,1.0,1.0,3.0,3.0,14.0,8.0,,,,1.0,
746,2025-08-29,Virginia,Penn St.,Home,,5,1.0,5.0,3.0,15.0,6.0,,,,,,1.0,1.0,10.0,6.0,,,,1.0,1.0
746,2025-09-05,Virginia,Ohio St.,Away,,1,0.0,1.0,,6.0,3.0,,,,2.0,1.0,,,10.0,7.0,,,,,
746,2025-09-07,Virginia,Rutgers,Home,,1,0.0,1.0,1.0,7.0,5.0,,,,1.0,,,,2.0,1.0,,,2.0,1.0,
746,2025-09-14,Virginia,James Madison,Home,,4,1.0,4.0,3.0,20.0,7.0,,,,1.0,,1.0,,5.0,4.0,,,,,
746,2025-09-19,Virginia,Boston College,Home,,2,0.0,2.0,2.0,5.0,3.0,,,,1.0,,,,8.0,6.0,,,1.0,1.0,
746,2025-09-21,Virginia,Syracuse,Away,,2,1.0,2.0,,10.0,8.0,,,,1.0,,1.0,1.0,13.0,9.0,,,,2.0,2.0
746,2025-09-26,Virginia,California,Away,,3,2.0,3.0,2.0,14.0,7.0,,,,1.0,1.0,2.0,3.0,11.0,3.0,,,,1.0,1.0
746,2025-09-28,Virginia,Stanford,Away,,2,0.0,2.0,1.0,16.0,8.0,,,,,,,,2.0,1.0,,,,1.0,1.0
746,2025-10-03,Virginia,Duke,Home,,1,,1.0,,8.0,5.0,,,,2.0,,,,10.0,2.0,,,2.0,1.0,
746,2025-10-10,Virginia,North Carolina,Home,,0,1.0,,,5.0,2.0,,,,1.0,,1.0,1.0,9.0,2.0,,,,1.0,
746,2025-10-14,Virginia,Liberty,Home,,1,0.0,1.0,,8.0,2.0,,,,1.0,,,,7.0,4.0,,,,,
746,2025-10-19,Virginia,William & Mary,Away,,5,0.0,5.0,5.0,25.0,19.0,,,,2.0,,,,5.0,4.0,,,1.0,2.0,
746,2025-10-24,Virginia,Louisville,Away,,2,0.0,2.0,1.0,8.0,7.0,,,,,,,,10.0,6.0,,,,,
746,2025-10-28,Virginia,Maryland,Home,,2,0.0,2.0,2.0,14.0,10.0,,,,,,,,10.0,6.0,,,,,
746,2025-10-31,Virginia,Wake Forest,Home,,5,3.0,5.0,3.0,13.0,9.0,,,,3.0,1.0,3.0,3.0,21.0,12.0,,,,1.0,
746,2025-11-04,Virginia,Stanford,Home,,4,3.0,4.0,3.0,13.0,9.0,,,,,,3.0,2.0,15.0,8.0,,,,,
746,2025-11-06,Virginia,Syracuse,Home,,3,,3.0,2.0,10.0,7.0,,,1.0,3.0,,2.0,4.0,17.0,11.0,,,1.0,,
746,2025-11-07,Virginia,North Carolina,Home,,1,4.0,1.0,,5.0,4.0,,,,1.0,1.0,4.0,5.0,14.0,11.0,,,,1.0,
746,2025-11-14,Virginia,Miami (OH),Home,,1,2.0,1.0,2.0,10.0,6.0,,,1.0,,,2.0,3.0,8.0,5.0,,,1.0,1.0,
748,2025-08-29,Wagner,Rutgers,Away,,1,5.0,1.0,,7.0,5.0,,,,,,5.0,3.0,22.0,13.0,,,,,
748,2025-08-31,Wagner,UAlbany,Home,,1,3.0,1.0,2.0,6.0,4.0,,,,,,3.0,4.0,11.0,8.0,,,,1.0,
748,2025-09-05,Wagner,Lehigh,Away,,2,0.0,2.0,1.0,11.0,7.0,8.0,,,1.0,,,,9.0,5.0,8.0,,,,
748,2025-09-07,Wagner,Vermont,Home,,1,3.0,1.0,1.0,11.0,3.0,,,,,,3.0,2.0,9.0,7.0,,,1.0,3.0,
748,2025-09-12,Wagner,Old Dominion,Away,,0,7.0,,,4.0,3.0,,,,,,7.0,7.0,17.0,12.0,,,,,
748,2025-09-19,Wagner,Fairfield,Home,,2,,2.0,2.0,8.0,5.0,,,,2.0,1.0,3.0,2.0,23.0,15.0,,,,,
748,2025-09-21,Wagner,New Haven,Away,,7,1.0,7.0,5.0,25.0,16.0,40.0,,,,,1.0,1.0,9.0,6.0,22.0,,,,
748,2025-09-26,Wagner,Sacred Heart,Away,,1,0.0,1.0,,16.0,9.0,38.0,,1.0,3.0,,,,14.0,4.0,38.0,,,2.0,1.0
748,2025-09-28,Wagner,Mercyhurst,Home,,6,0.0,6.0,6.0,24.0,12.0,,,,1.0,,,,4.0,2.0,,,,2.0,2.0
748,2025-10-03,Wagner,Saint Francis,Away,,0,3.0,,,5.0,3.0,52.0,,,1.0,,3.0,3.0,9.0,9.0,34.0,,,1.0,
748,2025-10-05,Wagner,Quinnipiac,Home,,1,2.0,1.0,,10.0,6.0,,,,,1.0,2.0,1.0,19.0,12.0,,,,2.0,
748,2025-10-10,Wagner,LIU,Away,,2,1.0,2.0,1.0,9.0,8.0,,,,1.0,,1.0,1.0,7.0,5.0,,,,,
748,2025-10-12,Wagner,Hofstra,Away,,3,,3.0,2.0,10.0,5.0,37.0,,,1.0,,4.0,5.0,22.0,8.0,46.0,,,,
748,2025-10-17,Wagner,Merrimack,Home,,4,2.0,4.0,2.0,25.0,12.0,,,,1.0,,2.0,1.0,6.0,4.0,,,,1.0,
748,2025-10-19,Wagner,Columbia,Away,,0,4.0,,,5.0,3.0,10.0,,1.0,1.0,,4.0,4.0,8.0,8.0,6.0,,2.0,1.0,
748,2025-10-24,Wagner,Stonehill,Away,,1,0.0,1.0,,11.0,7.0,41.0,,3.0,1.0,,,,6.0,,35.0,,,,
748,2025-10-26,Wagner,Drexel,Home,,0,2.0,,,6.0,4.0,,,,1.0,1.0,2.0,2.0,16.0,10.0,,,,2.0,
748,2025-10-31,Wagner,Rider,Home,,3,,3.0,2.0,12.0,8.0,,,,1.0,,4.0,2.0,14.0,8.0,,,,2.0,
748,2025-11-06,Wagner,Saint Francis,Home,,1,0.0,1.0,1.0,8.0,4.0,25.0,,,,,,,5.0,,27.0,,,1.0,
748,2025-11-08,Wagner,Fairfield,Away,,0,3.0,,,7.0,2.0,29.0,,,,,3.0,2.0,21.0,11.0,21.0,,,,
749,2025-08-29,Wake Forest,Iowa,Away,,4,5.0,4.0,4.0,11.0,5.0,,,1.0,2.0,,5.0,4.0,12.0,7.0,,,2.0,2.0,
749,2025-08-31,Wake Forest,Michigan,Home,,1,2.0,1.0,2.0,11.0,4.0,,,,1.0,,2.0,1.0,9.0,5.0,,,,,
749,2025-09-05,Wake Forest,Davidson,Away,,2,,2.0,2.0,25.0,15.0,,,,2.0,,1.0,,6.0,2.0,,,,2.0,3.0
749,2025-09-07,Wake Forest,Longwood,Home,,7,0.0,7.0,6.0,34.0,22.0,,,2.0,1.0,,,,1.0,,,,,,
749,2025-09-12,Wake Forest,VCU,Away,,2,0.0,2.0,,26.0,16.0,41.0,,,,,,,5.0,4.0,37.0,,,,
749,2025-09-14,Wake Forest,UMass Lowell,Home,,9,1.0,9.0,4.0,39.0,23.0,,,1.0,2.0,,1.0,1.0,8.0,5.0,,,,,
749,2025-09-19,Wake Forest,Syracuse,Away,,2,,2.0,3.0,15.0,7.0,,,,1.0,1.0,1.0,2.0,6.0,6.0,,,1.0,1.0,
749,2025-09-21,Wake Forest,Boston College,Home,,2,1.0,2.0,1.0,11.0,8.0,,,,,,1.0,1.0,13.0,9.0,,,,,
749,2025-09-26,Wake Forest,North Carolina,Home,,2,,2.0,3.0,22.0,11.0,,,,1.0,,1.0,,21.0,12.0,,,2.0,1.0,
749,2025-10-03,Wake Forest,Louisville,Away,,2,0.0,2.0,2.0,5.0,3.0,,,,,,,,5.0,3.0,,,,,
749,2025-10-05,Wake Forest,Miami (OH),Home,,2,,2.0,1.0,11.0,6.0,,,,1.0,,1.0,,6.0,4.0,,,,1.0,
749,2025-10-10,Wake Forest,Queens (NC),Home,,9,2.0,9.0,4.0,40.0,24.0,,,,,,2.0,1.0,3.0,2.0,,,,1.0,
749,2025-10-12,Wake Forest,Delaware,Home,,4,1.0,4.0,4.0,17.0,8.0,,,,3.0,1.0,1.0,,7.0,5.0,,,,1.0,
749,2025-10-17,Wake Forest,Stanford,Home,,3,1.0,3.0,3.0,18.0,10.0,,,,1.0,1.0,1.0,1.0,12.0,7.0,,,,,
749,2025-10-19,Wake Forest,California,Home,,6,2.0,6.0,7.0,18.0,13.0,,,,,,2.0,2.0,9.0,6.0,,,,,
749,2025-10-24,Wake Forest,Duke,Away,,3,1.0,3.0,4.0,5.0,5.0,,,1.0,2.0,,1.0,1.0,9.0,5.0,,,,2.0,
749,2025-10-26,Wake Forest,App State,Home,,3,0.0,3.0,2.0,23.0,13.0,,,,1.0,,,,2.0,1.0,,,,,1.0
749,2025-10-31,Wake Forest,Virginia,Away,,3,5.0,3.0,3.0,21.0,12.0,,,,1.0,,5.0,3.0,13.0,9.0,,,,3.0,1.0
749,2025-11-05,Wake Forest,Syracuse,Home,,1,3.0,1.0,,15.0,12.0,,,,,,3.0,3.0,10.0,8.0,,,,1.0,2.0
749,2025-11-14,Wake Forest,UConn,Home,,0,2.0,,,7.0,2.0,24.0,,2.0,,1.0,2.0,2.0,12.0,9.0,32.0,,1.0,2.0,
786,2025-08-29,William & Mary,American,Home,,0,10.0,,,3.0,1.0,,,,,1.0,10.0,6.0,23.0,17.0,,,,1.0,
786,2025-08-31,William & Mary,Old Dominion,Away,,0,6.0,,,3.0,3.0,,,1.0,2.0,,6.0,6.0,41.0,30.0,,,,1.0,
786,2025-09-05,William & Mary,VCU,Away,,0,3.0,,,4.0,2.0,40.0,,,2.0,,3.0,5.0,9.0,6.0,47.0,,,1.0,
786,2025-09-07,William & Mary,Lafayette,Home,,2,1.0,2.0,1.0,8.0,5.0,,,,1.0,,1.0,1.0,11.0,6.0,,,,1.0,1.0
786,2025-09-12,William & Mary,Duke,Home,,0,9.0,,,1.0,1.0,,,,2.0,,9.0,7.0,29.0,21.0,,,,1.0,
786,2025-09-21,William & Mary,Longwood,Away,,0,1.0,,,9.0,5.0,15.0,,,1.0,,1.0,1.0,16.0,8.0,24.0,,,,1.0
786,2025-09-26,William & Mary,Delaware,Away,,1,6.0,1.0,,6.0,3.0,36.0,,,1.0,,6.0,5.0,20.0,16.0,43.0,,,,
786,2025-09-28,William & Mary,Liberty,Home,,0,4.0,,,2.0,,,,,2.0,,4.0,3.0,23.0,16.0,,,1.0,1.0,
786,2025-10-03,William & Mary,Northeastern,Home,,1,3.0,1.0,,4.0,2.0,,,2.0,,,3.0,3.0,13.0,11.0,,,,1.0,
786,2025-10-05,William & Mary,Davidson,Home,,4,5.0,4.0,3.0,8.0,7.0,,,,2.0,,5.0,4.0,22.0,14.0,,,,,
786,2025-10-10,William & Mary,Towson,Away,,0,2.0,,,8.0,3.0,,,1.0,1.0,,2.0,2.0,15.0,10.0,,,1.0,,
786,2025-10-17,William & Mary,Monmouth,Home,,0,4.0,,,9.0,6.0,,,1.0,1.0,,4.0,4.0,29.0,19.0,,,,2.0,
786,2025-10-19,William & Mary,Virginia,Home,,0,5.0,,,5.0,4.0,,,1.0,2.0,,5.0,5.0,25.0,19.0,,,,2.0,
786,2025-10-24,William & Mary,Hofstra,Home,,0,2.0,,,12.0,6.0,,,,1.0,1.0,2.0,2.0,18.0,15.0,,,,2.0,
786,2025-10-26,William & Mary,Richmond,Away,,1,5.0,1.0,1.0,4.0,4.0,,,,2.0,2.0,5.0,1.0,20.0,15.0,,,,1.0,1.0
786,2025-10-31,William & Mary,Drexel,Away,,1,5.0,1.0,,4.0,4.0,13.0,,,,,5.0,5.0,14.0,10.0,21.0,,,1.0,
786,2025-11-02,William & Mary,La Salle,Away,,3,2.0,3.0,2.0,12.0,5.0,24.0,,,1.0,,2.0,,13.0,8.0,25.0,,,1.0,
813,2025-09-05,Yale,LIU,Home,,8,2.0,8.0,5.0,34.0,22.0,,,,,1.0,2.0,1.0,7.0,5.0,,,,,1.0
813,2025-09-07,Yale,UMass Lowell,Home,,3,,3.0,1.0,34.0,9.0,,,,1.0,1.0,2.0,4.0,13.0,7.0,,,,3.0,
813,2025-09-12,Yale,Hofstra,Home,,2,1.0,2.0,2.0,29.0,13.0,,,,1.0,,1.0,1.0,5.0,3.0,,,,1.0,
813,2025-09-14,Yale,Monmouth,Home,,3,1.0,3.0,3.0,22.0,13.0,,,1.0,1.0,,1.0,2.0,9.0,4.0,,,,,
813,2025-09-20,Yale,Brown,Away,,3,1.0,3.0,3.0,17.0,10.0,,,,2.0,,1.0,2.0,6.0,3.0,,,2.0,1.0,
813,2025-09-26,Yale,Cornell,Away,,0,2.0,,,11.0,4.0,,,3.0,2.0,,2.0,2.0,14.0,6.0,,,,2.0,
813,2025-09-28,Yale,Colgate,Away,,7,0.0,7.0,4.0,30.0,19.0,36.0,,,1.0,1.0,,,4.0,4.0,23.0,,,,1.0
813,2025-10-03,Yale,Princeton,Home,,1,2.0,1.0,2.0,7.0,3.0,,,2.0,,,2.0,,14.0,10.0,,,1.0,1.0,
813,2025-10-05,Yale,Sacred Heart,Home,,2,0.0,2.0,2.0,19.0,7.0,,,,1.0,,,,5.0,4.0,,,,,
813,2025-10-10,Yale,Columbia,Away,,4,1.0,4.0,2.0,19.0,13.0,14.0,,,1.0,,1.0,1.0,2.0,2.0,12.0,,,1.0,1.0
813,2025-10-12,Yale,UConn,Away,,1,,,,16.0,8.0,,,,1.0,1.0,,,11.0,6.0,,,,,
813,2025-10-17,Yale,Dartmouth,Home,,3,1.0,3.0,1.0,16.0,12.0,,,1.0,1.0,,1.0,1.0,8.0,4.0,,,,1.0,
813,2025-10-19,Yale,UAlbany,Away,,2,1.0,2.0,1.0,15.0,9.0,,,,1.0,,1.0,,14.0,10.0,,,,,1.0
813,2025-10-24,Yale,Penn,Away,,2,,2.0,1.0,12.0,5.0,,,,,,1.0,1.0,7.0,5.0,,,,1.0,
813,2025-10-26,Yale,Temple,Away,,1,2.0,1.0,1.0,8.0,6.0,15.0,,,1.0,1.0,2.0,1.0,8.0,5.0,16.0,,,,1.0
813,2025-10-31,Yale,Harvard,Home,,1,2.0,1.0,2.0,5.0,1.0,,,,1.0,,2.0,1.0,14.0,8.0,,,,3.0,
813,2025-11-07,Yale,Princeton,Away,,0,3.0,,,3.0,1.0,,,,3.0,,3.0,3.0,9.0,6.0,,,,,
813,2025-11-14,Yale,Northwestern,Home,,1,5.0,1.0,1.0,3.0,1.0,,,,,,5.0,2.0,24.0,14.0,,,,2.0,
