ncaa_id,date,team,opponent,home_away,result,team_score,opponent_score,goals,ast,shatt,sog,fouls,rc,yc,gc,defensive_goals,defensive_ast,defensive_shatt,defensive_sog,defensive_fouls,defensive_rc,defensive_yc,defensive_gc
23,2021-08-27,American,VCU,Away,,2,,2.0,1.0,21.0,16.0,24.0,,,1.0,1.0,,9.0,6.0,18.0,,,1.0
23,2021-08-29,American,Old Dominion,Away,,2,,2.0,2.0,10.0,7.0,,,1.0,1.0,3.0,2.0,10.0,6.0,,,,1.0
23,2021-09-03,American,Delaware,Away,,0,2.0,,,12.0,7.0,,,1.0,1.0,2.0,2.0,10.0,5.0,,,,
23,2021-09-10,American,Richmond,Home,,2,1.0,2.0,1.0,13.0,5.0,,,,1.0,1.0,2.0,7.0,5.0,,,,1.0
23,2021-09-12,American,Massachusetts,Home,,3,,3.0,1.0,17.0,10.0,,,,1.0,2.0,1.0,20.0,8.0,,,,
23,2021-09-18,American,Lafayette,Home,,1,,1.0,1.0,8.0,3.0,,,,,,,16.0,10.0,,,,2.0
23,2021-09-24,American,LIU,Home,,3,0.0,3.0,3.0,13.0,7.0,,,,1.0,,,2.0,2.0,,,,
23,2021-09-26,American,Maryland,Home,,0,4.0,,,5.0,3.0,,,,,4.0,2.0,27.0,15.0,,,,
23,2021-10-02,American,Bucknell,Home,,3,2.0,3.0,2.0,12.0,8.0,,,,3.0,2.0,2.0,9.0,6.0,,,,3.0
23,2021-10-09,American,Lehigh,Away,,2,0.0,2.0,2.0,14.0,10.0,,,,1.0,,,5.0,3.0,,,,1.0
23,2021-10-16,American,Holy Cross,Home,,6,0.0,6.0,7.0,12.0,9.0,,,,,,,7.0,4.0,,,,
23,2021-10-17,American,Cornell,Home,,3,1.0,3.0,3.0,8.0,6.0,,,3.0,2.0,1.0,2.0,8.0,4.0,,,3.0,2.0
23,2021-10-23,American,Boston U.,Away,,3,1.0,3.0,1.0,16.0,10.0,,,,1.0,1.0,1.0,11.0,9.0,,,,
23,2021-10-30,American,Colgate,Away,,3,0.0,3.0,2.0,16.0,10.0,31.0,,1.0,,,,5.0,2.0,14.0,,,
23,2021-11-04,American,Lehigh,Home,,1,0.0,1.0,,7.0,5.0,,,,1.0,,,7.0,5.0,,,,2.0
23,2021-11-06,American,Lafayette,Home,,2,1.0,2.0,2.0,11.0,4.0,,,,1.0,1.0,1.0,7.0,3.0,,,,1.0
23,2021-11-12,American,Iowa,Away,,2,3.0,2.0,1.0,3.0,3.0,,,1.0,1.0,3.0,4.0,12.0,8.0,,,,1.0
27,2021-08-28,App State,Georgetown,Home,,2,3.0,2.0,1.0,22.0,14.0,,,1.0,,3.0,5.0,11.0,7.0,,,,
27,2021-08-29,App State,Towson,Away,,3,1.0,3.0,1.0,20.0,16.0,,,,,1.0,2.0,9.0,7.0,,,,2.0
27,2021-09-04,App State,Wake Forest,Away,,1,5.0,1.0,1.0,6.0,3.0,,,,,5.0,3.0,24.0,12.0,,,1.0,
27,2021-09-10,App State,James Madison,Home,,2,0.0,2.0,3.0,5.0,3.0,,,,,,,17.0,8.0,,,,1.0
27,2021-09-12,App State,Ohio St.,Home,,0,2.0,,,5.0,3.0,,,,,2.0,2.0,19.0,13.0,,,,
27,2021-09-17,App State,Miami (OH),Home,,0,1.0,,,6.0,2.0,,,,,1.0,1.0,18.0,8.0,,,,2.0
27,2021-09-19,App State,Davidson,Home,,6,3.0,6.0,3.0,23.0,17.0,,,,,3.0,4.0,10.0,8.0,,,,1.0
27,2021-10-01,App State,Ohio,Home,,2,1.0,2.0,,14.0,7.0,,,,,1.0,1.0,7.0,4.0,,,,2.0
27,2021-10-08,App State,Ball St.,Away,,0,,,,16.0,11.0,,,,1.0,1.0,1.0,16.0,7.0,,,,
27,2021-10-10,App State,Bellarmine,Away,,4,2.0,4.0,4.0,20.0,13.0,,,,2.0,2.0,2.0,13.0,3.0,,,,1.0
27,2021-10-15,App State,Longwood,Away,,0,3.0,,,7.0,3.0,30.0,,,1.0,3.0,3.0,11.0,5.0,39.0,,1.0,2.0
27,2021-10-17,App State,La Salle,Home,,3,1.0,3.0,2.0,11.0,5.0,,,,,1.0,,10.0,7.0,,,,2.0
27,2021-10-22,App State,Kent St.,Home,,1,,1.0,2.0,15.0,7.0,,,,,2.0,2.0,14.0,4.0,,,,1.0
27,2021-10-29,App State,Central Mich.,Away,,3,1.0,3.0,1.0,10.0,7.0,,,,,1.0,,7.0,3.0,,,,
27,2021-10-30,App State,Central Mich.,Away,,1,2.0,1.0,,8.0,6.0,,,,,2.0,2.0,9.0,5.0,,,,1.0
47,2021-08-27,Ball St.,Ohio St.,Home,,0,1.0,,,6.0,3.0,,,,,1.0,,15.0,7.0,,,,2.0
47,2021-08-29,Ball St.,Bellarmine,Away,,1,2.0,1.0,1.0,16.0,10.0,,,,1.0,2.0,3.0,7.0,7.0,,,,
47,2021-09-03,Ball St.,Lock Haven,Away,,1,,1.0,1.0,9.0,7.0,,,,3.0,2.0,2.0,5.0,2.0,,,,
47,2021-09-05,Ball St.,Saint Francis,Away,,2,,2.0,1.0,9.0,7.0,35.0,,,2.0,1.0,,6.0,2.0,54.0,,,1.0
47,2021-09-06,Ball St.,Saint Louis,Home,,1,0.0,1.0,1.0,10.0,5.0,,,,1.0,,,4.0,3.0,,,,2.0
47,2021-09-10,Ball St.,Michigan,Away,,0,12.0,,,,,,,,1.0,12.0,5.0,39.0,33.0,,,,1.0
47,2021-09-12,Ball St.,Michigan St.,Away,,1,7.0,1.0,1.0,6.0,3.0,,,,3.0,7.0,5.0,21.0,16.0,,,,
47,2021-09-17,Ball St.,Central Mich.,Home,,2,1.0,2.0,,7.0,6.0,,,,3.0,1.0,1.0,5.0,4.0,,,,
47,2021-09-24,Ball St.,Ohio,Away,,0,3.0,,,6.0,4.0,,,,,3.0,2.0,18.0,11.0,,,,
47,2021-09-26,Ball St.,Indiana,Home,,0,1.0,,,1.0,1.0,,,,1.0,1.0,1.0,18.0,8.0,,,,3.0
47,2021-10-01,Ball St.,Miami (OH),Away,,0,5.0,,,6.0,5.0,,,1.0,2.0,5.0,4.0,16.0,14.0,,,1.0,3.0
47,2021-10-08,Ball St.,App State,Home,,1,,1.0,1.0,16.0,7.0,,,,,,,16.0,11.0,,,,1.0
47,2021-10-10,Ball St.,Northwestern,Home,,1,6.0,1.0,1.0,3.0,2.0,,,,1.0,6.0,6.0,48.0,28.0,,,,1.0
47,2021-10-15,Ball St.,Bellarmine,Home,,1,2.0,1.0,,15.0,9.0,,,1.0,3.0,2.0,1.0,15.0,9.0,,,,4.0
47,2021-10-22,Ball St.,Longwood,Away,,1,5.0,1.0,,5.0,5.0,32.0,,,2.0,5.0,7.0,25.0,17.0,29.0,,,2.0
47,2021-10-24,Ball St.,VCU,Away,,0,4.0,,,3.0,2.0,45.0,,,,4.0,1.0,23.0,16.0,32.0,,,
47,2021-10-30,Ball St.,Kent St.,Home,,1,2.0,1.0,,4.0,2.0,,,,2.0,2.0,2.0,33.0,26.0,,,,
52,2021-08-29,Bellarmine,Ball St.,Home,,2,1.0,2.0,3.0,7.0,7.0,,,,,1.0,1.0,16.0,10.0,,,,1.0
52,2021-09-03,Bellarmine,Rider,Home,,1,5.0,1.0,1.0,9.0,4.0,,,,2.0,5.0,3.0,24.0,14.0,,,,1.0
52,2021-09-06,Bellarmine,Indiana,Away,,0,3.0,,,2.0,1.0,,,,1.0,3.0,2.0,16.0,9.0,,,,1.0
52,2021-09-10,Bellarmine,UC Davis,Home,,1,5.0,1.0,2.0,7.0,2.0,,,,1.0,5.0,2.0,34.0,21.0,,,,
52,2021-09-12,Bellarmine,Davidson,Away,,1,3.0,1.0,,9.0,2.0,,,,1.0,3.0,3.0,17.0,10.0,,,,1.0
52,2021-09-18,Bellarmine,Longwood,Away,,0,6.0,,,2.0,,29.0,,,1.0,6.0,5.0,26.0,19.0,24.0,,,1.0
52,2021-09-19,Bellarmine,VCU,Away,,1,6.0,1.0,,5.0,3.0,31.0,,,,6.0,7.0,23.0,11.0,36.0,,,1.0
52,2021-09-25,Bellarmine,Lock Haven,Home,,2,6.0,2.0,2.0,14.0,9.0,,,,3.0,6.0,3.0,20.0,14.0,,,,
52,2021-09-26,Bellarmine,Saint Louis,Away,,2,3.0,2.0,2.0,10.0,4.0,,,,4.0,3.0,3.0,18.0,11.0,,,1.0,2.0
52,2021-10-02,Bellarmine,Kent St.,Home,,0,5.0,,,9.0,5.0,,,1.0,1.0,5.0,6.0,24.0,14.0,,,1.0,2.0
52,2021-10-08,Bellarmine,Ohio,Away,,4,,4.0,3.0,7.0,6.0,,,,1.0,5.0,5.0,24.0,16.0,,,,
52,2021-10-10,Bellarmine,App State,Home,,2,4.0,2.0,2.0,13.0,3.0,,,,1.0,4.0,4.0,20.0,13.0,,,,2.0
52,2021-10-15,Bellarmine,Ball St.,Away,,2,1.0,2.0,1.0,15.0,9.0,,,,4.0,1.0,,15.0,9.0,,,1.0,3.0
52,2021-10-22,Bellarmine,Central Mich.,Home,,3,0.0,3.0,2.0,5.0,4.0,,,,,,,13.0,8.0,,,,
52,2021-10-29,Bellarmine,Miami (OH),Away,,0,5.0,,,2.0,2.0,,,,2.0,5.0,4.0,29.0,17.0,,,,1.0
52,2021-10-31,Bellarmine,Saint Francis,Home,,6,2.0,6.0,3.0,15.0,8.0,,,2.0,3.0,2.0,1.0,30.0,15.0,,,,1.0
67,2021-08-27,Boston College,Quinnipiac,Home,,3,0.0,3.0,1.0,19.0,10.0,,,,,,,6.0,4.0,,,,
67,2021-08-28,Boston College,Maine,Home,,3,,3.0,2.0,25.0,11.0,11.0,,,,2.0,2.0,9.0,6.0,11.0,,,1.0
67,2021-09-03,Boston College,Maryland,Home,,3,2.0,3.0,2.0,14.0,7.0,,,,,2.0,3.0,13.0,7.0,,,,
67,2021-09-05,Boston College,Northwestern,Home,,2,1.0,2.0,1.0,8.0,4.0,,,,1.0,1.0,1.0,13.0,5.0,,,,
67,2021-09-10,Boston College,UConn,Home,,2,1.0,2.0,1.0,16.0,11.0,,,,2.0,1.0,,9.0,4.0,,,,2.0
67,2021-09-12,Boston College,Boston U.,Home,,3,2.0,3.0,3.0,28.0,19.0,1.0,,,1.0,2.0,1.0,6.0,3.0,2.0,,,1.0
67,2021-09-17,Boston College,Syracuse,Home,,1,3.0,1.0,,7.0,5.0,,,,,3.0,2.0,15.0,8.0,,,,
67,2021-09-19,Boston College,New Hampshire,Away,,4,,4.0,2.0,29.0,12.0,,,,,3.0,3.0,10.0,5.0,,,,2.0
67,2021-09-24,Boston College,North Carolina,Away,,1,6.0,1.0,2.0,7.0,3.0,,,,1.0,6.0,5.0,18.0,13.0,,,,1.0
67,2021-10-03,Boston College,Massachusetts,Home,,2,,2.0,2.0,15.0,10.0,,,,2.0,2.0,,15.0,9.0,,,,1.0
67,2021-10-09,Boston College,Virginia,Away,,1,,1.0,1.0,7.0,7.0,,,,,,,12.0,5.0,,,,
67,2021-10-10,Boston College,Richmond,Away,,3,0.0,3.0,1.0,15.0,12.0,,,,,,,9.0,4.0,,,,
67,2021-10-15,Boston College,Louisville,Home,,2,,2.0,,8.0,7.0,,,1.0,,3.0,2.0,8.0,5.0,,,,1.0
67,2021-10-17,Boston College,Saint Joseph's,Home,,0,2.0,,,7.0,3.0,,,,1.0,2.0,,14.0,10.0,,,,2.0
67,2021-10-22,Boston College,Duke,Home,,3,1.0,3.0,3.0,16.0,9.0,,,,,1.0,2.0,13.0,5.0,,,,1.0
67,2021-10-24,Boston College,Northeastern,Away,,2,1.0,2.0,,14.0,13.0,,,,1.0,1.0,1.0,10.0,2.0,,,1.0,3.0
67,2021-10-29,Boston College,Wake Forest,Away,,2,1.0,2.0,2.0,7.0,6.0,,,,1.0,1.0,,4.0,2.0,,,,1.0
67,2021-11-04,Boston College,Virginia,Home,,0,2.0,,,8.0,3.0,,,,2.0,2.0,1.0,8.0,7.0,,,,
68,2021-08-27,Boston U.,Monmouth,Home,,2,1.0,2.0,2.0,9.0,3.0,,,,,1.0,2.0,13.0,8.0,,,,1.0
68,2021-08-29,Boston U.,Providence,Away,,1,2.0,1.0,2.0,16.0,13.0,,,,1.0,2.0,2.0,5.0,4.0,,,,1.0
68,2021-09-03,Boston U.,New Hampshire,Home,,3,1.0,3.0,3.0,7.0,4.0,,,,1.0,1.0,,5.0,3.0,,,,
68,2021-09-05,Boston U.,Iowa,Home,,0,4.0,,,3.0,1.0,,,,2.0,4.0,4.0,19.0,14.0,,,,1.0
68,2021-09-10,Boston U.,UMass Lowell,Home,,0,4.0,,,6.0,3.0,,,,2.0,4.0,2.0,10.0,6.0,,,,1.0
68,2021-09-12,Boston U.,Boston College,Away,,2,3.0,2.0,1.0,6.0,3.0,2.0,,,1.0,3.0,3.0,28.0,19.0,1.0,,,1.0
68,2021-09-17,Boston U.,Lehigh,Away,,1,2.0,1.0,2.0,9.0,5.0,,,,,2.0,2.0,11.0,8.0,,,,
68,2021-09-19,Boston U.,Princeton,Away,,0,7.0,,,4.0,2.0,31.0,,,1.0,7.0,5.0,18.0,11.0,23.0,,,1.0
68,2021-09-25,Boston U.,Bucknell,Home,,1,,1.0,1.0,11.0,7.0,,,,2.0,2.0,2.0,13.0,10.0,,,,1.0
68,2021-09-26,Boston U.,Northeastern,Away,,1,2.0,1.0,2.0,6.0,3.0,,,1.0,3.0,2.0,2.0,17.0,14.0,,,1.0,1.0
68,2021-10-03,Boston U.,Maine,Home,,2,3.0,2.0,1.0,10.0,7.0,,,,,3.0,2.0,16.0,11.0,,,,1.0
68,2021-10-09,Boston U.,Lafayette,Home,,1,3.0,1.0,,12.0,7.0,,,,1.0,3.0,3.0,9.0,7.0,,,,3.0
68,2021-10-10,Boston U.,UConn,Away,,0,8.0,,,10.0,4.0,15.0,,,1.0,8.0,10.0,32.0,18.0,15.0,,,
68,2021-10-16,Boston U.,Colgate,Away,,3,1.0,3.0,4.0,11.0,9.0,9.0,,1.0,2.0,1.0,2.0,12.0,8.0,5.0,,,1.0
68,2021-10-18,Boston U.,Harvard,Home,,0,1.0,,,6.0,2.0,,,,,1.0,,8.0,6.0,,,,
68,2021-10-23,Boston U.,American,Home,,1,3.0,1.0,1.0,11.0,9.0,,,,,3.0,1.0,16.0,10.0,,,,1.0
68,2021-10-24,Boston U.,Duke,Home,,0,3.0,,,3.0,2.0,,,1.0,1.0,3.0,2.0,19.0,15.0,,,,1.0
68,2021-10-29,Boston U.,Holy Cross,Away,,6,1.0,6.0,3.0,26.0,18.0,13.0,,,,1.0,1.0,6.0,4.0,6.0,,,1.0
80,2021-09-03,Brown,Saint Francis,Home,,2,0.0,2.0,2.0,16.0,9.0,40.0,,1.0,1.0,,,7.0,5.0,36.0,,,
80,2021-09-05,Brown,Merrimack,Home,,2,1.0,2.0,2.0,23.0,18.0,30.0,,,1.0,1.0,1.0,2.0,2.0,42.0,,1.0,
80,2021-09-10,Brown,Bryant,Home,,5,1.0,5.0,2.0,25.0,21.0,23.0,,,1.0,1.0,,7.0,3.0,14.0,,1.0,
80,2021-09-12,Brown,Vermont,Away,,0,2.0,,,7.0,2.0,48.0,,,3.0,2.0,4.0,16.0,10.0,38.0,,1.0,1.0
80,2021-09-17,Brown,California,Away,,1,2.0,1.0,2.0,6.0,3.0,,,,,2.0,,13.0,6.0,,,,
80,2021-09-19,Brown,UC Davis,Away,,1,2.0,1.0,,21.0,7.0,,,,1.0,2.0,2.0,12.0,7.0,,,,2.0
80,2021-09-25,Brown,Yale,Away,,1,2.0,1.0,,7.0,5.0,,,1.0,2.0,2.0,2.0,10.0,8.0,,,,
80,2021-09-26,Brown,Georgetown,Home,,1,,1.0,2.0,13.0,6.0,,,2.0,2.0,1.0,1.0,24.0,10.0,,,1.0,4.0
80,2021-10-02,Brown,Dartmouth,Home,,3,0.0,3.0,3.0,17.0,9.0,,,,,,,7.0,5.0,,,,
80,2021-10-05,Brown,Holy Cross,Away,,4,0.0,4.0,3.0,17.0,11.0,20.0,,,1.0,,,9.0,2.0,15.0,,1.0,2.0
80,2021-10-09,Brown,Columbia,Away,,1,0.0,1.0,,3.0,3.0,24.0,,,,,,12.0,7.0,27.0,,,
80,2021-10-10,Brown,Lafayette,Home,,1,,1.0,1.0,13.0,5.0,21.0,,,1.0,2.0,1.0,9.0,5.0,34.0,,1.0,2.0
80,2021-10-16,Brown,Penn,Home,,2,3.0,2.0,1.0,18.0,11.0,,,,1.0,3.0,3.0,15.0,10.0,,,,3.0
80,2021-10-17,Brown,Providence,Away,,0,2.0,,,13.0,6.0,,,1.0,3.0,2.0,2.0,10.0,6.0,,,,
80,2021-10-23,Brown,Cornell,Away,,3,,3.0,3.0,11.0,8.0,,,,1.0,4.0,5.0,19.0,12.0,,,,2.0
80,2021-10-30,Brown,Princeton,Home,,0,3.0,,,5.0,3.0,,,,2.0,3.0,2.0,11.0,7.0,,,,1.0
80,2021-11-06,Brown,Harvard,Away,,0,4.0,,,4.0,3.0,,,,1.0,4.0,4.0,18.0,16.0,,,1.0,
81,2021-08-27,Bryant,Providence,Away,,0,4.0,,,,,,,1.0,2.0,4.0,4.0,23.0,18.0,,,,
81,2021-08-29,Bryant,UMass Lowell,Away,,0,5.0,,,4.0,3.0,,,,,5.0,3.0,24.0,16.0,,,,1.0
81,2021-09-03,Bryant,La Salle,Away,,2,4.0,2.0,1.0,14.0,7.0,37.0,,,,4.0,4.0,22.0,13.0,29.0,,,4.0
81,2021-09-05,Bryant,Lehigh,Away,,1,3.0,1.0,1.0,5.0,3.0,,,,,3.0,2.0,32.0,19.0,,,,
81,2021-09-10,Bryant,Brown,Away,,1,5.0,1.0,,7.0,3.0,14.0,,1.0,,5.0,2.0,25.0,21.0,23.0,,,1.0
81,2021-09-12,Bryant,Dartmouth,Away,,1,2.0,1.0,,4.0,3.0,,,,,2.0,2.0,13.0,7.0,,,,
81,2021-09-17,Bryant,New Hampshire,Home,,1,,1.0,,4.0,4.0,20.0,,,,2.0,2.0,34.0,25.0,22.0,,,
81,2021-09-19,Bryant,Vermont,Home,,2,4.0,2.0,1.0,10.0,7.0,,,,1.0,4.0,3.0,19.0,9.0,,,,1.0
81,2021-09-21,Bryant,Holy Cross,Away,,0,2.0,,,9.0,5.0,18.0,,,,2.0,2.0,22.0,12.0,21.0,,,
81,2021-10-01,Bryant,Sacred Heart,Away,,3,,3.0,,10.0,6.0,50.0,,1.0,1.0,4.0,,16.0,13.0,32.0,,,1.0
81,2021-10-08,Bryant,Saint Francis,Home,,0,5.0,,,8.0,3.0,,,,,5.0,3.0,26.0,18.0,,,,
81,2021-10-10,Bryant,Wagner,Home,,1,,1.0,,12.0,5.0,,,,,2.0,2.0,31.0,20.0,,,,
81,2021-10-15,Bryant,Rider,Away,,1,5.0,1.0,,4.0,4.0,55.0,,,1.0,5.0,5.0,24.0,19.0,65.0,,,1.0
81,2021-10-17,Bryant,Maine,Home,,0,4.0,,,3.0,,,,,,4.0,3.0,25.0,18.0,,,,
81,2021-10-22,Bryant,Merrimack,Away,,3,0.0,3.0,1.0,17.0,10.0,39.0,,,1.0,,,14.0,5.0,35.0,,,
81,2021-10-24,Bryant,LIU,Home,,1,0.0,1.0,1.0,7.0,4.0,,,,,,,10.0,6.0,,,,2.0
81,2021-10-29,Bryant,Fairfield,Home,,1,2.0,1.0,2.0,3.0,2.0,,,,3.0,2.0,1.0,17.0,14.0,,,,
81,2021-10-31,Bryant,Northeastern,Away,,1,4.0,1.0,,5.0,4.0,,,,1.0,4.0,3.0,31.0,20.0,,,,
83,2021-08-27,Bucknell,James Madison,Home,,0,3.0,,,7.0,1.0,,,,1.0,3.0,3.0,14.0,9.0,,,,2.0
83,2021-08-29,Bucknell,LIU,Home,,2,,2.0,4.0,17.0,10.0,,,1.0,1.0,1.0,2.0,4.0,3.0,,,2.0,4.0
83,2021-09-03,Bucknell,Villanova,Away,,1,3.0,1.0,2.0,10.0,6.0,31.0,,,3.0,3.0,4.0,11.0,6.0,24.0,,1.0,2.0
83,2021-09-05,Bucknell,Temple,Away,,2,1.0,2.0,3.0,8.0,4.0,,,,1.0,1.0,,5.0,3.0,,,,2.0
83,2021-09-12,Bucknell,Lock Haven,Away,,2,0.0,2.0,2.0,12.0,9.0,,,,,,,3.0,2.0,,,,
83,2021-09-18,Bucknell,Holy Cross,Home,,7,2.0,7.0,8.0,28.0,17.0,,,,1.0,2.0,2.0,6.0,5.0,,,1.0,2.0
83,2021-09-19,Bucknell,Sacred Heart,Home,,4,2.0,4.0,4.0,19.0,7.0,,,,,2.0,2.0,6.0,3.0,,,,1.0
83,2021-09-25,Bucknell,Boston U.,Away,,2,,2.0,2.0,13.0,10.0,,,,1.0,1.0,1.0,11.0,7.0,,,,2.0
83,2021-09-26,Bucknell,Harvard,Away,,1,4.0,1.0,1.0,9.0,4.0,,,,1.0,4.0,2.0,15.0,10.0,,,,1.0
83,2021-10-02,Bucknell,American,Away,,2,3.0,2.0,2.0,9.0,6.0,,,,3.0,3.0,2.0,12.0,8.0,,,,3.0
83,2021-10-09,Bucknell,Penn St.,Away,,1,4.0,1.0,2.0,4.0,3.0,,,,2.0,4.0,1.0,25.0,17.0,,,,
83,2021-10-10,Bucknell,Cornell,Home,,2,4.0,2.0,1.0,16.0,11.0,,,,2.0,4.0,6.0,7.0,6.0,,,1.0,3.0
83,2021-10-16,Bucknell,Lehigh,Home,,6,1.0,6.0,9.0,13.0,11.0,,,,1.0,1.0,1.0,12.0,6.0,,,,1.0
83,2021-10-17,Bucknell,Kent St.,Home,,1,2.0,1.0,,10.0,6.0,,,1.0,,2.0,2.0,4.0,3.0,,,,1.0
83,2021-10-22,Bucknell,Colgate,Home,,4,2.0,4.0,2.0,15.0,7.0,,,,2.0,2.0,3.0,9.0,5.0,,,,1.0
83,2021-10-30,Bucknell,Lafayette,Away,,2,,2.0,3.0,13.0,10.0,,,,,3.0,2.0,21.0,13.0,,,,
83,2021-10-31,Bucknell,Drexel,Away,,1,2.0,1.0,,11.0,6.0,,,1.0,,2.0,1.0,17.0,7.0,,,,3.0
83,2021-11-04,Bucknell,Lafayette,Away,,3,,3.0,4.0,10.0,5.0,5.0,,,1.0,4.0,1.0,11.0,6.0,6.0,,,3.0
107,2021-08-27,California,Stanford,Away,,1,0.0,1.0,1.0,2.0,2.0,,,,2.0,,,3.0,2.0,,,,
107,2021-08-29,California,Liberty,Home,,0,3.0,,,6.0,2.0,22.0,,1.0,1.0,3.0,3.0,8.0,3.0,14.0,,,
107,2021-09-05,California,Dartmouth,Home,,1,0.0,1.0,,19.0,11.0,,,,1.0,,,1.0,,,,,1.0
107,2021-09-10,California,Towson,Away,,4,1.0,4.0,4.0,22.0,18.0,,,,1.0,1.0,2.0,8.0,5.0,,,,1.0
107,2021-09-12,California,Maryland,Away,,0,4.0,,,3.0,2.0,,,,,4.0,4.0,24.0,16.0,,,,1.0
107,2021-09-17,California,Brown,Home,,2,1.0,2.0,,13.0,6.0,,,,,1.0,2.0,6.0,3.0,,,,
107,2021-09-19,California,Northwestern,Home,,1,5.0,1.0,1.0,3.0,3.0,,,,,5.0,3.0,16.0,10.0,,,,1.0
107,2021-09-24,California,New Hampshire,Away,,3,2.0,3.0,3.0,12.0,6.0,,,,,2.0,,12.0,8.0,,,,
107,2021-09-26,California,UMass Lowell,Away,,1,,1.0,,19.0,11.0,,,,,,,9.0,4.0,,,1.0,
107,2021-10-08,California,Maine,Away,,1,4.0,1.0,1.0,4.0,3.0,29.0,,,1.0,4.0,2.0,18.0,9.0,20.0,,,1.0
107,2021-10-10,California,Vermont,Away,,2,0.0,2.0,2.0,13.0,10.0,42.0,,,3.0,,,20.0,6.0,26.0,,,1.0
107,2021-10-17,California,UC Davis,Away,,2,0.0,2.0,2.0,15.0,11.0,,,,1.0,,,12.0,3.0,,,,
107,2021-10-22,California,Stanford,Home,,2,0.0,2.0,,6.0,3.0,,,,,,,13.0,6.0,,,,
107,2021-10-29,California,Monmouth,Away,,2,3.0,2.0,,9.0,6.0,,,,2.0,3.0,3.0,25.0,14.0,,,1.0,
107,2021-10-31,California,UAlbany,Away,,1,,1.0,2.0,15.0,11.0,,,1.0,2.0,2.0,,11.0,7.0,,,,3.0
107,2021-11-04,California,New Hampshire,Home,,2,1.0,2.0,,17.0,12.0,30.0,,,,1.0,1.0,13.0,7.0,31.0,,,
107,2021-11-05,California,Maine,Away,,1,2.0,1.0,1.0,5.0,4.0,35.0,,,,2.0,1.0,28.0,20.0,39.0,,,
129,2021-08-27,Central Mich.,Indiana,Home,,2,3.0,2.0,2.0,8.0,2.0,,,,,3.0,1.0,18.0,13.0,,,,2.0
129,2021-08-29,Central Mich.,Davidson,Home,,1,2.0,1.0,1.0,11.0,6.0,,,,1.0,2.0,2.0,15.0,8.0,,,,
129,2021-09-05,Central Mich.,Michigan,Home,,0,8.0,,,1.0,1.0,,,,,8.0,5.0,36.0,22.0,,,,
129,2021-09-10,Central Mich.,Dartmouth,Away,,1,2.0,1.0,1.0,7.0,2.0,,,,1.0,2.0,3.0,4.0,3.0,,,,2.0
129,2021-09-12,Central Mich.,Merrimack,Away,,4,1.0,4.0,2.0,15.0,8.0,40.0,,1.0,,1.0,,6.0,4.0,44.0,,2.0,
129,2021-09-17,Central Mich.,Ball St.,Away,,1,2.0,1.0,1.0,5.0,4.0,,,,,2.0,,7.0,6.0,,,,3.0
129,2021-09-19,Central Mich.,Michigan St.,Away,,0,6.0,,,10.0,2.0,,,1.0,,6.0,3.0,31.0,23.0,,,,2.0
129,2021-09-24,Central Mich.,Kent St.,Home,,1,0.0,1.0,1.0,11.0,7.0,,,,1.0,,,26.0,9.0,,,,
129,2021-10-01,Central Mich.,Longwood,Away,,0,7.0,,,4.0,2.0,30.0,,2.0,,7.0,6.0,20.0,14.0,31.0,,1.0,4.0
129,2021-10-03,Central Mich.,Saint Francis,Away,,1,0.0,1.0,,9.0,5.0,58.0,,,1.0,,,12.0,8.0,56.0,,,3.0
129,2021-10-08,Central Mich.,Miami (OH),Away,,2,,2.0,2.0,2.0,2.0,,,3.0,3.0,3.0,2.0,39.0,19.0,,,,2.0
129,2021-10-10,Central Mich.,Iowa,Home,,0,4.0,,,,,,,,1.0,4.0,2.0,19.0,9.0,,,,
129,2021-10-15,Central Mich.,Ohio,Home,,1,,1.0,,7.0,2.0,,,,2.0,2.0,1.0,20.0,13.0,,,,1.0
129,2021-10-22,Central Mich.,Bellarmine,Away,,0,3.0,,,13.0,8.0,,,,,3.0,2.0,5.0,4.0,,,,
129,2021-10-24,Central Mich.,Saint Louis,Away,,2,,2.0,2.0,13.0,6.0,,,,1.0,3.0,4.0,19.0,10.0,,,,1.0
129,2021-10-29,Central Mich.,App State,Home,,1,3.0,1.0,,7.0,3.0,,,,,3.0,1.0,10.0,7.0,,,,
129,2021-10-30,Central Mich.,App State,Home,,2,1.0,2.0,2.0,9.0,5.0,,,,1.0,1.0,,8.0,6.0,,,,
153,2021-08-27,Colgate,UAlbany,Away,,1,5.0,1.0,1.0,9.0,5.0,,,,1.0,5.0,5.0,16.0,12.0,,,,
153,2021-08-29,Colgate,Rider,Home,,1,2.0,1.0,,16.0,5.0,18.0,,2.0,3.0,2.0,2.0,10.0,5.0,15.0,,,
153,2021-09-12,Colgate,Cornell,Away,,1,3.0,1.0,1.0,5.0,2.0,54.0,,2.0,1.0,3.0,3.0,13.0,8.0,55.0,,,2.0
153,2021-09-18,Colgate,Yale,Away,,0,2.0,,,10.0,8.0,,,1.0,,2.0,,29.0,20.0,,,1.0,
153,2021-09-19,Colgate,Columbia,Away,,0,2.0,,,14.0,4.0,27.0,,,2.0,2.0,3.0,16.0,6.0,28.0,,,
153,2021-09-25,Colgate,Lehigh,Home,,2,7.0,2.0,2.0,14.0,9.0,5.0,,2.0,1.0,7.0,3.0,16.0,14.0,1.0,,,
153,2021-10-02,Colgate,Lafayette,Away,,1,5.0,1.0,2.0,5.0,2.0,,,,,5.0,5.0,25.0,14.0,,,,1.0
153,2021-10-03,Colgate,Cornell,Home,,3,4.0,3.0,4.0,8.0,8.0,7.0,,1.0,2.0,4.0,5.0,25.0,20.0,15.0,,1.0,
153,2021-10-08,Colgate,Holy Cross,Away,,2,,2.0,2.0,16.0,10.0,32.0,,,,3.0,3.0,15.0,7.0,24.0,,,1.0
153,2021-10-10,Colgate,Syracuse,Away,,0,3.0,,,2.0,2.0,,,1.0,,3.0,1.0,33.0,21.0,,,,
153,2021-10-16,Colgate,Boston U.,Home,,1,3.0,1.0,2.0,12.0,8.0,5.0,,,1.0,3.0,4.0,11.0,9.0,9.0,,1.0,2.0
153,2021-10-22,Colgate,Bucknell,Away,,2,4.0,2.0,3.0,9.0,5.0,,,,1.0,4.0,2.0,15.0,7.0,,,,2.0
153,2021-10-24,Colgate,Towson,Away,,4,3.0,4.0,6.0,21.0,14.0,,,,2.0,3.0,1.0,17.0,11.0,,,,1.0
153,2021-10-30,Colgate,American,Home,,0,3.0,,,5.0,2.0,14.0,,,,3.0,2.0,16.0,10.0,31.0,,1.0,
158,2021-09-03,Columbia,Davidson,Home,,7,1.0,7.0,6.0,15.0,9.0,16.0,,,2.0,1.0,1.0,6.0,3.0,16.0,,,
158,2021-09-05,Columbia,Quinnipiac,Home,,5,1.0,5.0,5.0,14.0,9.0,27.0,,,,1.0,,12.0,6.0,27.0,,2.0,1.0
158,2021-09-10,Columbia,LIU,Home,,3,1.0,3.0,3.0,10.0,4.0,36.0,,2.0,1.0,1.0,1.0,12.0,3.0,29.0,,,1.0
158,2021-09-12,Columbia,UAlbany,Away,,3,2.0,3.0,1.0,7.0,7.0,,,,1.0,2.0,3.0,18.0,13.0,,,1.0,1.0
158,2021-09-17,Columbia,Fairfield,Away,,2,1.0,2.0,1.0,12.0,6.0,19.0,,,1.0,1.0,,10.0,3.0,17.0,,,
158,2021-09-19,Columbia,Colgate,Home,,2,0.0,2.0,3.0,16.0,6.0,28.0,,,,,,14.0,4.0,27.0,,,2.0
158,2021-09-24,Columbia,Harvard,Home,,1,4.0,1.0,1.0,6.0,2.0,36.0,,,1.0,4.0,6.0,28.0,17.0,41.0,,,
158,2021-10-02,Columbia,Cornell,Away,,0,5.0,,,14.0,5.0,,,,2.0,5.0,5.0,17.0,9.0,,,1.0,1.0
158,2021-10-03,Columbia,Syracuse,Away,,0,3.0,,,1.0,,,,,,3.0,,22.0,12.0,,,,
158,2021-10-09,Columbia,Brown,Home,,0,1.0,,,12.0,7.0,27.0,,,,1.0,,3.0,3.0,24.0,,,
158,2021-10-15,Columbia,Yale,Home,,2,4.0,2.0,,21.0,8.0,20.0,,,,4.0,3.0,13.0,10.0,25.0,,,
158,2021-10-17,Columbia,Rutgers,Away,,0,2.0,,,6.0,5.0,,,,1.0,2.0,1.0,28.0,20.0,,,,
158,2021-10-23,Columbia,Dartmouth,Away,,2,1.0,2.0,1.0,15.0,10.0,,,,2.0,1.0,1.0,5.0,4.0,,,,1.0
158,2021-10-24,Columbia,New Hampshire,Away,,2,,2.0,1.0,6.0,5.0,,,1.0,1.0,3.0,3.0,25.0,15.0,,,,3.0
158,2021-10-29,Columbia,Penn,Home,,0,1.0,,,13.0,9.0,19.0,,,,1.0,2.0,5.0,3.0,21.0,,,2.0
158,2021-10-31,Columbia,Rider,Home,,2,1.0,2.0,3.0,16.0,6.0,21.0,,,,1.0,,11.0,7.0,18.0,,,
158,2021-11-06,Columbia,Princeton,Away,,1,5.0,1.0,1.0,6.0,2.0,,,,,5.0,4.0,24.0,16.0,,,,
167,2021-09-10,Cornell,Wagner,Home,,2,0.0,2.0,3.0,16.0,9.0,45.0,,,,,,5.0,1.0,36.0,,2.0,1.0
167,2021-09-12,Cornell,Colgate,Home,,3,1.0,3.0,3.0,13.0,8.0,55.0,,,2.0,1.0,1.0,5.0,2.0,54.0,,2.0,1.0
167,2021-09-17,Cornell,UAlbany,Home,,0,1.0,,,8.0,1.0,47.0,,,1.0,1.0,,10.0,5.0,49.0,,1.0,2.0
167,2021-09-19,Cornell,Michigan,Home,,2,3.0,2.0,4.0,7.0,4.0,,,1.0,2.0,3.0,3.0,22.0,8.0,,,,3.0
167,2021-09-22,Cornell,Syracuse,Home,,0,1.0,,,2.0,2.0,,,,1.0,1.0,2.0,19.0,9.0,,,,2.0
167,2021-09-26,Cornell,Dartmouth,Away,,3,1.0,3.0,4.0,10.0,5.0,,,,2.0,1.0,1.0,2.0,1.0,,,,
167,2021-09-29,Cornell,Lock Haven,Away,,1,0.0,1.0,1.0,5.0,3.0,,,,,,,3.0,,,,,1.0
167,2021-10-02,Cornell,Columbia,Home,,5,0.0,5.0,5.0,17.0,9.0,,,1.0,1.0,,,14.0,5.0,,,,2.0
167,2021-10-03,Cornell,Colgate,Away,,4,3.0,4.0,5.0,25.0,20.0,15.0,,1.0,,3.0,4.0,8.0,8.0,7.0,,1.0,2.0
167,2021-10-09,Cornell,Penn,Away,,1,,1.0,2.0,8.0,7.0,,,2.0,2.0,2.0,2.0,18.0,9.0,,,,
167,2021-10-10,Cornell,Bucknell,Away,,4,2.0,4.0,6.0,7.0,6.0,,,1.0,3.0,2.0,1.0,16.0,11.0,,,,2.0
167,2021-10-15,Cornell,Princeton,Away,,2,,2.0,2.0,7.0,5.0,,,1.0,,3.0,3.0,17.0,7.0,,,,2.0
167,2021-10-17,Cornell,American,Away,,1,3.0,1.0,2.0,8.0,4.0,,,3.0,2.0,3.0,3.0,8.0,6.0,,,3.0,2.0
167,2021-10-23,Cornell,Brown,Home,,4,,4.0,5.0,19.0,12.0,,,,2.0,3.0,3.0,11.0,8.0,,,,1.0
167,2021-10-30,Cornell,Harvard,Home,,1,3.0,1.0,2.0,5.0,2.0,,,,2.0,3.0,4.0,18.0,7.0,,,,2.0
167,2021-10-31,Cornell,Syracuse,Away,,0,6.0,,,1.0,1.0,,,1.0,3.0,6.0,6.0,23.0,16.0,,,,1.0
167,2021-11-06,Cornell,Yale,Away,,1,2.0,1.0,2.0,9.0,3.0,,,,3.0,2.0,1.0,20.0,11.0,,,,3.0
172,2021-09-03,Dartmouth,UC Davis,Away,,2,,1.0,,9.0,5.0,,,,1.0,1.0,1.0,19.0,9.0,,,1.0,1.0
172,2021-09-05,Dartmouth,California,Away,,0,1.0,,,1.0,,,,,1.0,1.0,,19.0,11.0,,,,1.0
172,2021-09-06,Dartmouth,Stanford,Away,,1,4.0,1.0,1.0,1.0,1.0,,,,,4.0,3.0,22.0,13.0,,,,
172,2021-09-10,Dartmouth,Central Mich.,Home,,2,1.0,2.0,3.0,4.0,3.0,,,,2.0,1.0,1.0,7.0,2.0,,,,1.0
172,2021-09-12,Dartmouth,Bryant,Home,,2,1.0,2.0,2.0,13.0,7.0,,,,,1.0,,4.0,3.0,,,,
172,2021-09-18,Dartmouth,Vermont,Home,,1,2.0,1.0,1.0,8.0,3.0,,,,1.0,2.0,2.0,10.0,6.0,,,,
172,2021-09-19,Dartmouth,Merrimack,Home,,5,0.0,5.0,4.0,16.0,8.0,,,,1.0,,,3.0,1.0,,,,
172,2021-09-24,Dartmouth,Northeastern,Away,,0,3.0,,,5.0,4.0,,,,1.0,3.0,2.0,23.0,14.0,,,,1.0
172,2021-09-26,Dartmouth,Cornell,Home,,1,3.0,1.0,1.0,2.0,1.0,,,,,3.0,4.0,10.0,5.0,,,,2.0
172,2021-10-02,Dartmouth,Brown,Away,,0,3.0,,,7.0,5.0,,,,,3.0,3.0,17.0,9.0,,,,
172,2021-10-09,Dartmouth,Princeton,Home,,0,6.0,,,4.0,2.0,,,,1.0,6.0,7.0,19.0,14.0,,,,
172,2021-10-16,Dartmouth,Harvard,Away,,0,4.0,,,1.0,,,,,1.0,4.0,5.0,25.0,15.0,,,,
172,2021-10-23,Dartmouth,Columbia,Home,,1,2.0,1.0,1.0,5.0,4.0,,,,1.0,2.0,1.0,15.0,10.0,,,,2.0
172,2021-10-24,Dartmouth,Maine,Home,,1,3.0,1.0,1.0,7.0,2.0,,,,1.0,3.0,1.0,21.0,14.0,,,,1.0
172,2021-10-30,Dartmouth,Yale,Away,,0,4.0,,,10.0,6.0,,,,,4.0,4.0,30.0,19.0,,,,
172,2021-10-31,Dartmouth,Providence,Away,,1,6.0,1.0,,7.0,5.0,,,,1.0,6.0,4.0,16.0,12.0,,,,
172,2021-11-06,Dartmouth,Penn,Away,,1,2.0,1.0,1.0,4.0,2.0,,,,,2.0,3.0,15.0,5.0,,,,1.0
173,2021-08-28,Davidson,Indiana,Home,,0,4.0,,,9.0,4.0,,,,,4.0,4.0,16.0,9.0,,,,3.0
173,2021-08-29,Davidson,Central Mich.,Away,,2,1.0,2.0,2.0,15.0,8.0,,,,,1.0,1.0,11.0,6.0,,,,1.0
173,2021-09-03,Davidson,Columbia,Away,,1,7.0,1.0,1.0,6.0,3.0,16.0,,,,7.0,6.0,15.0,9.0,16.0,,,2.0
173,2021-09-05,Davidson,Hofstra,Away,,3,5.0,3.0,3.0,17.0,12.0,34.0,,,3.0,5.0,3.0,17.0,12.0,38.0,,,2.0
173,2021-09-12,Davidson,Bellarmine,Home,,3,1.0,3.0,3.0,17.0,10.0,,,,1.0,1.0,,9.0,2.0,,,,1.0
173,2021-09-17,Davidson,Massachusetts,Home,,0,4.0,,,5.0,2.0,,,,1.0,4.0,2.0,20.0,13.0,,,,
173,2021-09-19,Davidson,App State,Away,,3,6.0,3.0,4.0,10.0,8.0,,,,1.0,6.0,3.0,23.0,17.0,,,,
173,2021-09-26,Davidson,James Madison,Away,,0,7.0,,,1.0,,30.0,,,,7.0,7.0,27.0,16.0,39.0,,,1.0
173,2021-10-01,Davidson,Richmond,Home,,0,4.0,,,3.0,3.0,,,,,4.0,2.0,15.0,11.0,,,,
173,2021-10-03,Davidson,Ohio,Home,,2,,2.0,3.0,18.0,14.0,,,,,3.0,3.0,16.0,12.0,,,,
173,2021-10-09,Davidson,VCU,Away,,0,5.0,,,1.0,1.0,37.0,,,,5.0,4.0,13.0,10.0,49.0,,,
173,2021-10-10,Davidson,Longwood,Away,,0,4.0,,,8.0,5.0,24.0,,,,4.0,2.0,21.0,13.0,24.0,,1.0,2.0
173,2021-10-15,Davidson,La Salle,Home,,2,4.0,2.0,1.0,8.0,3.0,,,,1.0,4.0,6.0,13.0,9.0,,,,
173,2021-10-17,Davidson,Wake Forest,Home,,0,5.0,,,,,,,,,5.0,3.0,25.0,18.0,,,,
173,2021-10-22,Davidson,Saint Joseph's,Away,,0,6.0,,,,,,,,2.0,6.0,5.0,24.0,14.0,,,,
173,2021-10-24,Davidson,Lock Haven,Away,,2,,2.0,1.0,8.0,3.0,,,1.0,,1.0,,16.0,12.0,,,1.0,1.0
173,2021-10-29,Davidson,Saint Louis,Home,,2,1.0,2.0,1.0,6.0,4.0,,,,,1.0,1.0,2.0,2.0,,,,3.0
173,2021-10-31,Davidson,Towson,Away,,3,,3.0,2.0,16.0,8.0,,,,1.0,3.0,3.0,21.0,13.0,,,,1.0
180,2021-08-27,Delaware,Old Dominion,Away,,4,0.0,4.0,5.0,13.0,8.0,,,,,,,11.0,4.0,,,,
180,2021-08-29,Delaware,Virginia,Away,,1,3.0,1.0,1.0,19.0,8.0,,,,,3.0,2.0,7.0,4.0,,,,1.0
180,2021-09-03,Delaware,American,Home,,2,0.0,2.0,2.0,10.0,5.0,,,,,,,12.0,7.0,,,1.0,1.0
180,2021-09-05,Delaware,Monmouth,Home,,2,3.0,2.0,4.0,11.0,8.0,,,,1.0,3.0,2.0,12.0,7.0,,,1.0,2.0
180,2021-09-10,Delaware,Harvard,Home,,0,2.0,,,11.0,6.0,,,,,2.0,3.0,9.0,5.0,,,,2.0
180,2021-09-12,Delaware,Penn St.,Away,,0,3.0,,,11.0,6.0,,,,,3.0,2.0,21.0,11.0,,,,
180,2021-09-17,Delaware,Princeton,Home,,2,3.0,2.0,3.0,3.0,2.0,,,1.0,2.0,3.0,2.0,13.0,9.0,,,,1.0
180,2021-09-19,Delaware,Rutgers,Home,,0,2.0,,,7.0,4.0,,,,,2.0,1.0,7.0,5.0,,,,2.0
180,2021-09-26,Delaware,Temple,Away,,3,1.0,3.0,3.0,13.0,10.0,36.0,,,1.0,1.0,,8.0,3.0,32.0,,,
180,2021-10-01,Delaware,Saint Joseph's,Away,,4,,4.0,2.0,13.0,8.0,,,,1.0,3.0,3.0,16.0,10.0,,,,
180,2021-10-03,Delaware,Towson,Home,,5,0.0,5.0,5.0,10.0,8.0,,,,,,,,,,,,1.0
180,2021-10-08,Delaware,Hofstra,Away,,3,2.0,3.0,3.0,6.0,4.0,35.0,,,,2.0,3.0,8.0,3.0,29.0,,,
180,2021-10-10,Delaware,Northeastern,Away,,3,2.0,3.0,4.0,13.0,9.0,,,,1.0,2.0,2.0,13.0,6.0,,,,1.0
180,2021-10-15,Delaware,James Madison,Home,,0,4.0,,,13.0,4.0,,,,1.0,4.0,3.0,12.0,9.0,,,1.0,3.0
180,2021-10-17,Delaware,William & Mary,Home,,3,1.0,3.0,4.0,20.0,13.0,,,,1.0,1.0,1.0,6.0,1.0,,,,1.0
180,2021-10-24,Delaware,Penn,Home,,1,0.0,1.0,2.0,11.0,4.0,,,,,,,3.0,1.0,,,,
180,2021-10-29,Delaware,Drexel,Away,,7,3.0,7.0,5.0,20.0,13.0,,,,,3.0,1.0,11.0,8.0,,,,3.0
180,2021-10-31,Delaware,UConn,Away,,1,2.0,1.0,,12.0,8.0,,,1.0,2.0,2.0,4.0,8.0,5.0,,,,
180,2021-11-05,Delaware,William & Mary,Home,,3,1.0,3.0,2.0,21.0,14.0,,,,1.0,1.0,1.0,3.0,3.0,,,,
180,2021-11-07,Delaware,James Madison,Home,,3,1.0,3.0,1.0,15.0,7.0,,,,1.0,1.0,,11.0,9.0,,,,
180,2021-11-10,Delaware,Fairfield,Home,,4,,4.0,1.0,13.0,7.0,,,,,3.0,3.0,16.0,10.0,,,,2.0
180,2021-11-12,Delaware,Rutgers,Home,,1,2.0,1.0,1.0,8.0,5.0,,,,1.0,2.0,2.0,7.0,4.0,,,,1.0
191,2021-08-27,Drexel,Longwood,Home,,0,1.0,,,8.0,4.0,,,,,1.0,1.0,17.0,7.0,,,,
191,2021-08-29,Drexel,Temple,Home,,2,3.0,2.0,2.0,13.0,8.0,,,,1.0,3.0,1.0,11.0,6.0,,,,
191,2021-09-03,Drexel,Saint Joseph's,Away,,2,7.0,2.0,2.0,6.0,3.0,,,,1.0,7.0,5.0,23.0,14.0,,,,
191,2021-09-05,Drexel,La Salle,Home,,3,,3.0,3.0,30.0,19.0,,,,1.0,2.0,,15.0,9.0,,,,
191,2021-09-10,Drexel,Penn,Away,,3,5.0,3.0,4.0,17.0,11.0,,,,1.0,5.0,6.0,13.0,8.0,,,,
191,2021-09-12,Drexel,North Carolina,Home,,1,7.0,1.0,1.0,3.0,2.0,,,5.0,1.0,7.0,5.0,33.0,25.0,,,,2.0
191,2021-09-17,Drexel,Saint Francis,Home,,1,2.0,1.0,1.0,18.0,9.0,,,1.0,,2.0,,12.0,7.0,,,,2.0
191,2021-09-19,Drexel,Rider,Home,,4,3.0,4.0,2.0,21.0,11.0,,,,1.0,3.0,,13.0,6.0,,,1.0,
191,2021-09-24,Drexel,Fairfield,Home,,5,1.0,5.0,6.0,11.0,10.0,,,,,1.0,1.0,25.0,12.0,,,,2.0
191,2021-09-26,Drexel,Yale,Away,,3,4.0,3.0,3.0,10.0,7.0,,,,1.0,4.0,4.0,16.0,10.0,,,,
191,2021-10-01,Drexel,Towson,Home,,4,1.0,4.0,3.0,17.0,13.0,,,1.0,,1.0,,7.0,4.0,,,,
191,2021-10-03,Drexel,Villanova,Home,,2,3.0,2.0,,16.0,12.0,,,,,3.0,1.0,18.0,10.0,,,,
191,2021-10-08,Drexel,Northeastern,Away,,1,2.0,1.0,1.0,8.0,7.0,,,1.0,,2.0,1.0,17.0,11.0,,,1.0,1.0
191,2021-10-10,Drexel,Hofstra,Away,,3,2.0,3.0,3.0,16.0,7.0,29.0,,,2.0,2.0,1.0,3.0,3.0,24.0,,1.0,
191,2021-10-15,Drexel,William & Mary,Home,,0,2.0,,,16.0,10.0,,,1.0,2.0,2.0,1.0,15.0,5.0,,,,1.0
191,2021-10-17,Drexel,Lafayette,Away,,0,7.0,,,6.0,3.0,,,,2.0,7.0,6.0,30.0,21.0,,,,2.0
191,2021-10-22,Drexel,James Madison,Away,,1,6.0,1.0,,1.0,1.0,30.0,,1.0,2.0,6.0,5.0,17.0,10.0,33.0,,,1.0
191,2021-10-24,Drexel,Virginia,Away,,1,4.0,1.0,2.0,5.0,4.0,,,,1.0,4.0,2.0,31.0,19.0,,,1.0,2.0
191,2021-10-29,Drexel,Delaware,Home,,3,7.0,3.0,1.0,11.0,8.0,,,,3.0,7.0,5.0,20.0,13.0,,,,
191,2021-10-31,Drexel,Bucknell,Home,,2,1.0,2.0,1.0,17.0,7.0,,,,3.0,1.0,,11.0,6.0,,,1.0,
193,2021-08-27,Duke,Rutgers,Home,,0,3.0,,,6.0,2.0,,,,3.0,3.0,2.0,11.0,8.0,,,,1.0
193,2021-08-29,Duke,Richmond,Home,,1,0.0,1.0,1.0,13.0,6.0,,,1.0,,,,7.0,4.0,,,2.0,2.0
193,2021-09-03,Duke,Northwestern,Home,,0,3.0,,,3.0,1.0,,,,2.0,3.0,2.0,16.0,11.0,,,,1.0
193,2021-09-05,Duke,Maryland,Home,,0,4.0,,,4.0,,1.0,,,1.0,4.0,4.0,17.0,11.0,,,,1.0
193,2021-09-11,Duke,Princeton,Away,,3,1.0,3.0,3.0,11.0,6.0,,,2.0,1.0,1.0,1.0,20.0,10.0,,,1.0,1.0
193,2021-09-17,Duke,Wake Forest,Home,,1,3.0,1.0,2.0,7.0,4.0,,,,1.0,3.0,1.0,12.0,8.0,,,,
193,2021-09-19,Duke,James Madison,Away,,3,1.0,3.0,3.0,13.0,8.0,47.0,,,,1.0,2.0,7.0,5.0,40.0,,,2.0
193,2021-09-24,Duke,Louisville,Home,,0,1.0,,,5.0,1.0,,,,1.0,1.0,2.0,9.0,8.0,,,,2.0
193,2021-09-26,Duke,William & Mary,Away,,3,1.0,3.0,2.0,11.0,9.0,,,2.0,2.0,1.0,1.0,8.0,5.0,,,,
193,2021-10-01,Duke,Virginia,Away,,2,,2.0,2.0,16.0,7.0,,,,2.0,3.0,3.0,17.0,9.0,,,,3.0
193,2021-10-03,Duke,Liberty,Away,,2,5.0,2.0,,12.0,7.0,,,,1.0,5.0,4.0,17.0,10.0,,,,
193,2021-10-08,Duke,North Carolina,Away,,1,4.0,1.0,2.0,16.0,7.0,,,,,4.0,3.0,19.0,12.0,,,1.0,2.0
193,2021-10-10,Duke,Old Dominion,Home,,5,1.0,5.0,6.0,13.0,7.0,,,,,1.0,,15.0,9.0,,,,1.0
193,2021-10-16,Duke,Syracuse,Home,,2,7.0,2.0,2.0,8.0,6.0,,,,,7.0,7.0,21.0,18.0,,,,2.0
193,2021-10-22,Duke,Boston College,Away,,1,3.0,1.0,2.0,13.0,5.0,,,,1.0,3.0,3.0,16.0,9.0,,,,
193,2021-10-24,Duke,Boston U.,Away,,3,0.0,3.0,2.0,19.0,15.0,,,,1.0,,,3.0,2.0,,,1.0,1.0
193,2021-11-04,Duke,Syracuse,Home,,1,5.0,1.0,,6.0,4.0,,,,,5.0,6.0,12.0,10.0,,,,1.0
220,2021-08-27,Fairfield,Saint Joseph's,Away,,0,4.0,,,3.0,2.0,,,,,4.0,4.0,17.0,11.0,,,,
220,2021-08-29,Fairfield,UAlbany,Away,,2,1.0,2.0,1.0,6.0,6.0,,,,,1.0,,18.0,12.0,,,,
220,2021-09-03,Fairfield,Monmouth,Home,,1,2.0,1.0,2.0,9.0,5.0,13.0,,,,2.0,2.0,18.0,15.0,21.0,,,1.0
220,2021-09-05,Fairfield,Yale,Away,,2,1.0,2.0,2.0,16.0,10.0,,,,,1.0,,7.0,4.0,,,,1.0
220,2021-09-09,Fairfield,Quinnipiac,Away,,3,0.0,3.0,2.0,5.0,4.0,41.0,,,3.0,,,6.0,,44.0,,1.0,1.0
220,2021-09-12,Fairfield,Temple,Home,,0,,,,11.0,3.0,5.0,,,1.0,1.0,,18.0,9.0,10.0,,,1.0
220,2021-09-17,Fairfield,Columbia,Home,,1,2.0,1.0,,10.0,3.0,17.0,,,,2.0,1.0,12.0,6.0,19.0,,,1.0
220,2021-09-24,Fairfield,Drexel,Away,,1,5.0,1.0,1.0,25.0,12.0,,,,2.0,5.0,6.0,11.0,10.0,,,,
220,2021-09-26,Fairfield,Villanova,Home,,2,0.0,2.0,3.0,16.0,7.0,24.0,,,2.0,,,7.0,3.0,24.0,,,2.0
220,2021-10-01,Fairfield,LIU,Home,,1,0.0,1.0,,7.0,6.0,24.0,,,2.0,,,5.0,3.0,29.0,,,
220,2021-10-03,Fairfield,Lafayette,Away,,1,2.0,1.0,,7.0,3.0,,,1.0,,2.0,3.0,15.0,8.0,,,2.0,2.0
220,2021-10-08,Fairfield,Rider,Home,,2,0.0,2.0,2.0,13.0,5.0,23.0,,,1.0,,,7.0,3.0,27.0,,,
220,2021-10-10,Fairfield,Sacred Heart,Home,,3,0.0,3.0,3.0,13.0,6.0,37.0,,,2.0,,,3.0,,43.0,,,
220,2021-10-15,Fairfield,Wagner,Away,,3,0.0,3.0,1.0,10.0,9.0,,,,,,,10.0,5.0,,,2.0,2.0
220,2021-10-17,Fairfield,Hofstra,Home,,1,,1.0,1.0,12.0,6.0,40.0,,,1.0,1.0,,11.0,6.0,27.0,,,1.0
220,2021-10-22,Fairfield,Saint Francis,Home,,5,1.0,5.0,5.0,26.0,12.0,21.0,,,,1.0,1.0,5.0,4.0,23.0,,1.0,3.0
220,2021-10-24,Fairfield,Merrimack,Away,,5,0.0,5.0,2.0,17.0,14.0,42.0,,,,,,3.0,2.0,34.0,,,2.0
220,2021-10-29,Fairfield,Bryant,Away,,2,1.0,2.0,1.0,17.0,14.0,,,,,1.0,2.0,3.0,2.0,,,,3.0
220,2021-10-31,Fairfield,Vermont,Away,,1,0.0,1.0,1.0,10.0,3.0,39.0,,,2.0,,,22.0,16.0,34.0,,,2.0
220,2021-11-05,Fairfield,Rider,Home,,2,1.0,2.0,2.0,7.0,5.0,27.0,,,1.0,1.0,,7.0,4.0,26.0,,,
220,2021-11-07,Fairfield,LIU,Home,,3,1.0,3.0,3.0,8.0,6.0,34.0,,,1.0,1.0,2.0,7.0,5.0,38.0,,1.0,1.0
220,2021-11-10,Fairfield,Delaware,Away,,3,,3.0,3.0,16.0,10.0,,,,2.0,4.0,1.0,13.0,7.0,,,,
251,2021-08-28,Georgetown,App State,Home,,3,2.0,3.0,5.0,11.0,7.0,,,,,2.0,1.0,22.0,14.0,,,1.0,
251,2021-09-03,Georgetown,Sacred Heart,Away,,1,,1.0,2.0,11.0,3.0,42.0,,,1.0,,,5.0,1.0,52.0,,,
251,2021-09-05,Georgetown,LIU,Away,,1,2.0,1.0,2.0,7.0,4.0,,,1.0,2.0,2.0,,12.0,5.0,,,,1.0
251,2021-09-10,Georgetown,Rider,Away,,0,2.0,,,3.0,2.0,55.0,,1.0,1.0,2.0,2.0,12.0,6.0,66.0,,,2.0
251,2021-09-12,Georgetown,Lehigh,Away,,1,2.0,1.0,1.0,12.0,8.0,,,,1.0,2.0,2.0,16.0,7.0,,,,
251,2021-09-17,Georgetown,Liberty,Home,,1,5.0,1.0,2.0,2.0,1.0,29.0,,,,5.0,5.0,25.0,21.0,24.0,,,2.0
251,2021-09-19,Georgetown,Lock Haven,Home,,1,,1.0,,23.0,11.0,51.0,,,,,,6.0,1.0,38.0,,1.0,1.0
251,2021-09-24,Georgetown,Providence,Away,,1,2.0,1.0,1.0,9.0,4.0,,,,2.0,2.0,1.0,15.0,10.0,,,,3.0
251,2021-09-26,Georgetown,Brown,Away,,2,,1.0,1.0,24.0,10.0,,,1.0,4.0,1.0,2.0,13.0,6.0,,,2.0,2.0
251,2021-10-01,Georgetown,Temple,Home,,1,0.0,1.0,1.0,2.0,1.0,38.0,,,,,,5.0,4.0,35.0,,,
251,2021-10-03,Georgetown,La Salle,Home,,3,1.0,3.0,2.0,18.0,9.0,58.0,,,2.0,1.0,1.0,8.0,6.0,52.0,,1.0,3.0
251,2021-10-08,Georgetown,Old Dominion,Away,,0,2.0,,,3.0,1.0,,,,2.0,2.0,2.0,22.0,8.0,,,1.0,
251,2021-10-10,Georgetown,VCU,Away,,1,0.0,1.0,,7.0,5.0,49.0,,,1.0,,,24.0,10.0,36.0,,,3.0
251,2021-10-15,Georgetown,Quinnipiac,Home,,2,,2.0,3.0,17.0,10.0,67.0,,,2.0,1.0,1.0,8.0,7.0,64.0,,1.0,3.0
251,2021-10-17,Georgetown,Saint Francis,Home,,3,,3.0,5.0,19.0,7.0,80.0,,2.0,3.0,3.0,4.0,21.0,11.0,78.0,,2.0,2.0
251,2021-10-22,Georgetown,UConn,Away,,0,2.0,,,8.0,,,,,2.0,2.0,2.0,18.0,9.0,,,,2.0
251,2021-10-29,Georgetown,Villanova,Home,,2,1.0,2.0,1.0,9.0,5.0,46.0,,,1.0,1.0,,9.0,6.0,49.0,,1.0,1.0
251,2021-10-31,Georgetown,Richmond,Home,,3,1.0,3.0,5.0,15.0,7.0,60.0,,,1.0,1.0,,11.0,7.0,54.0,,1.0,1.0
275,2021-09-03,Harvard,Maine,Away,,2,,2.0,3.0,11.0,7.0,44.0,,,,1.0,2.0,3.0,3.0,27.0,,,
275,2021-09-05,Harvard,Providence,Home,,3,0.0,3.0,2.0,29.0,19.0,22.0,,,1.0,,,4.0,4.0,11.0,,,1.0
275,2021-09-10,Harvard,Delaware,Away,,2,0.0,2.0,3.0,9.0,5.0,,,,2.0,,,11.0,6.0,,,,
275,2021-09-12,Harvard,Monmouth,Away,,1,,1.0,1.0,12.0,2.0,,,2.0,1.0,,,3.0,1.0,,,1.0,2.0
275,2021-09-17,Harvard,Northeastern,Home,,4,0.0,4.0,1.0,16.0,11.0,,,,1.0,,,7.0,4.0,,,,
275,2021-09-19,Harvard,UConn,Away,,0,,,,10.0,4.0,,,1.0,2.0,,,6.0,5.0,,,,1.0
275,2021-09-24,Harvard,Columbia,Away,,4,1.0,4.0,6.0,28.0,17.0,41.0,,,,1.0,1.0,6.0,2.0,36.0,,,1.0
275,2021-09-26,Harvard,Bucknell,Home,,4,1.0,4.0,2.0,15.0,10.0,,,,1.0,1.0,1.0,9.0,4.0,,,,1.0
275,2021-10-02,Harvard,Penn,Home,,3,1.0,3.0,5.0,12.0,9.0,,,,1.0,1.0,1.0,5.0,4.0,,,,1.0
275,2021-10-03,Harvard,New Hampshire,Home,,2,0.0,2.0,3.0,20.0,12.0,,,,1.0,,,1.0,1.0,,,,1.0
275,2021-10-09,Harvard,Yale,Away,,3,1.0,3.0,3.0,19.0,12.0,,,,,1.0,2.0,4.0,3.0,,,,
275,2021-10-16,Harvard,Dartmouth,Home,,4,0.0,4.0,5.0,25.0,15.0,,,,,,,1.0,,,,,1.0
275,2021-10-18,Harvard,Boston U.,Away,,1,0.0,1.0,,8.0,6.0,,,,,,,6.0,2.0,,,,
275,2021-10-23,Harvard,Princeton,Home,,2,,1.0,2.0,8.0,4.0,,,,4.0,1.0,1.0,11.0,5.0,,,,1.0
275,2021-10-30,Harvard,Cornell,Away,,3,1.0,3.0,4.0,18.0,7.0,,,,2.0,1.0,2.0,5.0,2.0,,,,2.0
275,2021-11-06,Harvard,Brown,Home,,4,0.0,4.0,4.0,18.0,16.0,,,1.0,,,,4.0,3.0,,,,1.0
275,2021-11-12,Harvard,Louisville,Home,,1,,1.0,1.0,10.0,2.0,,,2.0,1.0,,,7.0,2.0,,,,1.0
275,2021-11-14,Harvard,Michigan,Away,,1,,,,10.0,7.0,,,1.0,2.0,,,15.0,5.0,,,2.0,3.0
275,2021-11-19,Harvard,Northwestern,Home,,1,,1.0,2.0,3.0,2.0,,,1.0,,2.0,4.0,10.0,8.0,,,1.0,1.0
283,2021-08-27,Hofstra,Lafayette,Away,,0,2.0,,,2.0,1.0,18.0,,,,2.0,1.0,12.0,10.0,14.0,,,2.0
283,2021-08-29,Hofstra,Wagner,Home,,5,1.0,5.0,6.0,20.0,14.0,35.0,,,,1.0,1.0,8.0,4.0,30.0,,,
283,2021-09-03,Hofstra,Temple,Home,,0,2.0,,,9.0,4.0,34.0,,,1.0,2.0,2.0,5.0,4.0,41.0,,,
283,2021-09-05,Hofstra,Davidson,Home,,5,3.0,5.0,3.0,17.0,12.0,38.0,,,2.0,3.0,3.0,17.0,12.0,34.0,,,3.0
283,2021-09-10,Hofstra,Vermont,Away,,1,,1.0,,5.0,4.0,30.0,,,,2.0,2.0,10.0,8.0,33.0,,,1.0
283,2021-09-12,Hofstra,UMass Lowell,Away,,0,1.0,,,13.0,5.0,,,1.0,2.0,1.0,1.0,15.0,10.0,,,1.0,2.0
283,2021-09-15,Hofstra,LIU,Home,,3,1.0,3.0,2.0,10.0,7.0,31.0,,,,1.0,1.0,11.0,6.0,36.0,,,
283,2021-09-17,Hofstra,Sacred Heart,Away,,2,0.0,2.0,4.0,10.0,7.0,50.0,,1.0,1.0,,,13.0,4.0,52.0,,,1.0
283,2021-09-19,Hofstra,Quinnipiac,Home,,2,0.0,2.0,2.0,10.0,5.0,41.0,,1.0,1.0,,,12.0,6.0,31.0,,,1.0
283,2021-09-24,Hofstra,Rider,Home,,2,,2.0,2.0,11.0,6.0,44.0,,,,3.0,2.0,10.0,6.0,44.0,,,1.0
283,2021-10-01,Hofstra,William & Mary,Away,,2,,2.0,2.0,10.0,5.0,,,2.0,,2.0,2.0,18.0,8.0,,,1.0,3.0
283,2021-10-03,Hofstra,James Madison,Away,,1,5.0,1.0,1.0,2.0,2.0,25.0,,,,5.0,5.0,23.0,13.0,42.0,,,2.0
283,2021-10-08,Hofstra,Delaware,Home,,2,3.0,2.0,3.0,8.0,3.0,29.0,,,,3.0,3.0,6.0,4.0,35.0,,,
283,2021-10-10,Hofstra,Drexel,Home,,2,3.0,2.0,1.0,3.0,3.0,24.0,,1.0,,3.0,3.0,16.0,7.0,29.0,,,2.0
283,2021-10-15,Hofstra,Towson,Home,,2,0.0,2.0,2.0,7.0,5.0,29.0,,,1.0,,,7.0,5.0,22.0,,,
283,2021-10-17,Hofstra,Fairfield,Away,,2,,1.0,,11.0,6.0,27.0,,,1.0,1.0,1.0,12.0,6.0,40.0,,,1.0
283,2021-10-24,Hofstra,Yale,Away,,1,6.0,1.0,,13.0,9.0,,,,1.0,6.0,6.0,16.0,13.0,,,,
283,2021-10-29,Hofstra,Northeastern,Away,,0,5.0,,,8.0,5.0,,,,2.0,5.0,4.0,16.0,11.0,,,,1.0
285,2021-08-27,Holy Cross,Saint Francis,Away,,3,0.0,3.0,1.0,11.0,7.0,27.0,,,,,,2.0,2.0,36.0,,,2.0
285,2021-09-07,Holy Cross,Vermont,Away,,2,3.0,2.0,2.0,6.0,3.0,20.0,,,1.0,3.0,5.0,15.0,9.0,27.0,,,
285,2021-09-10,Holy Cross,Northeastern,Away,,0,4.0,,,7.0,1.0,,,,1.0,4.0,4.0,20.0,9.0,,,2.0,1.0
285,2021-09-12,Holy Cross,Sacred Heart,Home,,1,0.0,1.0,1.0,10.0,3.0,28.0,,,,,,12.0,2.0,21.0,,,1.0
285,2021-09-18,Holy Cross,Bucknell,Away,,2,7.0,2.0,2.0,6.0,5.0,,,1.0,2.0,7.0,8.0,28.0,17.0,,,,1.0
285,2021-09-21,Holy Cross,Bryant,Home,,2,0.0,2.0,2.0,22.0,12.0,21.0,,,,,,9.0,5.0,18.0,,,
285,2021-09-25,Holy Cross,Lafayette,Away,,1,4.0,1.0,1.0,5.0,3.0,,,,1.0,4.0,4.0,36.0,19.0,,,,
285,2021-09-28,Holy Cross,Merrimack,Home,,5,2.0,5.0,5.0,25.0,16.0,29.0,,,,2.0,1.0,13.0,5.0,24.0,,,1.0
285,2021-10-02,Holy Cross,Lehigh,Home,,0,5.0,,,4.0,,20.0,,,2.0,5.0,4.0,23.0,13.0,24.0,,,
285,2021-10-05,Holy Cross,Brown,Home,,0,4.0,,,9.0,2.0,15.0,,1.0,2.0,4.0,3.0,17.0,11.0,20.0,,,1.0
285,2021-10-08,Holy Cross,Colgate,Home,,3,,3.0,3.0,15.0,7.0,24.0,,,1.0,2.0,2.0,16.0,10.0,32.0,,,
285,2021-10-11,Holy Cross,UMass Lowell,Away,,0,3.0,,,7.0,5.0,,,,1.0,3.0,3.0,22.0,12.0,,,,
285,2021-10-16,Holy Cross,American,Away,,0,6.0,,,7.0,4.0,,,,,6.0,7.0,12.0,9.0,,,,
285,2021-10-23,Holy Cross,Villanova,Home,,3,2.0,3.0,2.0,12.0,5.0,8.0,,,,2.0,1.0,20.0,10.0,10.0,,,
285,2021-10-24,Holy Cross,La Salle,Home,,0,1.0,,,10.0,2.0,16.0,,2.0,1.0,1.0,,11.0,6.0,21.0,,,2.0
285,2021-10-29,Holy Cross,Boston U.,Home,,1,6.0,1.0,1.0,6.0,4.0,6.0,,,1.0,6.0,3.0,26.0,18.0,13.0,,,
306,2021-08-27,Indiana,Central Mich.,Away,,3,2.0,3.0,1.0,18.0,13.0,,,,2.0,2.0,2.0,8.0,2.0,,,,
306,2021-08-28,Indiana,Davidson,Home,,4,0.0,4.0,4.0,16.0,9.0,,,,3.0,,,9.0,4.0,,,,
306,2021-09-03,Indiana,Miami (OH),Away,,1,0.0,1.0,1.0,11.0,8.0,,,1.0,3.0,,,11.0,4.0,,,,
306,2021-09-05,Indiana,Lafayette,Home,,0,4.0,,,7.0,2.0,,,,1.0,4.0,5.0,17.0,8.0,,,,1.0
306,2021-09-06,Indiana,Bellarmine,Home,,3,0.0,3.0,2.0,16.0,9.0,,,,1.0,,,2.0,1.0,,,,1.0
306,2021-09-10,Indiana,Louisville,Away,,0,1.0,,,6.0,2.0,,,,1.0,1.0,2.0,6.0,2.0,,,,1.0
306,2021-09-17,Indiana,Iowa,Home,,0,3.0,,,4.0,3.0,,,,2.0,3.0,3.0,14.0,9.0,,,,
306,2021-09-19,Indiana,Richmond,Home,,1,0.0,1.0,2.0,22.0,8.0,,,1.0,1.0,,,5.0,2.0,,,,
306,2021-09-24,Indiana,Maryland,Home,,2,8.0,2.0,,17.0,6.0,,,1.0,1.0,8.0,5.0,13.0,11.0,,,1.0,2.0
306,2021-09-26,Indiana,Ball St.,Away,,1,0.0,1.0,1.0,18.0,8.0,,,,3.0,,,1.0,1.0,,,,1.0
306,2021-10-01,Indiana,Penn St.,Away,,1,4.0,1.0,2.0,3.0,2.0,,,,2.0,4.0,2.0,22.0,12.0,,,2.0,2.0
306,2021-10-03,Indiana,Rutgers,Away,,0,,,,3.0,1.0,,,1.0,,1.0,1.0,16.0,8.0,,,,1.0
306,2021-10-08,Indiana,Ohio St.,Away,,3,1.0,3.0,2.0,11.0,3.0,,,,1.0,1.0,,10.0,4.0,,,,
306,2021-10-10,Indiana,Kent St.,Away,,1,,1.0,1.0,8.0,6.0,,,1.0,1.0,2.0,3.0,11.0,6.0,,,,1.0
306,2021-10-15,Indiana,Michigan St.,Home,,5,0.0,5.0,2.0,30.0,18.0,,,,,,,6.0,3.0,,,,
306,2021-10-17,Indiana,Michigan,Home,,3,5.0,3.0,5.0,6.0,4.0,,,,1.0,5.0,6.0,13.0,10.0,,,,1.0
306,2021-10-22,Indiana,Saint Louis,Home,,7,1.0,7.0,7.0,25.0,18.0,,,,,1.0,1.0,2.0,1.0,,,,
306,2021-10-24,Indiana,Ohio,Away,,3,0.0,3.0,3.0,20.0,14.0,,,,1.0,,,9.0,3.0,,,,2.0
306,2021-10-31,Indiana,Northwestern,Away,,0,6.0,,,5.0,3.0,,,,,6.0,4.0,19.0,10.0,,,,
306,2021-11-04,Indiana,Rutgers,Away,,1,3.0,1.0,1.0,6.0,4.0,,,1.0,,3.0,2.0,12.0,9.0,,,,2.0
312,2021-08-27,Iowa,Wake Forest,Home,,5,3.0,5.0,5.0,13.0,8.0,,,,,3.0,6.0,8.0,6.0,,,,2.0
312,2021-08-29,Iowa,North Carolina,Home,,3,1.0,3.0,2.0,11.0,6.0,,,1.0,1.0,1.0,1.0,15.0,10.0,,,,1.0
312,2021-09-04,Iowa,New Hampshire,Home,,3,0.0,3.0,2.0,18.0,14.0,,,,1.0,,,2.0,2.0,,,,1.0
312,2021-09-05,Iowa,Boston U.,Away,,4,0.0,4.0,4.0,19.0,14.0,,,,1.0,,,3.0,1.0,,,,2.0
312,2021-09-10,Iowa,Ohio,Home,,8,0.0,8.0,5.0,33.0,24.0,,,,,,,2.0,,,,,
312,2021-09-12,Iowa,Saint Louis,Home,,10,0.0,10.0,6.0,40.0,26.0,,,,,,,,,,,,
312,2021-09-17,Iowa,Indiana,Away,,3,0.0,3.0,3.0,14.0,9.0,,,,,,,4.0,3.0,,,,2.0
312,2021-09-19,Iowa,Louisville,Away,,2,0.0,2.0,1.0,8.0,4.0,,,1.0,3.0,,,5.0,2.0,,,1.0,3.0
312,2021-09-24,Iowa,Penn St.,Home,,1,0.0,1.0,1.0,12.0,3.0,,,,3.0,,,6.0,1.0,,,2.0,
312,2021-09-26,Iowa,Penn St.,Home,,4,0.0,4.0,3.0,14.0,9.0,,,,,,,6.0,3.0,,,,
312,2021-10-01,Iowa,Rutgers,Away,,2,1.0,2.0,2.0,5.0,4.0,19.0,,1.0,2.0,1.0,1.0,9.0,4.0,20.0,,1.0,1.0
312,2021-10-03,Iowa,Maryland,Away,,2,1.0,2.0,2.0,13.0,7.0,,,,,1.0,2.0,10.0,4.0,,,,1.0
312,2021-10-08,Iowa,Michigan St.,Away,,5,0.0,5.0,3.0,29.0,16.0,,,,1.0,,,1.0,,,,,2.0
312,2021-10-10,Iowa,Central Mich.,Away,,4,0.0,4.0,2.0,19.0,9.0,,,,,,,,,,,,1.0
312,2021-10-15,Iowa,Michigan,Home,,2,,1.0,2.0,13.0,6.0,,,1.0,1.0,1.0,1.0,10.0,6.0,,,2.0,2.0
312,2021-10-17,Iowa,Ohio St.,Home,,3,0.0,3.0,5.0,18.0,10.0,,,1.0,4.0,,,2.0,2.0,,,1.0,1.0
312,2021-10-29,Iowa,Northwestern,Home,,1,2.0,1.0,1.0,10.0,7.0,,,,3.0,2.0,2.0,7.0,5.0,,,,2.0
312,2021-11-05,Iowa,Michigan,Home,,2,3.0,2.0,1.0,6.0,4.0,,,,2.0,3.0,2.0,4.0,4.0,,,,1.0
312,2021-11-12,Iowa,American,Home,,3,2.0,3.0,4.0,12.0,8.0,,,,1.0,2.0,1.0,3.0,3.0,,,1.0,1.0
312,2021-11-14,Iowa,Northwestern,Home,,0,1.0,,,5.0,2.0,,,,1.0,1.0,,13.0,6.0,,,,1.0
317,2021-08-27,James Madison,Bucknell,Away,,3,0.0,3.0,3.0,14.0,9.0,,,,2.0,,,7.0,1.0,,,,1.0
317,2021-08-29,James Madison,Saint Francis,Home,,3,0.0,3.0,3.0,25.0,18.0,30.0,,,,,,3.0,1.0,44.0,,,1.0
317,2021-09-03,James Madison,Old Dominion,Home,,2,3.0,2.0,2.0,8.0,7.0,52.0,,,,3.0,2.0,11.0,9.0,32.0,,,
317,2021-09-05,James Madison,Richmond,Away,,3,0.0,3.0,3.0,16.0,8.0,,,,,,,11.0,7.0,,,,
317,2021-09-10,James Madison,App State,Away,,0,2.0,,,17.0,8.0,,,,1.0,2.0,3.0,5.0,3.0,,,,
317,2021-09-12,James Madison,Wake Forest,Away,,2,6.0,2.0,1.0,7.0,5.0,,,1.0,1.0,6.0,3.0,19.0,11.0,,,,1.0
317,2021-09-19,James Madison,Duke,Home,,1,3.0,1.0,2.0,7.0,5.0,40.0,,,2.0,3.0,3.0,13.0,8.0,47.0,,,
317,2021-09-26,James Madison,Davidson,Home,,7,0.0,7.0,7.0,27.0,16.0,39.0,,,1.0,,,1.0,,30.0,,,
317,2021-10-01,James Madison,Northeastern,Home,,3,2.0,3.0,3.0,11.0,6.0,45.0,,1.0,1.0,2.0,2.0,5.0,3.0,44.0,,,1.0
317,2021-10-03,James Madison,Hofstra,Home,,5,1.0,5.0,5.0,23.0,13.0,42.0,,,2.0,1.0,1.0,2.0,2.0,25.0,,,
317,2021-10-08,James Madison,Towson,Away,,4,1.0,4.0,5.0,22.0,18.0,,,,2.0,1.0,1.0,6.0,4.0,,,,
317,2021-10-10,James Madison,Maryland,Away,,0,3.0,,,3.0,1.0,,,,,3.0,2.0,24.0,17.0,,,,
317,2021-10-15,James Madison,Delaware,Away,,4,0.0,4.0,3.0,12.0,9.0,,,1.0,3.0,,,13.0,4.0,,,,1.0
317,2021-10-17,James Madison,Temple,Away,,2,0.0,2.0,2.0,11.0,5.0,41.0,,,3.0,,,9.0,5.0,27.0,,,3.0
317,2021-10-22,James Madison,Drexel,Home,,6,1.0,6.0,5.0,17.0,10.0,33.0,,,1.0,1.0,,1.0,1.0,30.0,,1.0,2.0
317,2021-10-24,James Madison,Louisville,Home,,0,,,,10.0,5.0,41.0,,,1.0,1.0,1.0,6.0,4.0,27.0,,,
317,2021-10-29,James Madison,William & Mary,Away,,3,2.0,3.0,1.0,16.0,13.0,,,,2.0,2.0,1.0,7.0,6.0,,,,1.0
317,2021-11-05,James Madison,Northeastern,Home,,2,,2.0,3.0,25.0,16.0,,,1.0,1.0,1.0,1.0,19.0,12.0,,,1.0,3.0
317,2021-11-07,James Madison,Delaware,Away,,1,3.0,1.0,,11.0,9.0,,,,,3.0,1.0,15.0,7.0,,,,1.0
331,2021-08-27,Kent St.,Michigan St.,Home,,1,3.0,1.0,,14.0,2.0,,,1.0,,3.0,3.0,17.0,11.0,,,,
331,2021-08-29,Kent St.,Saint Louis,Home,,3,0.0,3.0,,15.0,8.0,,,,,,,10.0,5.0,,,2.0,
331,2021-08-31,Kent St.,Ohio St.,Home,,3,1.0,3.0,3.0,12.0,9.0,,,1.0,,1.0,,10.0,6.0,,,,
331,2021-09-04,Kent St.,Syracuse,Away,,2,,2.0,1.0,5.0,4.0,,,,1.0,1.0,1.0,16.0,8.0,,,,1.0
331,2021-09-10,Kent St.,Northwestern,Away,,1,6.0,1.0,1.0,4.0,3.0,14.0,,,1.0,6.0,7.0,14.0,12.0,19.0,,,2.0
331,2021-09-11,Kent St.,Maine,Home,,4,,4.0,5.0,30.0,13.0,,,1.0,1.0,3.0,2.0,23.0,14.0,,,,1.0
331,2021-09-17,Kent St.,Ohio,Home,,3,,3.0,2.0,19.0,11.0,,,,1.0,2.0,,12.0,9.0,,,,
331,2021-09-24,Kent St.,Central Mich.,Away,,0,1.0,,,26.0,9.0,,,,,1.0,1.0,11.0,7.0,,,,1.0
331,2021-09-26,Kent St.,Michigan,Away,,1,2.0,1.0,1.0,7.0,4.0,,,,1.0,2.0,2.0,16.0,7.0,,,,
331,2021-10-02,Kent St.,Bellarmine,Away,,5,0.0,5.0,6.0,24.0,14.0,,,1.0,2.0,,,9.0,5.0,,,1.0,1.0
331,2021-10-08,Kent St.,Longwood,Home,,3,2.0,3.0,3.0,18.0,11.0,,,,,2.0,1.0,9.0,6.0,,,,
331,2021-10-10,Kent St.,Indiana,Home,,2,,2.0,3.0,11.0,6.0,,,,1.0,1.0,1.0,8.0,6.0,,,1.0,1.0
331,2021-10-15,Kent St.,Miami (OH),Home,,1,0.0,1.0,2.0,4.0,3.0,,,,1.0,,,16.0,8.0,,,,3.0
331,2021-10-17,Kent St.,Bucknell,Away,,2,1.0,2.0,2.0,4.0,3.0,,,,1.0,1.0,,10.0,6.0,,,1.0,
331,2021-10-22,Kent St.,App State,Away,,2,,2.0,2.0,14.0,4.0,,,,1.0,1.0,2.0,15.0,7.0,,,,
331,2021-10-24,Kent St.,Liberty,Away,,1,2.0,1.0,1.0,7.0,4.0,,,,,2.0,1.0,30.0,21.0,,,,1.0
331,2021-10-30,Kent St.,Ball St.,Away,,2,1.0,2.0,2.0,33.0,26.0,,,,,1.0,,4.0,2.0,,,,2.0
331,2021-11-05,Kent St.,Longwood,Home,,0,1.0,,,5.0,1.0,,,,,1.0,1.0,15.0,10.0,,,,2.0
361,2021-08-29,LIU,Bucknell,Away,,1,,1.0,2.0,4.0,3.0,,,2.0,4.0,2.0,4.0,17.0,10.0,,,1.0,1.0
361,2021-09-05,LIU,Georgetown,Home,,2,1.0,2.0,,12.0,5.0,,,,1.0,1.0,2.0,7.0,4.0,,,1.0,2.0
361,2021-09-10,LIU,Columbia,Away,,1,3.0,1.0,1.0,12.0,3.0,29.0,,,1.0,3.0,3.0,10.0,4.0,36.0,,2.0,1.0
361,2021-09-12,LIU,Providence,Away,,2,5.0,2.0,1.0,9.0,9.0,,,,,5.0,5.0,13.0,9.0,,,,
361,2021-09-15,LIU,Hofstra,Away,,1,3.0,1.0,1.0,11.0,6.0,36.0,,,,3.0,2.0,10.0,7.0,31.0,,,
361,2021-09-19,LIU,Lehigh,Home,,1,,1.0,,10.0,7.0,,,1.0,1.0,,,9.0,9.0,,,,1.0
361,2021-09-24,LIU,American,Home,,0,3.0,,,2.0,2.0,,,,,3.0,3.0,13.0,7.0,,,,1.0
361,2021-09-26,LIU,Towson,Away,,0,1.0,,,6.0,2.0,,,1.0,3.0,1.0,2.0,9.0,6.0,,,1.0,3.0
361,2021-10-01,LIU,Fairfield,Away,,0,1.0,,,5.0,3.0,29.0,,,,1.0,,7.0,6.0,24.0,,,2.0
361,2021-10-08,LIU,Wagner,Home,,2,1.0,2.0,1.0,3.0,2.0,20.0,,,1.0,1.0,1.0,13.0,9.0,24.0,,,3.0
361,2021-10-10,LIU,Rider,Away,,2,1.0,2.0,3.0,4.0,3.0,39.0,,1.0,3.0,1.0,1.0,10.0,4.0,52.0,,,2.0
361,2021-10-15,LIU,Merrimack,Home,,9,1.0,9.0,9.0,34.0,26.0,26.0,,,,1.0,1.0,9.0,6.0,24.0,,,
361,2021-10-17,LIU,UMass Lowell,Away,,1,,1.0,,5.0,4.0,,,,1.0,2.0,2.0,12.0,8.0,,,,1.0
361,2021-10-22,LIU,Sacred Heart,Home,,3,0.0,3.0,4.0,10.0,6.0,49.0,,,4.0,,,5.0,5.0,44.0,,1.0,2.0
361,2021-10-24,LIU,Bryant,Away,,0,1.0,,,10.0,6.0,,,,2.0,1.0,1.0,7.0,4.0,,,,
361,2021-10-29,LIU,Saint Francis,Away,,0,1.0,,,4.0,4.0,38.0,,,2.0,1.0,1.0,7.0,5.0,33.0,,,
361,2021-11-05,LIU,Wagner,Home,,2,0.0,2.0,2.0,8.0,2.0,32.0,,,1.0,,,6.0,1.0,29.0,,,1.0
361,2021-11-07,LIU,Fairfield,Home,,1,3.0,1.0,2.0,7.0,5.0,38.0,,1.0,1.0,3.0,3.0,8.0,6.0,34.0,,,1.0
340,2021-08-27,La Salle,Rider,Away,,2,,2.0,2.0,8.0,7.0,55.0,,,1.0,3.0,2.0,26.0,18.0,66.0,,,
340,2021-08-29,La Salle,Merrimack,Home,,3,0.0,3.0,3.0,14.0,8.0,18.0,,,2.0,,,2.0,1.0,23.0,,,3.0
340,2021-09-03,La Salle,Bryant,Home,,4,2.0,4.0,4.0,22.0,13.0,29.0,,,4.0,2.0,1.0,14.0,7.0,37.0,,,
340,2021-09-05,La Salle,Drexel,Away,,2,,2.0,,15.0,9.0,,,,,3.0,3.0,30.0,19.0,,,,1.0
340,2021-09-10,La Salle,Lehigh,Home,,4,3.0,4.0,2.0,16.0,12.0,31.0,,,,3.0,2.0,15.0,9.0,19.0,,,
340,2021-09-12,La Salle,Wagner,Home,,1,0.0,1.0,1.0,12.0,11.0,32.0,,,,,,11.0,5.0,45.0,,,1.0
340,2021-09-17,La Salle,Towson,Home,,0,1.0,,,15.0,7.0,28.0,,,1.0,1.0,1.0,4.0,2.0,36.0,,,2.0
340,2021-09-19,La Salle,Villanova,Away,,3,6.0,3.0,1.0,9.0,7.0,23.0,,,,6.0,5.0,16.0,10.0,36.0,,,
340,2021-09-24,La Salle,Richmond,Away,,1,3.0,1.0,1.0,7.0,3.0,,,,1.0,3.0,4.0,24.0,13.0,,,,3.0
340,2021-09-26,La Salle,VCU,Away,,0,2.0,,,1.0,1.0,43.0,,,1.0,2.0,1.0,14.0,9.0,42.0,,1.0,1.0
340,2021-10-01,La Salle,Saint Louis,Home,,5,2.0,5.0,4.0,15.0,12.0,41.0,,,,2.0,3.0,5.0,5.0,40.0,,1.0,3.0
340,2021-10-03,La Salle,Georgetown,Away,,1,3.0,1.0,1.0,8.0,6.0,52.0,,1.0,3.0,3.0,2.0,18.0,9.0,58.0,,,2.0
340,2021-10-15,La Salle,Davidson,Away,,4,2.0,4.0,6.0,13.0,9.0,,,,,2.0,1.0,8.0,3.0,,,,1.0
340,2021-10-17,La Salle,App State,Away,,1,3.0,1.0,,10.0,7.0,,,,2.0,3.0,2.0,11.0,5.0,,,,
340,2021-10-22,La Salle,Massachusetts,Away,,1,7.0,1.0,1.0,6.0,5.0,,,1.0,1.0,7.0,7.0,22.0,17.0,,,,1.0
340,2021-10-24,La Salle,Holy Cross,Away,,1,0.0,1.0,,11.0,6.0,21.0,,,2.0,,,10.0,2.0,16.0,,2.0,1.0
340,2021-10-28,La Salle,Saint Joseph's,Home,,0,3.0,,,2.0,1.0,19.0,,,1.0,3.0,2.0,19.0,10.0,32.0,,,1.0
342,2021-08-27,Lafayette,Hofstra,Home,,2,0.0,2.0,1.0,12.0,10.0,14.0,,,2.0,,,2.0,1.0,18.0,,,
342,2021-08-29,Lafayette,Villanova,Home,,4,1.0,4.0,2.0,15.0,9.0,33.0,,,2.0,1.0,,8.0,6.0,23.0,,,
342,2021-09-03,Lafayette,Ohio St.,Away,,3,,3.0,2.0,11.0,7.0,,,1.0,1.0,4.0,3.0,23.0,10.0,,,,1.0
342,2021-09-05,Lafayette,Indiana,Home,,4,0.0,4.0,5.0,17.0,8.0,,,,1.0,,,7.0,2.0,,,,1.0
342,2021-09-10,Lafayette,Yale,Home,,2,,2.0,1.0,16.0,6.0,,,,2.0,1.0,,3.0,2.0,,,,1.0
342,2021-09-12,Lafayette,Quinnipiac,Away,,2,0.0,2.0,1.0,17.0,7.0,44.0,,,1.0,,,3.0,,29.0,,,1.0
342,2021-09-18,Lafayette,American,Away,,0,,,,16.0,10.0,,,,2.0,1.0,1.0,8.0,3.0,,,,
342,2021-09-25,Lafayette,Holy Cross,Home,,4,1.0,4.0,4.0,36.0,19.0,,,,,1.0,1.0,5.0,3.0,,,,1.0
342,2021-10-02,Lafayette,Colgate,Home,,5,1.0,5.0,5.0,25.0,14.0,,,,1.0,1.0,2.0,5.0,2.0,,,,
342,2021-10-03,Lafayette,Fairfield,Home,,2,1.0,2.0,3.0,15.0,8.0,,,2.0,2.0,1.0,,7.0,3.0,,,1.0,
342,2021-10-09,Lafayette,Boston U.,Away,,3,1.0,3.0,3.0,9.0,7.0,,,,3.0,1.0,,12.0,7.0,,,,1.0
342,2021-10-10,Lafayette,Brown,Away,,2,,2.0,1.0,9.0,5.0,34.0,,1.0,2.0,1.0,1.0,13.0,5.0,21.0,,,1.0
342,2021-10-15,Lafayette,Penn St.,Home,,1,3.0,1.0,2.0,6.0,5.0,,,,2.0,3.0,2.0,23.0,16.0,,,,
342,2021-10-17,Lafayette,Drexel,Home,,7,0.0,7.0,6.0,30.0,21.0,,,,2.0,,,6.0,3.0,,,,2.0
342,2021-10-22,Lafayette,Lehigh,Away,,2,,2.0,2.0,11.0,5.0,,,1.0,3.0,3.0,2.0,19.0,10.0,,,,
342,2021-10-24,Lafayette,Temple,Away,,1,0.0,1.0,,14.0,11.0,23.0,,1.0,3.0,,,9.0,4.0,31.0,,,1.0
342,2021-10-30,Lafayette,Bucknell,Home,,3,,3.0,2.0,21.0,13.0,,,,,2.0,3.0,13.0,10.0,,,,
342,2021-10-31,Lafayette,Rutgers,Away,,1,2.0,1.0,,5.0,3.0,,,,,2.0,1.0,12.0,6.0,,,,
342,2021-11-04,Lafayette,Bucknell,Home,,4,,4.0,1.0,11.0,6.0,6.0,,,3.0,3.0,4.0,10.0,5.0,5.0,,,1.0
342,2021-11-06,Lafayette,American,Away,,1,2.0,1.0,1.0,7.0,3.0,,,,1.0,2.0,2.0,11.0,4.0,,,,1.0
352,2021-08-27,Lehigh,Villanova,Away,,3,4.0,3.0,3.0,13.0,5.0,19.0,,1.0,1.0,4.0,4.0,12.0,7.0,33.0,,1.0,1.0
352,2021-08-29,Lehigh,Longwood,Home,,3,2.0,3.0,2.0,9.0,6.0,,,,,2.0,1.0,15.0,9.0,,,,4.0
352,2021-09-05,Lehigh,Bryant,Home,,3,1.0,3.0,2.0,32.0,19.0,,,,,1.0,1.0,5.0,3.0,,,,
352,2021-09-10,Lehigh,La Salle,Away,,3,4.0,3.0,2.0,15.0,9.0,19.0,,,,4.0,2.0,16.0,12.0,31.0,,,
352,2021-09-12,Lehigh,Georgetown,Home,,2,1.0,2.0,2.0,16.0,7.0,,,,,1.0,1.0,12.0,8.0,,,,1.0
352,2021-09-17,Lehigh,Boston U.,Home,,2,1.0,2.0,2.0,11.0,8.0,,,,,1.0,2.0,9.0,5.0,,,,
352,2021-09-19,Lehigh,LIU,Away,,0,,,,9.0,9.0,,,,1.0,1.0,,10.0,7.0,,,1.0,1.0
352,2021-09-25,Lehigh,Colgate,Away,,7,2.0,7.0,3.0,16.0,14.0,1.0,,,,2.0,2.0,14.0,9.0,5.0,,2.0,1.0
352,2021-09-26,Lehigh,Sacred Heart,Home,,4,0.0,4.0,4.0,16.0,9.0,,,,1.0,,,2.0,1.0,,,,1.0
352,2021-10-02,Lehigh,Holy Cross,Away,,5,0.0,5.0,4.0,23.0,13.0,24.0,,,,,,4.0,,20.0,,,2.0
352,2021-10-03,Lehigh,Merrimack,Away,,4,1.0,4.0,4.0,21.0,11.0,28.0,,,,1.0,1.0,9.0,5.0,52.0,,5.0,
352,2021-10-09,Lehigh,American,Home,,0,2.0,,,5.0,3.0,,,,1.0,2.0,2.0,14.0,10.0,,,,1.0
352,2021-10-10,Lehigh,Temple,Home,,2,1.0,2.0,2.0,6.0,5.0,,,,,1.0,2.0,8.0,5.0,,,,
352,2021-10-16,Lehigh,Bucknell,Away,,1,6.0,1.0,1.0,12.0,6.0,,,,1.0,6.0,9.0,13.0,11.0,,,,1.0
352,2021-10-17,Lehigh,Rider,Home,,3,0.0,3.0,2.0,13.0,9.0,,,,,,,7.0,2.0,,,,1.0
352,2021-10-22,Lehigh,Lafayette,Home,,3,,3.0,2.0,19.0,10.0,,,,,2.0,2.0,11.0,5.0,,,1.0,3.0
352,2021-10-31,Lehigh,Wagner,Away,,3,,3.0,3.0,15.0,12.0,,,,,4.0,3.0,9.0,7.0,,,,2.0
352,2021-11-04,Lehigh,American,Away,,0,1.0,,,7.0,5.0,,,,2.0,1.0,,7.0,5.0,,,,1.0
355,2021-08-27,Liberty,UC Davis,Away,,7,1.0,7.0,7.0,23.0,13.0,,,,,1.0,,10.0,5.0,,,,
355,2021-08-29,Liberty,California,Away,,3,0.0,3.0,3.0,8.0,3.0,14.0,,,,,,6.0,2.0,22.0,,1.0,1.0
355,2021-08-30,Liberty,Stanford,Away,,5,1.0,5.0,3.0,16.0,12.0,,,,,1.0,1.0,6.0,3.0,,,,1.0
355,2021-09-07,Liberty,Northwestern,Home,,3,4.0,3.0,2.0,10.0,6.0,,,,1.0,4.0,2.0,22.0,14.0,,,1.0,1.0
355,2021-09-12,Liberty,Louisville,Away,,1,3.0,1.0,,12.0,8.0,,,,1.0,3.0,1.0,11.0,10.0,,,,
355,2021-09-17,Liberty,Georgetown,Away,,5,1.0,5.0,5.0,25.0,21.0,24.0,,,2.0,1.0,2.0,2.0,1.0,29.0,,,
355,2021-09-19,Liberty,William & Mary,Home,,2,0.0,2.0,2.0,23.0,14.0,,,,2.0,,,9.0,4.0,,,1.0,
355,2021-09-24,Liberty,UConn,Home,,3,1.0,3.0,3.0,23.0,15.0,,,,1.0,1.0,,10.0,4.0,,,2.0,
355,2021-10-01,Liberty,Quinnipiac,Away,,5,0.0,5.0,6.0,25.0,14.0,33.0,,,1.0,,,4.0,1.0,38.0,,,1.0
355,2021-10-03,Liberty,Duke,Home,,5,2.0,5.0,4.0,17.0,10.0,,,,,2.0,,12.0,7.0,,,,1.0
355,2021-10-08,Liberty,Villanova,Home,,7,0.0,7.0,7.0,31.0,20.0,,,,,,,3.0,3.0,,,,1.0
355,2021-10-10,Liberty,North Carolina,Away,,4,0.0,4.0,4.0,10.0,6.0,,,1.0,1.0,,,19.0,8.0,,,,1.0
355,2021-10-15,Liberty,Temple,Away,,6,1.0,6.0,4.0,15.0,9.0,33.0,,1.0,1.0,1.0,,3.0,2.0,31.0,,,
355,2021-10-17,Liberty,Longwood,Away,,3,1.0,3.0,3.0,12.0,7.0,27.0,,,,1.0,1.0,6.0,4.0,36.0,,,1.0
355,2021-10-22,Liberty,Providence,Home,,5,2.0,5.0,3.0,39.0,27.0,,,,,2.0,2.0,2.0,2.0,,,,
355,2021-10-24,Liberty,Kent St.,Home,,2,1.0,2.0,1.0,30.0,21.0,,,,1.0,1.0,1.0,7.0,4.0,,,,
355,2021-10-29,Liberty,Old Dominion,Home,,2,1.0,2.0,1.0,14.0,10.0,,,,,1.0,,5.0,2.0,,,1.0,2.0
355,2021-11-05,Liberty,Temple,Home,,4,2.0,4.0,5.0,14.0,7.0,,,1.0,,2.0,2.0,5.0,4.0,,,,
355,2021-11-07,Liberty,UConn,Home,,1,0.0,1.0,,8.0,7.0,,,,1.0,,,3.0,1.0,,,1.0,3.0
355,2021-11-12,Liberty,Saint Joseph's,Home,,2,0.0,2.0,1.0,16.0,5.0,,,,1.0,,,8.0,1.0,,,,
355,2021-11-14,Liberty,Rutgers,Home,,3,,2.0,3.0,9.0,5.0,,,,1.0,2.0,,8.0,3.0,,,1.0,2.0
355,2021-11-19,Liberty,Maryland,Home,,3,,3.0,2.0,16.0,11.0,,,,2.0,2.0,,31.0,11.0,,,,2.0
355,2021-11-21,Liberty,Northwestern,Home,,0,2.0,,,10.0,3.0,,,,1.0,2.0,1.0,15.0,9.0,,,,
360,2021-09-03,Lock Haven,Ball St.,Home,,2,,2.0,2.0,5.0,2.0,,,,,1.0,1.0,9.0,7.0,,,,3.0
360,2021-09-10,Lock Haven,Saint Francis,Away,,2,3.0,2.0,2.0,7.0,6.0,42.0,,,,3.0,4.0,10.0,8.0,33.0,,,1.0
360,2021-09-12,Lock Haven,Bucknell,Home,,0,2.0,,,3.0,2.0,,,,,2.0,2.0,12.0,9.0,,,,
360,2021-09-17,Lock Haven,VCU,Home,,0,3.0,,,5.0,3.0,,,,1.0,3.0,5.0,12.0,9.0,,,,
360,2021-09-19,Lock Haven,Georgetown,Away,,0,,,,6.0,1.0,38.0,,1.0,1.0,1.0,,23.0,11.0,51.0,,,
360,2021-09-24,Lock Haven,Saint Louis,Away,,6,2.0,6.0,6.0,10.0,8.0,,,,1.0,2.0,1.0,18.0,14.0,,,,2.0
360,2021-09-25,Lock Haven,Bellarmine,Home,,6,2.0,6.0,3.0,20.0,14.0,,,,,2.0,2.0,14.0,9.0,,,,3.0
360,2021-09-29,Lock Haven,Cornell,Home,,0,1.0,,,3.0,,,,,1.0,1.0,1.0,5.0,3.0,,,,
360,2021-10-03,Lock Haven,Rider,Away,,1,2.0,1.0,1.0,6.0,5.0,36.0,,,2.0,2.0,1.0,9.0,6.0,42.0,,,
360,2021-10-08,Lock Haven,Saint Joseph's,Away,,0,6.0,,,2.0,2.0,,,,,6.0,5.0,26.0,19.0,,,,1.0
360,2021-10-15,Lock Haven,Richmond,Home,,3,0.0,3.0,2.0,6.0,4.0,,,,1.0,,,14.0,8.0,,,,1.0
360,2021-10-17,Lock Haven,Sacred Heart,Home,,2,0.0,2.0,1.0,6.0,4.0,,,,1.0,,,6.0,3.0,,,,
360,2021-10-24,Lock Haven,Davidson,Home,,1,,1.0,,16.0,12.0,,,1.0,1.0,2.0,1.0,8.0,3.0,,,1.0,
360,2021-10-30,Lock Haven,Massachusetts,Home,,0,3.0,,,5.0,4.0,,,,,3.0,1.0,13.0,9.0,,,,
363,2021-08-27,Longwood,Drexel,Away,,1,0.0,1.0,1.0,17.0,7.0,,,,,,,8.0,4.0,,,,
363,2021-08-29,Longwood,Lehigh,Away,,2,3.0,2.0,1.0,15.0,9.0,,,,4.0,3.0,2.0,9.0,6.0,,,,
363,2021-09-03,Longwood,Towson,Home,,2,0.0,2.0,1.0,21.0,14.0,24.0,,1.0,1.0,,,3.0,1.0,36.0,,,2.0
363,2021-09-10,Longwood,Old Dominion,Away,,1,2.0,1.0,,5.0,3.0,,,,,2.0,2.0,11.0,8.0,,,,
363,2021-09-12,Longwood,William & Mary,Away,,4,3.0,4.0,5.0,13.0,8.0,,,,1.0,3.0,1.0,17.0,8.0,,,,
363,2021-09-18,Longwood,Bellarmine,Home,,6,0.0,6.0,5.0,26.0,19.0,24.0,,,1.0,,,2.0,,29.0,,,1.0
363,2021-09-24,Longwood,Miami (OH),Away,,0,3.0,,,2.0,1.0,,,,1.0,3.0,2.0,6.0,3.0,,,1.0,
363,2021-09-25,Longwood,Saint Francis,Home,,3,1.0,3.0,1.0,13.0,7.0,,,,2.0,1.0,1.0,6.0,1.0,,,,1.0
363,2021-10-01,Longwood,Central Mich.,Home,,7,0.0,7.0,6.0,20.0,14.0,31.0,,1.0,4.0,,,4.0,2.0,30.0,,2.0,
363,2021-10-08,Longwood,Kent St.,Away,,2,3.0,2.0,1.0,9.0,6.0,,,,,3.0,3.0,18.0,11.0,,,,
363,2021-10-10,Longwood,Davidson,Home,,4,0.0,4.0,2.0,21.0,13.0,24.0,,1.0,2.0,,,8.0,5.0,24.0,,,
363,2021-10-15,Longwood,App State,Home,,3,0.0,3.0,3.0,11.0,5.0,39.0,,1.0,2.0,,,7.0,3.0,30.0,,,1.0
363,2021-10-17,Longwood,Liberty,Home,,1,3.0,1.0,1.0,6.0,4.0,36.0,,,1.0,3.0,3.0,12.0,7.0,27.0,,,
363,2021-10-22,Longwood,Ball St.,Home,,5,1.0,5.0,7.0,25.0,17.0,29.0,,,2.0,1.0,,5.0,5.0,32.0,,,2.0
363,2021-10-30,Longwood,Ohio,Away,,2,5.0,2.0,2.0,12.0,9.0,,,,1.0,5.0,2.0,8.0,8.0,,,1.0,
363,2021-11-05,Longwood,Kent St.,Away,,1,0.0,1.0,1.0,15.0,10.0,,,,2.0,,,5.0,1.0,,,,
363,2021-11-06,Longwood,Miami (OH),Away,,1,2.0,1.0,2.0,5.0,2.0,,,4.0,2.0,2.0,1.0,8.0,3.0,,,2.0,2.0
367,2021-08-27,Louisville,Ohio,Home,,6,0.0,6.0,7.0,17.0,13.0,,,,,,,6.0,4.0,,,,
367,2021-08-29,Louisville,New Hampshire,Home,,3,0.0,3.0,1.0,24.0,13.0,,,,1.0,,,2.0,1.0,,,,1.0
367,2021-09-03,Louisville,Penn,Home,,3,1.0,3.0,3.0,14.0,10.0,,,,2.0,1.0,1.0,5.0,1.0,,,,
367,2021-09-05,Louisville,Princeton,Away,,3,,3.0,3.0,11.0,5.0,,,,1.0,2.0,2.0,17.0,9.0,,,1.0,1.0
367,2021-09-10,Louisville,Indiana,Home,,1,0.0,1.0,2.0,6.0,2.0,,,,1.0,,,6.0,2.0,,,,1.0
367,2021-09-12,Louisville,Liberty,Home,,3,1.0,3.0,1.0,11.0,10.0,,,,,1.0,,12.0,8.0,,,,1.0
367,2021-09-17,Louisville,Virginia,Home,,1,0.0,1.0,1.0,4.0,2.0,,,,1.0,,,10.0,5.0,,,1.0,2.0
367,2021-09-19,Louisville,Iowa,Home,,0,2.0,,,5.0,2.0,,,1.0,3.0,2.0,1.0,8.0,4.0,,,1.0,3.0
367,2021-09-24,Louisville,Duke,Away,,1,0.0,1.0,2.0,9.0,8.0,,,,2.0,,,5.0,1.0,,,,1.0
367,2021-09-27,Louisville,Ohio St.,Away,,2,,2.0,1.0,14.0,11.0,,,,,1.0,1.0,7.0,3.0,,,,1.0
367,2021-10-01,Louisville,Wake Forest,Home,,2,,2.0,1.0,14.0,6.0,,,,1.0,1.0,1.0,13.0,9.0,,,,
367,2021-10-04,Louisville,Miami (OH),Home,,4,1.0,4.0,4.0,11.0,9.0,,,1.0,1.0,1.0,2.0,7.0,3.0,,,1.0,1.0
367,2021-10-10,Louisville,Michigan,Away,,1,2.0,1.0,1.0,7.0,4.0,,,,1.0,2.0,2.0,10.0,5.0,,,,1.0
367,2021-10-15,Louisville,Boston College,Away,,3,,3.0,2.0,8.0,5.0,,,,1.0,2.0,,8.0,7.0,,,1.0,
367,2021-10-17,Louisville,Northeastern,Away,,7,0.0,7.0,2.0,16.0,11.0,,,,1.0,,,14.0,7.0,,,,1.0
367,2021-10-22,Louisville,North Carolina,Away,,3,,3.0,,9.0,7.0,,,,,2.0,2.0,11.0,4.0,,,,
367,2021-10-24,Louisville,James Madison,Away,,1,,1.0,1.0,6.0,4.0,27.0,,,,,,10.0,5.0,41.0,,,1.0
367,2021-10-29,Louisville,Syracuse,Home,,2,1.0,2.0,2.0,15.0,9.0,,,2.0,2.0,1.0,,11.0,6.0,,,2.0,1.0
367,2021-11-05,Louisville,Virginia,Home,,1,,1.0,1.0,8.0,5.0,,,1.0,1.0,1.0,,16.0,9.0,,,1.0,2.0
367,2021-11-12,Louisville,Harvard,Home,,0,,,,7.0,2.0,,,,1.0,1.0,1.0,10.0,2.0,,,2.0,1.0
380,2021-08-28,Maine,Boston College,Away,,2,,2.0,2.0,9.0,6.0,11.0,,,1.0,3.0,2.0,25.0,11.0,11.0,,,
380,2021-08-29,Maine,Massachusetts,Away,,2,,2.0,3.0,11.0,6.0,,,,2.0,3.0,1.0,15.0,10.0,,,,1.0
380,2021-09-03,Maine,Harvard,Home,,1,,1.0,2.0,3.0,3.0,27.0,,,,2.0,3.0,11.0,7.0,44.0,,,
380,2021-09-04,Maine,Providence,Home,,2,,2.0,1.0,14.0,11.0,29.0,,,3.0,1.0,,10.0,9.0,35.0,,,
380,2021-09-11,Maine,Kent St.,Home,,3,,3.0,2.0,23.0,14.0,,,,1.0,4.0,5.0,30.0,13.0,,,1.0,1.0
380,2021-09-12,Maine,Northwestern,Away,,0,5.0,,,3.0,2.0,2.0,,,1.0,5.0,7.0,31.0,24.0,5.0,,,
380,2021-09-17,Maine,Merrimack,Home,,5,1.0,5.0,4.0,25.0,18.0,23.0,,,,1.0,1.0,4.0,4.0,21.0,,,1.0
380,2021-09-19,Maine,Northeastern,Home,,2,0.0,2.0,2.0,11.0,8.0,21.0,,,1.0,,,4.0,2.0,24.0,,,2.0
380,2021-09-24,Maine,Monmouth,Home,,5,3.0,5.0,3.0,10.0,8.0,24.0,,,,3.0,2.0,7.0,6.0,28.0,,,1.0
380,2021-09-26,Maine,Stanford,Home,,3,2.0,3.0,2.0,4.0,3.0,20.0,,,1.0,2.0,2.0,8.0,7.0,22.0,,,1.0
380,2021-10-01,Maine,UAlbany,Away,,2,1.0,2.0,4.0,5.0,4.0,,,,1.0,1.0,2.0,8.0,4.0,,,1.0,3.0
380,2021-10-03,Maine,Boston U.,Away,,3,2.0,3.0,2.0,16.0,11.0,,,,1.0,2.0,1.0,10.0,7.0,,,,
380,2021-10-08,Maine,California,Home,,4,1.0,4.0,2.0,18.0,9.0,20.0,,,1.0,1.0,1.0,4.0,3.0,29.0,,,1.0
380,2021-10-10,Maine,UC Davis,Home,,6,0.0,6.0,7.0,27.0,17.0,36.0,,,,,,7.0,2.0,35.0,,,
380,2021-10-15,Maine,Vermont,Away,,1,3.0,1.0,1.0,7.0,3.0,36.0,,1.0,1.0,3.0,3.0,8.0,5.0,35.0,,,
380,2021-10-17,Maine,Bryant,Home,,4,0.0,4.0,3.0,25.0,18.0,,,,,,,3.0,,,,,
380,2021-10-22,Maine,UMass Lowell,Home,,2,,2.0,3.0,11.0,10.0,26.0,,1.0,1.0,1.0,,3.0,3.0,31.0,,,1.0
380,2021-10-24,Maine,Dartmouth,Away,,3,1.0,3.0,1.0,21.0,14.0,,,,1.0,1.0,1.0,7.0,2.0,,,,1.0
380,2021-10-31,Maine,New Hampshire,Away,,4,2.0,4.0,3.0,33.0,20.0,,,,3.0,2.0,3.0,6.0,3.0,,,1.0,1.0
380,2021-11-05,Maine,California,Home,,2,1.0,2.0,1.0,28.0,20.0,39.0,,,,1.0,1.0,5.0,4.0,35.0,,,
380,2021-11-07,Maine,UAlbany,Home,,2,,1.0,,11.0,6.0,46.0,,,1.0,1.0,,17.0,8.0,49.0,,,3.0
380,2021-11-10,Maine,Miami (OH),Home,,2,,2.0,4.0,11.0,7.0,,,,3.0,3.0,2.0,10.0,5.0,,,1.0,3.0
392,2021-08-29,Maryland,Saint Joseph's,Home,,4,,4.0,4.0,16.0,12.0,,,,2.0,3.0,1.0,19.0,13.0,,,,
392,2021-09-03,Maryland,Boston College,Home,,2,3.0,2.0,3.0,13.0,7.0,,,,,3.0,2.0,14.0,7.0,,,,
392,2021-09-05,Maryland,Duke,Away,,4,0.0,4.0,4.0,17.0,11.0,,,,1.0,,,4.0,,1.0,,,1.0
392,2021-09-10,Maryland,Massachusetts,Home,,1,0.0,1.0,1.0,23.0,10.0,,,,,,,7.0,1.0,,,,1.0
392,2021-09-12,Maryland,California,Home,,4,0.0,4.0,4.0,24.0,16.0,,,,1.0,,,3.0,2.0,,,,
392,2021-09-18,Maryland,Penn St.,Home,,2,,2.0,3.0,15.0,9.0,,,,2.0,3.0,1.0,13.0,10.0,,,,1.0
392,2021-09-21,Maryland,Princeton,Home,,4,,4.0,2.0,12.0,9.0,,,1.0,2.0,3.0,2.0,6.0,5.0,,,,
392,2021-09-24,Maryland,Indiana,Away,,8,2.0,8.0,5.0,13.0,11.0,,,1.0,2.0,2.0,,17.0,6.0,,,1.0,1.0
392,2021-09-26,Maryland,American,Away,,4,0.0,4.0,2.0,27.0,15.0,,,,,,,5.0,3.0,,,,
392,2021-09-30,Maryland,Northwestern,Home,,1,3.0,1.0,1.0,13.0,9.0,,,,1.0,3.0,3.0,10.0,5.0,,,,1.0
392,2021-10-03,Maryland,Iowa,Home,,1,2.0,1.0,2.0,10.0,4.0,,,,1.0,2.0,2.0,13.0,7.0,,,,
392,2021-10-07,Maryland,Virginia,Away,,2,,2.0,,16.0,10.0,,,,1.0,1.0,1.0,16.0,7.0,,,,1.0
392,2021-10-10,Maryland,James Madison,Home,,3,0.0,3.0,2.0,24.0,17.0,,,,,,,3.0,1.0,,,,
392,2021-10-15,Maryland,Rutgers,Away,,0,1.0,,,15.0,12.0,,,,,1.0,,6.0,4.0,,,,2.0
392,2021-10-17,Maryland,UConn,Home,,3,2.0,3.0,3.0,16.0,8.0,,,,3.0,2.0,1.0,6.0,3.0,,,,
392,2021-10-22,Maryland,Michigan St.,Away,,4,0.0,4.0,3.0,26.0,12.0,,,,1.0,,,1.0,,,,,1.0
392,2021-10-24,Maryland,Michigan,Away,,2,1.0,2.0,2.0,9.0,6.0,,,,1.0,1.0,1.0,13.0,7.0,,,,
392,2021-10-29,Maryland,Ohio St.,Home,,6,0.0,6.0,7.0,17.0,12.0,,,,,,,8.0,7.0,,,,
392,2021-11-04,Maryland,Penn St.,Home,,2,3.0,2.0,3.0,9.0,6.0,,,,,3.0,2.0,15.0,7.0,,,,
392,2021-11-12,Maryland,Virginia,Home,,2,1.0,2.0,2.0,8.0,3.0,,,1.0,1.0,1.0,1.0,12.0,7.0,,,,1.0
392,2021-11-14,Maryland,Syracuse,Home,,2,1.0,2.0,2.0,11.0,7.0,,,,1.0,1.0,2.0,5.0,2.0,,,,1.0
392,2021-11-19,Maryland,Liberty,Home,,2,,2.0,,31.0,11.0,,,,2.0,3.0,2.0,16.0,11.0,,,,2.0
400,2021-08-27,Massachusetts,Northeastern,Home,,3,0.0,3.0,3.0,16.0,7.0,,,,,,,12.0,5.0,,,,1.0
400,2021-08-29,Massachusetts,Maine,Home,,3,,3.0,1.0,15.0,10.0,,,,1.0,2.0,3.0,11.0,6.0,,,,2.0
400,2021-09-03,Massachusetts,Vermont,Home,,3,1.0,3.0,2.0,19.0,12.0,,,,1.0,1.0,1.0,7.0,6.0,,,,1.0
400,2021-09-05,Massachusetts,UAlbany,Away,,2,1.0,2.0,,12.0,11.0,,,,2.0,1.0,1.0,15.0,8.0,,,1.0,1.0
400,2021-09-10,Massachusetts,Maryland,Away,,0,1.0,,,7.0,1.0,,,,1.0,1.0,1.0,23.0,10.0,,,,
400,2021-09-12,Massachusetts,American,Home,,2,,2.0,1.0,20.0,8.0,,,,,3.0,1.0,17.0,10.0,,,,1.0
400,2021-09-17,Massachusetts,Davidson,Away,,4,0.0,4.0,2.0,20.0,13.0,,,,,,,5.0,2.0,,,,1.0
400,2021-09-19,Massachusetts,Wake Forest,Away,,2,3.0,2.0,,10.0,7.0,,,1.0,1.0,3.0,1.0,27.0,13.0,,,,
400,2021-09-26,Massachusetts,Providence,Home,,2,0.0,2.0,4.0,16.0,10.0,,,2.0,1.0,,,3.0,1.0,,,,1.0
400,2021-10-01,Massachusetts,VCU,Home,,0,1.0,,,12.0,7.0,,,,1.0,1.0,2.0,5.0,4.0,,,1.0,
400,2021-10-03,Massachusetts,Boston College,Away,,3,,2.0,,15.0,9.0,,,,1.0,2.0,2.0,15.0,10.0,,,,2.0
400,2021-10-08,Massachusetts,Saint Louis,Away,,2,1.0,2.0,2.0,21.0,11.0,,,,2.0,1.0,1.0,5.0,2.0,,,,
400,2021-10-10,Massachusetts,Yale,Home,,3,0.0,3.0,3.0,17.0,10.0,,,,3.0,,,13.0,8.0,,,,2.0
400,2021-10-15,Massachusetts,Saint Joseph's,Home,,1,,1.0,,8.0,6.0,,,1.0,1.0,,,22.0,16.0,,,,
400,2021-10-17,Massachusetts,Richmond,Home,,0,1.0,,,17.0,10.0,,,,,1.0,1.0,10.0,5.0,,,,2.0
400,2021-10-22,Massachusetts,La Salle,Home,,7,1.0,7.0,7.0,22.0,17.0,,,,1.0,1.0,1.0,6.0,5.0,,,1.0,1.0
400,2021-10-24,Massachusetts,UConn,Away,,2,,2.0,2.0,7.0,5.0,,,,1.0,1.0,2.0,24.0,12.0,,,,1.0
400,2021-10-30,Massachusetts,Lock Haven,Away,,3,0.0,3.0,1.0,13.0,9.0,,,,,,,5.0,4.0,,,,
400,2021-11-05,Massachusetts,VCU,Away,,1,,1.0,,7.0,4.0,,,,,1.0,1.0,10.0,6.0,,,,2.0
410,2021-08-27,Merrimack,Temple,Away,,0,2.0,,,2.0,2.0,,,2.0,,2.0,2.0,17.0,10.0,,,,2.0
410,2021-08-29,Merrimack,La Salle,Away,,0,3.0,,,2.0,1.0,23.0,,,3.0,3.0,3.0,14.0,8.0,18.0,,,2.0
410,2021-09-03,Merrimack,Yale,Away,,0,6.0,,,4.0,4.0,,,,1.0,6.0,6.0,30.0,19.0,,,,1.0
410,2021-09-05,Merrimack,Brown,Away,,1,2.0,1.0,1.0,2.0,2.0,42.0,,1.0,,2.0,2.0,23.0,18.0,30.0,,,1.0
410,2021-09-12,Merrimack,Central Mich.,Home,,1,4.0,1.0,,6.0,4.0,44.0,,2.0,,4.0,2.0,15.0,8.0,40.0,,1.0,
410,2021-09-17,Merrimack,Maine,Away,,1,5.0,1.0,1.0,4.0,4.0,21.0,,,1.0,5.0,4.0,25.0,18.0,23.0,,,
410,2021-09-19,Merrimack,Dartmouth,Away,,0,5.0,,,3.0,1.0,,,,,5.0,4.0,16.0,8.0,,,,1.0
410,2021-09-28,Merrimack,Holy Cross,Away,,2,5.0,2.0,1.0,13.0,5.0,24.0,,,1.0,5.0,5.0,25.0,16.0,29.0,,,
410,2021-10-01,Merrimack,Rider,Home,,1,2.0,1.0,,7.0,4.0,37.0,,4.0,,2.0,2.0,20.0,11.0,33.0,,1.0,
410,2021-10-03,Merrimack,Lehigh,Home,,1,4.0,1.0,1.0,9.0,5.0,52.0,,5.0,,4.0,4.0,21.0,11.0,28.0,,,
410,2021-10-08,Merrimack,Sacred Heart,Away,,3,,3.0,2.0,8.0,7.0,46.0,,1.0,,4.0,2.0,26.0,15.0,40.0,,1.0,1.0
410,2021-10-10,Merrimack,Saint Francis,Home,,3,,3.0,4.0,11.0,7.0,57.0,,2.0,,2.0,1.0,30.0,18.0,57.0,,3.0,1.0
410,2021-10-15,Merrimack,LIU,Away,,1,9.0,1.0,1.0,9.0,6.0,24.0,,,,9.0,9.0,34.0,26.0,26.0,,,
410,2021-10-17,Merrimack,New Hampshire,Away,,1,6.0,1.0,,8.0,2.0,,,,,6.0,6.0,24.0,15.0,,,1.0,1.0
410,2021-10-22,Merrimack,Bryant,Home,,0,3.0,,,14.0,5.0,35.0,,,,3.0,1.0,17.0,10.0,39.0,,,1.0
410,2021-10-24,Merrimack,Fairfield,Home,,0,5.0,,,3.0,2.0,34.0,,,2.0,5.0,2.0,17.0,14.0,42.0,,,
410,2021-10-28,Merrimack,Wagner,Away,,2,10.0,2.0,1.0,7.0,6.0,,,,,10.0,7.0,13.0,12.0,,,,
414,2021-08-28,Miami (OH),UConn,Home,,1,2.0,1.0,,8.0,4.0,,,,3.0,2.0,1.0,12.0,5.0,,,1.0,1.0
414,2021-08-29,Miami (OH),Northwestern,Away,,2,6.0,2.0,,8.0,6.0,,,,2.0,6.0,5.0,18.0,14.0,,,,1.0
414,2021-09-03,Miami (OH),Indiana,Home,,0,1.0,,,11.0,4.0,,,,,1.0,1.0,11.0,8.0,,,1.0,3.0
414,2021-09-04,Miami (OH),Rider,Home,,3,1.0,3.0,3.0,17.0,10.0,,,,1.0,1.0,1.0,6.0,2.0,,,,2.0
414,2021-09-06,Miami (OH),Ohio St.,Away,,0,1.0,,,6.0,5.0,,,,2.0,1.0,1.0,16.0,8.0,,,,1.0
414,2021-09-10,Miami (OH),Virginia,Away,,0,2.0,,,8.0,2.0,,,1.0,2.0,2.0,1.0,17.0,4.0,,,,3.0
414,2021-09-12,Miami (OH),Richmond,Away,,3,0.0,3.0,2.0,17.0,13.0,,,,1.0,,,9.0,7.0,,,1.0,2.0
414,2021-09-17,Miami (OH),App State,Away,,1,0.0,1.0,1.0,18.0,8.0,,,,2.0,,,6.0,2.0,,,,
414,2021-09-19,Miami (OH),North Carolina,Away,,2,7.0,2.0,1.0,11.0,4.0,,,,2.0,7.0,6.0,27.0,22.0,,,,
414,2021-09-24,Miami (OH),Longwood,Home,,3,0.0,3.0,2.0,6.0,3.0,,,1.0,,,,2.0,1.0,,,,1.0
414,2021-09-26,Miami (OH),Saint Francis,Home,,4,0.0,4.0,3.0,16.0,9.0,,,,1.0,,,3.0,1.0,,,2.0,2.0
414,2021-10-01,Miami (OH),Ball St.,Home,,5,0.0,5.0,4.0,16.0,14.0,,,1.0,3.0,,,6.0,5.0,,,1.0,2.0
414,2021-10-03,Miami (OH),Wake Forest,Home,,1,2.0,1.0,2.0,8.0,4.0,,,,2.0,2.0,2.0,12.0,10.0,,,,2.0
414,2021-10-04,Miami (OH),Louisville,Away,,1,4.0,1.0,2.0,7.0,3.0,,,1.0,1.0,4.0,4.0,11.0,9.0,,,1.0,1.0
414,2021-10-08,Miami (OH),Central Mich.,Home,,3,,3.0,2.0,39.0,19.0,,,,2.0,2.0,2.0,2.0,2.0,,,3.0,3.0
414,2021-10-10,Miami (OH),Michigan St.,Home,,3,4.0,3.0,2.0,21.0,13.0,,,1.0,2.0,4.0,3.0,13.0,8.0,,,,4.0
414,2021-10-15,Miami (OH),Kent St.,Away,,0,1.0,,,16.0,8.0,,,,3.0,1.0,2.0,4.0,3.0,,,,1.0
414,2021-10-22,Miami (OH),Ohio,Away,,4,,4.0,2.0,18.0,12.0,,,,1.0,3.0,3.0,11.0,10.0,,,,1.0
414,2021-10-29,Miami (OH),Bellarmine,Home,,5,0.0,5.0,4.0,29.0,17.0,,,,1.0,,,2.0,2.0,,,,2.0
414,2021-11-05,Miami (OH),Ohio,Home,,1,0.0,1.0,1.0,19.0,8.0,,,,4.0,,,12.0,6.0,,,1.0,2.0
414,2021-11-06,Miami (OH),Longwood,Home,,2,1.0,2.0,1.0,8.0,3.0,,,2.0,2.0,1.0,2.0,5.0,2.0,,,4.0,2.0
414,2021-11-10,Miami (OH),Maine,Away,,3,,3.0,2.0,10.0,5.0,,,1.0,3.0,2.0,4.0,11.0,7.0,,,,3.0
414,2021-11-12,Miami (OH),Michigan,Away,,2,3.0,2.0,3.0,6.0,3.0,,,,2.0,3.0,3.0,23.0,8.0,,,,3.0
418,2021-08-27,Michigan,North Carolina,Home,,3,2.0,3.0,1.0,8.0,5.0,,,,2.0,2.0,1.0,12.0,4.0,,,1.0,2.0
418,2021-08-29,Michigan,Wake Forest,Home,,2,0.0,2.0,1.0,5.0,4.0,,,,2.0,,,4.0,3.0,,,1.0,
418,2021-09-05,Michigan,Central Mich.,Away,,8,0.0,8.0,5.0,36.0,22.0,,,,,,,1.0,1.0,,,,
418,2021-09-10,Michigan,Ball St.,Home,,12,0.0,12.0,5.0,39.0,33.0,,,,1.0,,,,,,,,1.0
418,2021-09-18,Michigan,UAlbany,Home,,4,1.0,4.0,3.0,19.0,9.0,40.0,,,1.0,1.0,,9.0,5.0,37.0,,1.0,4.0
418,2021-09-19,Michigan,Cornell,Away,,3,2.0,3.0,3.0,22.0,8.0,,,,3.0,2.0,4.0,7.0,4.0,,,1.0,2.0
418,2021-09-24,Michigan,Michigan St.,Home,,6,1.0,6.0,6.0,32.0,18.0,,,1.0,2.0,1.0,,6.0,6.0,,,,2.0
418,2021-09-26,Michigan,Kent St.,Home,,2,1.0,2.0,2.0,16.0,7.0,,,,,1.0,1.0,7.0,4.0,,,,1.0
418,2021-10-03,Michigan,Ohio St.,Away,,1,0.0,1.0,1.0,16.0,11.0,,,,1.0,,,3.0,,,,,
418,2021-10-08,Michigan,Northwestern,Home,,2,,2.0,1.0,11.0,8.0,,,,1.0,1.0,,18.0,10.0,,,,1.0
418,2021-10-10,Michigan,Louisville,Home,,2,1.0,2.0,2.0,10.0,5.0,,,,1.0,1.0,1.0,7.0,4.0,,,,1.0
418,2021-10-15,Michigan,Iowa,Away,,1,,1.0,1.0,10.0,6.0,,,2.0,2.0,1.0,2.0,13.0,6.0,,,1.0,1.0
418,2021-10-17,Michigan,Indiana,Away,,5,3.0,5.0,6.0,13.0,10.0,,,,1.0,3.0,5.0,6.0,4.0,,,,1.0
418,2021-10-22,Michigan,Rutgers,Home,,3,0.0,3.0,1.0,14.0,12.0,,,,2.0,,,3.0,2.0,,,1.0,
418,2021-10-24,Michigan,Maryland,Home,,1,2.0,1.0,1.0,13.0,7.0,,,,,2.0,2.0,9.0,6.0,,,,1.0
418,2021-10-29,Michigan,Penn St.,Away,,2,,2.0,1.0,16.0,10.0,,,,,3.0,5.0,7.0,4.0,,,,2.0
418,2021-11-04,Michigan,Northwestern,Home,,3,,2.0,2.0,24.0,12.0,,,1.0,1.0,2.0,3.0,13.0,7.0,,,,2.0
418,2021-11-05,Michigan,Iowa,Home,,3,2.0,3.0,2.0,4.0,4.0,,,,1.0,2.0,1.0,6.0,4.0,,,,2.0
418,2021-11-07,Michigan,Rutgers,Home,,0,1.0,,,12.0,4.0,,,,,1.0,1.0,3.0,2.0,,,,
418,2021-11-12,Michigan,Miami (OH),Home,,3,2.0,3.0,3.0,23.0,8.0,,,,3.0,2.0,3.0,6.0,3.0,,,,2.0
418,2021-11-14,Michigan,Harvard,Home,,0,,,,15.0,5.0,,,2.0,3.0,,,10.0,7.0,,,1.0,2.0
416,2021-08-27,Michigan St.,Kent St.,Away,,3,1.0,3.0,3.0,17.0,11.0,,,,,1.0,,14.0,2.0,,,1.0,
416,2021-08-28,Michigan St.,Saint Louis,Home,,4,0.0,4.0,1.0,22.0,15.0,,,,1.0,,,10.0,2.0,,,1.0,2.0
416,2021-09-03,Michigan St.,Northeastern,Home,,3,0.0,3.0,2.0,12.0,10.0,,,,1.0,,,20.0,15.0,,,,1.0
416,2021-09-05,Michigan St.,Ohio,Away,,2,0.0,2.0,2.0,10.0,7.0,,,,2.0,,,10.0,2.0,,,,1.0
416,2021-09-12,Michigan St.,Ball St.,Home,,7,1.0,7.0,5.0,21.0,16.0,,,,,1.0,1.0,6.0,3.0,,,,3.0
416,2021-09-17,Michigan St.,Ohio St.,Home,,3,4.0,3.0,3.0,15.0,7.0,,,,,4.0,3.0,13.0,11.0,,,,
416,2021-09-19,Michigan St.,Central Mich.,Home,,6,0.0,6.0,3.0,31.0,23.0,,,,2.0,,,10.0,2.0,,,1.0,
416,2021-09-24,Michigan St.,Michigan,Away,,1,6.0,1.0,,6.0,6.0,,,,2.0,6.0,6.0,32.0,18.0,,,1.0,2.0
416,2021-10-08,Michigan St.,Iowa,Home,,0,5.0,,,1.0,,,,,2.0,5.0,3.0,29.0,16.0,,,,1.0
416,2021-10-10,Michigan St.,Miami (OH),Away,,4,3.0,4.0,3.0,13.0,8.0,,,,4.0,3.0,2.0,21.0,13.0,,,1.0,2.0
416,2021-10-15,Michigan St.,Indiana,Away,,0,5.0,,,6.0,3.0,,,,,5.0,2.0,30.0,18.0,,,,
416,2021-10-17,Michigan St.,Northwestern,Away,,2,6.0,2.0,1.0,5.0,4.0,,,,,6.0,1.0,28.0,21.0,,,,1.0
416,2021-10-22,Michigan St.,Maryland,Home,,0,4.0,,,1.0,,,,,1.0,4.0,3.0,26.0,12.0,,,,1.0
416,2021-10-24,Michigan St.,Penn St.,Home,,0,1.0,,,6.0,2.0,,,,,1.0,1.0,24.0,11.0,,,,1.0
416,2021-10-29,Michigan St.,Rutgers,Away,,0,3.0,,,6.0,5.0,,,,1.0,3.0,2.0,14.0,10.0,,,,
439,2021-08-27,Monmouth,Boston U.,Away,,1,2.0,1.0,2.0,13.0,8.0,,,,1.0,2.0,2.0,9.0,3.0,,,,
439,2021-08-29,Monmouth,Northeastern,Home,,6,,6.0,4.0,27.0,18.0,,,,2.0,5.0,2.0,10.0,8.0,,,1.0,1.0
439,2021-09-03,Monmouth,Fairfield,Away,,2,1.0,2.0,2.0,18.0,15.0,21.0,,,1.0,1.0,2.0,9.0,5.0,13.0,,,
439,2021-09-05,Monmouth,Delaware,Away,,3,2.0,3.0,2.0,12.0,7.0,,,1.0,2.0,2.0,4.0,11.0,8.0,,,,1.0
439,2021-09-10,Monmouth,Villanova,Home,,4,,4.0,4.0,18.0,12.0,,,,1.0,3.0,2.0,7.0,5.0,,,,1.0
439,2021-09-12,Monmouth,Harvard,Home,,0,,,,3.0,1.0,,,1.0,2.0,1.0,1.0,12.0,2.0,,,2.0,1.0
439,2021-09-17,Monmouth,Rutgers,Away,,2,3.0,2.0,,8.0,7.0,,,,,3.0,1.0,13.0,8.0,,,,
439,2021-09-19,Monmouth,Providence,Home,,7,0.0,7.0,6.0,17.0,12.0,,,,,,,15.0,5.0,,,,1.0
439,2021-09-24,Monmouth,Maine,Away,,3,5.0,3.0,2.0,7.0,6.0,28.0,,,1.0,5.0,3.0,10.0,8.0,24.0,,,
439,2021-10-01,Monmouth,Vermont,Home,,0,2.0,,,8.0,5.0,,,,,2.0,3.0,4.0,4.0,,,,
439,2021-10-08,Monmouth,UMass Lowell,Home,,2,0.0,2.0,2.0,19.0,9.0,,,,3.0,,,4.0,1.0,,,,
439,2021-10-10,Monmouth,Stanford,Home,,3,1.0,3.0,2.0,9.0,6.0,,,,1.0,1.0,,8.0,3.0,,,,1.0
439,2021-10-15,Monmouth,New Hampshire,Away,,4,1.0,4.0,4.0,16.0,11.0,,,,1.0,1.0,1.0,11.0,5.0,,,,1.0
439,2021-10-22,Monmouth,UAlbany,Home,,3,0.0,3.0,3.0,14.0,8.0,,,,3.0,,,11.0,5.0,,,,
439,2021-10-26,Monmouth,Princeton,Away,,3,,3.0,3.0,20.0,11.0,,,,,2.0,2.0,17.0,4.0,,,,
439,2021-10-29,Monmouth,California,Home,,3,2.0,3.0,3.0,25.0,14.0,,,1.0,,2.0,,9.0,6.0,,,,2.0
439,2021-10-31,Monmouth,UC Davis,Home,,7,2.0,7.0,6.0,18.0,12.0,,,1.0,2.0,2.0,3.0,13.0,8.0,,,,1.0
439,2021-11-05,Monmouth,UAlbany,Home,,0,1.0,,,11.0,4.0,34.0,,,,1.0,,4.0,4.0,31.0,,,2.0
469,2021-08-28,New Hampshire,Ohio,Home,,1,0.0,1.0,2.0,7.0,4.0,,,,,,,8.0,5.0,,,,1.0
469,2021-08-29,New Hampshire,Louisville,Away,,0,3.0,,,2.0,1.0,,,,1.0,3.0,1.0,24.0,13.0,,,,1.0
469,2021-09-03,New Hampshire,Boston U.,Away,,1,3.0,1.0,,5.0,3.0,,,,,3.0,3.0,7.0,4.0,,,,1.0
469,2021-09-04,New Hampshire,Iowa,Home,,0,3.0,,,2.0,2.0,,,,1.0,3.0,2.0,18.0,14.0,,,,1.0
469,2021-09-10,New Hampshire,Providence,Away,,1,2.0,1.0,1.0,9.0,7.0,,,,,2.0,2.0,7.0,3.0,,,,
469,2021-09-17,New Hampshire,Bryant,Home,,2,,2.0,2.0,34.0,25.0,22.0,,,,1.0,,4.0,4.0,20.0,,,
469,2021-09-19,New Hampshire,Boston College,Home,,3,,3.0,3.0,10.0,5.0,,,,2.0,4.0,2.0,29.0,12.0,,,,
469,2021-09-24,New Hampshire,California,Home,,2,3.0,2.0,,12.0,8.0,,,,,3.0,3.0,12.0,6.0,,,,
469,2021-09-26,New Hampshire,UC Davis,Home,,3,,3.0,4.0,13.0,8.0,,,,4.0,4.0,1.0,11.0,6.0,,,,3.0
469,2021-10-01,New Hampshire,UMass Lowell,Away,,3,1.0,3.0,1.0,10.0,6.0,,,,2.0,1.0,1.0,16.0,9.0,,,,1.0
469,2021-10-03,New Hampshire,Harvard,Away,,0,2.0,,,1.0,1.0,,,,1.0,2.0,3.0,20.0,12.0,,,,1.0
469,2021-10-10,New Hampshire,UAlbany,Away,,1,2.0,1.0,1.0,6.0,5.0,,,,2.0,2.0,,17.0,7.0,,,,1.0
469,2021-10-15,New Hampshire,Monmouth,Home,,1,4.0,1.0,1.0,11.0,5.0,,,,1.0,4.0,4.0,16.0,11.0,,,,1.0
469,2021-10-17,New Hampshire,Merrimack,Home,,6,1.0,6.0,6.0,24.0,15.0,,,1.0,1.0,1.0,,8.0,2.0,,,,
469,2021-10-22,New Hampshire,Vermont,Away,,2,0.0,2.0,2.0,10.0,9.0,43.0,,,1.0,,,10.0,4.0,34.0,,,1.0
469,2021-10-24,New Hampshire,Columbia,Home,,3,,3.0,3.0,25.0,15.0,,,,3.0,2.0,1.0,6.0,5.0,,,1.0,1.0
469,2021-10-29,New Hampshire,Stanford,Home,,3,1.0,3.0,4.0,4.0,3.0,,,,,1.0,1.0,8.0,6.0,,,,1.0
469,2021-10-31,New Hampshire,Maine,Home,,2,4.0,2.0,3.0,6.0,3.0,,,1.0,1.0,4.0,3.0,33.0,20.0,,,,3.0
469,2021-11-04,New Hampshire,California,Home,,1,2.0,1.0,1.0,13.0,7.0,31.0,,,,2.0,,17.0,12.0,30.0,,,
457,2021-08-27,North Carolina,Michigan,Home,,2,3.0,2.0,1.0,12.0,4.0,,,1.0,2.0,3.0,1.0,8.0,5.0,,,,2.0
457,2021-08-29,North Carolina,Iowa,Away,,1,3.0,1.0,1.0,15.0,10.0,,,,1.0,3.0,2.0,11.0,6.0,,,1.0,1.0
457,2021-09-03,North Carolina,Princeton,Away,,4,1.0,4.0,3.0,16.0,11.0,,,1.0,1.0,1.0,,12.0,9.0,,,,2.0
457,2021-09-05,North Carolina,Penn,Home,,9,1.0,9.0,11.0,20.0,11.0,,,,2.0,1.0,1.0,3.0,1.0,,,,
457,2021-09-10,North Carolina,Saint Joseph's,Away,,2,3.0,2.0,,7.0,6.0,,,,,3.0,4.0,3.0,3.0,,,,2.0
457,2021-09-12,North Carolina,Drexel,Away,,7,1.0,7.0,5.0,33.0,25.0,,,,2.0,1.0,1.0,3.0,2.0,,,5.0,1.0
457,2021-09-19,North Carolina,Miami (OH),Home,,7,2.0,7.0,6.0,27.0,22.0,,,,,2.0,1.0,11.0,4.0,,,,2.0
457,2021-09-24,North Carolina,Boston College,Home,,6,1.0,6.0,5.0,18.0,13.0,,,,1.0,1.0,2.0,7.0,3.0,,,,1.0
457,2021-09-26,North Carolina,UConn,Home,,3,1.0,3.0,1.0,15.0,7.0,,,,1.0,1.0,,3.0,2.0,,,1.0,
457,2021-10-01,North Carolina,Syracuse,Away,,0,5.0,,,11.0,1.0,,,1.0,,5.0,5.0,12.0,10.0,,,1.0,
457,2021-10-03,North Carolina,UAlbany,Away,,6,0.0,6.0,4.0,21.0,14.0,,,,1.0,,,6.0,3.0,,,,1.0
457,2021-10-08,North Carolina,Duke,Home,,4,1.0,4.0,3.0,19.0,12.0,,,1.0,2.0,1.0,2.0,16.0,7.0,,,,
457,2021-10-10,North Carolina,Liberty,Home,,0,4.0,,,19.0,8.0,,,,1.0,4.0,4.0,10.0,6.0,,,1.0,1.0
457,2021-10-15,North Carolina,Wake Forest,Away,,1,0.0,1.0,1.0,18.0,10.0,,,,,,,6.0,2.0,,,,2.0
457,2021-10-22,North Carolina,Louisville,Home,,2,,2.0,2.0,11.0,4.0,,,,,3.0,,9.0,7.0,,,,
457,2021-10-29,North Carolina,Virginia,Away,,3,,3.0,1.0,13.0,8.0,,,,1.0,2.0,1.0,10.0,5.0,,,,
457,2021-11-04,North Carolina,Wake Forest,Home,,3,,3.0,1.0,13.0,9.0,,1.0,,2.0,2.0,1.0,3.0,2.0,,,,1.0
457,2021-11-05,North Carolina,Syracuse,Home,,4,1.0,4.0,2.0,8.0,7.0,,,,1.0,1.0,2.0,16.0,8.0,,,1.0,2.0
457,2021-11-07,North Carolina,Virginia,Home,,1,0.0,1.0,2.0,4.0,1.0,,,,1.0,,,5.0,2.0,,,,2.0
457,2021-11-12,North Carolina,Northwestern,Away,,0,2.0,,,6.0,4.0,,,,,2.0,,13.0,4.0,,,,1.0
500,2021-08-27,Northeastern,Massachusetts,Away,,0,3.0,,,12.0,5.0,,,,1.0,3.0,3.0,16.0,7.0,,,,
500,2021-08-29,Northeastern,Monmouth,Away,,5,,5.0,2.0,10.0,8.0,,,1.0,1.0,6.0,4.0,27.0,18.0,,,,2.0
500,2021-09-03,Northeastern,Michigan St.,Home,,0,3.0,,,20.0,15.0,,,,1.0,3.0,2.0,12.0,10.0,,,,1.0
500,2021-09-04,Northeastern,Ohio,Away,,2,3.0,2.0,,8.0,5.0,,,,1.0,3.0,3.0,7.0,4.0,,,,1.0
500,2021-09-10,Northeastern,Holy Cross,Home,,4,0.0,4.0,4.0,20.0,9.0,,,2.0,1.0,,,7.0,1.0,,,,1.0
500,2021-09-17,Northeastern,Harvard,Away,,0,4.0,,,7.0,4.0,,,,,4.0,1.0,16.0,11.0,,,,1.0
500,2021-09-19,Northeastern,Maine,Away,,0,2.0,,,4.0,2.0,24.0,,,2.0,2.0,2.0,11.0,8.0,21.0,,,1.0
500,2021-09-24,Northeastern,Dartmouth,Home,,3,0.0,3.0,2.0,23.0,14.0,,,,1.0,,,5.0,4.0,,,,1.0
500,2021-09-26,Northeastern,Boston U.,Home,,2,1.0,2.0,2.0,17.0,14.0,,,1.0,1.0,1.0,2.0,6.0,3.0,,,1.0,3.0
500,2021-10-01,Northeastern,James Madison,Away,,2,3.0,2.0,2.0,5.0,3.0,44.0,,,1.0,3.0,3.0,11.0,6.0,45.0,,1.0,1.0
500,2021-10-03,Northeastern,William & Mary,Away,,3,4.0,3.0,4.0,10.0,5.0,,,,3.0,4.0,1.0,14.0,10.0,,,,
500,2021-10-08,Northeastern,Drexel,Home,,2,1.0,2.0,1.0,17.0,11.0,,,1.0,1.0,1.0,1.0,8.0,7.0,,,1.0,
500,2021-10-10,Northeastern,Delaware,Home,,2,3.0,2.0,2.0,13.0,6.0,,,,1.0,3.0,4.0,13.0,9.0,,,,1.0
500,2021-10-17,Northeastern,Louisville,Home,,0,7.0,,,14.0,7.0,,,,1.0,7.0,2.0,16.0,11.0,,,,1.0
500,2021-10-22,Northeastern,Towson,Away,,4,0.0,4.0,2.0,34.0,24.0,,,1.0,2.0,,,4.0,,,,2.0,
500,2021-10-24,Northeastern,Boston College,Home,,1,2.0,1.0,1.0,10.0,2.0,,,1.0,3.0,2.0,,14.0,13.0,,,,1.0
500,2021-10-29,Northeastern,Hofstra,Home,,5,0.0,5.0,4.0,16.0,11.0,,,,1.0,,,8.0,5.0,,,,2.0
500,2021-10-31,Northeastern,Bryant,Home,,4,1.0,4.0,3.0,31.0,20.0,,,,,1.0,,5.0,4.0,,,,1.0
500,2021-11-05,Northeastern,James Madison,Home,,1,,1.0,1.0,19.0,12.0,,,1.0,3.0,2.0,3.0,25.0,16.0,,,1.0,1.0
509,2021-08-27,Northwestern,UConn,Home,,4,0.0,4.0,4.0,16.0,11.0,,,,,,,4.0,2.0,,,,1.0
509,2021-08-29,Northwestern,Miami (OH),Home,,6,2.0,6.0,5.0,18.0,14.0,,,,1.0,2.0,,8.0,6.0,,,,2.0
509,2021-09-03,Northwestern,Duke,Away,,3,0.0,3.0,2.0,16.0,11.0,,,,1.0,,,3.0,1.0,,,,2.0
509,2021-09-05,Northwestern,Boston College,Home,,1,2.0,1.0,1.0,13.0,5.0,,,,,2.0,1.0,8.0,4.0,,,,1.0
509,2021-09-07,Northwestern,Liberty,Away,,4,3.0,4.0,2.0,22.0,14.0,,,1.0,1.0,3.0,2.0,10.0,6.0,,,,1.0
509,2021-09-10,Northwestern,Kent St.,Home,,6,1.0,6.0,7.0,14.0,12.0,19.0,,,2.0,1.0,1.0,4.0,3.0,14.0,,,1.0
509,2021-09-12,Northwestern,Maine,Home,,5,0.0,5.0,7.0,31.0,24.0,5.0,,,,,,3.0,2.0,2.0,,,1.0
509,2021-09-17,Northwestern,UC Davis,Away,,7,1.0,7.0,4.0,27.0,16.0,,,,2.0,1.0,1.0,4.0,1.0,,,,1.0
509,2021-09-19,Northwestern,California,Away,,5,1.0,5.0,3.0,16.0,10.0,,,,1.0,1.0,1.0,3.0,3.0,,,,
509,2021-09-24,Northwestern,Rutgers,Home,,1,2.0,1.0,,10.0,4.0,,,,3.0,2.0,2.0,14.0,9.0,,,1.0,
509,2021-09-30,Northwestern,Maryland,Away,,3,1.0,3.0,3.0,10.0,5.0,,,,1.0,1.0,1.0,13.0,9.0,,,,1.0
509,2021-10-03,Northwestern,Penn St.,Away,,1,,1.0,2.0,15.0,4.0,,,,1.0,2.0,1.0,17.0,13.0,,,,1.0
509,2021-10-08,Northwestern,Michigan,Away,,1,,1.0,,18.0,10.0,,,,1.0,2.0,1.0,11.0,8.0,,,,1.0
509,2021-10-10,Northwestern,Ball St.,Away,,6,1.0,6.0,6.0,48.0,28.0,,,,1.0,1.0,1.0,3.0,2.0,,,,1.0
509,2021-10-15,Northwestern,Ohio St.,Home,,3,0.0,3.0,3.0,23.0,13.0,,,,2.0,,,3.0,1.0,,,,1.0
509,2021-10-17,Northwestern,Michigan St.,Home,,6,2.0,6.0,1.0,28.0,21.0,,,,1.0,2.0,1.0,5.0,4.0,,,,
509,2021-10-29,Northwestern,Iowa,Away,,2,1.0,2.0,2.0,7.0,5.0,,,,2.0,1.0,1.0,10.0,7.0,,,,3.0
509,2021-10-31,Northwestern,Indiana,Home,,6,0.0,6.0,4.0,19.0,10.0,,,,,,,5.0,3.0,,,,
509,2021-11-04,Northwestern,Michigan,Home,,2,,2.0,3.0,13.0,7.0,,,,2.0,2.0,2.0,24.0,12.0,,,1.0,1.0
509,2021-11-12,Northwestern,North Carolina,Home,,2,0.0,2.0,,13.0,4.0,,,,1.0,,,6.0,4.0,,,,
509,2021-11-14,Northwestern,Iowa,Away,,1,0.0,1.0,,13.0,6.0,,,,1.0,,,5.0,2.0,,,,1.0
509,2021-11-19,Northwestern,Harvard,Home,,2,,2.0,4.0,10.0,8.0,,,1.0,1.0,1.0,2.0,3.0,2.0,,,1.0,
509,2021-11-21,Northwestern,Liberty,Home,,2,0.0,2.0,1.0,15.0,9.0,,,,,,,10.0,3.0,,,,1.0
519,2021-08-27,Ohio,Louisville,Away,,0,6.0,,,6.0,4.0,,,,,6.0,7.0,17.0,13.0,,,,
519,2021-08-28,Ohio,New Hampshire,Home,,0,1.0,,,8.0,5.0,,,,1.0,1.0,2.0,7.0,4.0,,,,
519,2021-09-04,Ohio,Northeastern,Home,,3,2.0,3.0,3.0,7.0,4.0,,,,1.0,2.0,,8.0,5.0,,,,1.0
519,2021-09-05,Ohio,Michigan St.,Home,,0,2.0,,,10.0,2.0,,,,1.0,2.0,2.0,10.0,7.0,,,,2.0
519,2021-09-08,Ohio,UC Davis,Home,,1,2.0,1.0,1.0,8.0,6.0,,,,,2.0,2.0,11.0,9.0,,,,
519,2021-09-10,Ohio,Iowa,Away,,0,8.0,,,2.0,,,,,,8.0,5.0,33.0,24.0,,,,
519,2021-09-11,Ohio,Saint Louis,Home,,7,3.0,7.0,5.0,25.0,16.0,,,,,3.0,,5.0,4.0,,,,
519,2021-09-17,Ohio,Kent St.,Away,,2,,2.0,,12.0,9.0,,,,,3.0,2.0,19.0,11.0,,,,1.0
519,2021-09-19,Ohio,Saint Francis,Away,,1,2.0,1.0,1.0,14.0,10.0,36.0,,,,2.0,2.0,12.0,8.0,46.0,,,1.0
519,2021-09-24,Ohio,Ball St.,Home,,3,0.0,3.0,2.0,18.0,11.0,,,,,,,6.0,4.0,,,,
519,2021-10-01,Ohio,App State,Away,,1,2.0,1.0,1.0,7.0,4.0,,,,2.0,2.0,,14.0,7.0,,,,
519,2021-10-03,Ohio,Davidson,Away,,3,,3.0,3.0,16.0,12.0,,,,,2.0,3.0,18.0,14.0,,,,
519,2021-10-08,Ohio,Bellarmine,Home,,5,,5.0,5.0,24.0,16.0,,,,,4.0,3.0,7.0,6.0,,,,1.0
519,2021-10-10,Ohio,Ohio St.,Away,,3,4.0,3.0,4.0,10.0,4.0,,,,,4.0,3.0,16.0,9.0,,,,
519,2021-10-15,Ohio,Central Mich.,Away,,2,,2.0,1.0,20.0,13.0,,,,1.0,1.0,,7.0,2.0,,,,2.0
519,2021-10-22,Ohio,Miami (OH),Home,,3,,3.0,3.0,11.0,10.0,,,,1.0,4.0,2.0,18.0,12.0,,,,1.0
519,2021-10-24,Ohio,Indiana,Home,,0,3.0,,,9.0,3.0,,,,2.0,3.0,3.0,20.0,14.0,,,,1.0
519,2021-10-30,Ohio,Longwood,Home,,5,2.0,5.0,2.0,8.0,8.0,,,1.0,,2.0,2.0,12.0,9.0,,,,1.0
519,2021-11-05,Ohio,Miami (OH),Away,,0,1.0,,,12.0,6.0,,,1.0,2.0,1.0,1.0,19.0,8.0,,,,4.0
518,2021-08-27,Ohio St.,Ball St.,Away,,1,0.0,1.0,,15.0,7.0,,,,2.0,,,6.0,3.0,,,,
518,2021-08-31,Ohio St.,Kent St.,Away,,1,3.0,1.0,,10.0,6.0,,,,,3.0,3.0,12.0,9.0,,,1.0,
518,2021-09-03,Ohio St.,Lafayette,Home,,4,,4.0,3.0,23.0,10.0,,,,1.0,3.0,2.0,11.0,7.0,,,1.0,1.0
518,2021-09-06,Ohio St.,Miami (OH),Home,,1,0.0,1.0,1.0,16.0,8.0,,,,1.0,,,6.0,5.0,,,,2.0
518,2021-09-10,Ohio St.,Wake Forest,Away,,2,1.0,2.0,,8.0,5.0,,,1.0,1.0,1.0,2.0,21.0,11.0,,,1.0,2.0
518,2021-09-12,Ohio St.,App State,Home,,2,0.0,2.0,2.0,19.0,13.0,,,,,,,5.0,3.0,,,,
518,2021-09-17,Ohio St.,Michigan St.,Away,,4,3.0,4.0,3.0,13.0,11.0,,,,,3.0,3.0,15.0,7.0,,,,
518,2021-09-19,Ohio St.,Virginia,Home,,1,2.0,1.0,,14.0,7.0,,,1.0,1.0,2.0,2.0,12.0,7.0,,,1.0,1.0
518,2021-09-27,Ohio St.,Louisville,Home,,1,,1.0,1.0,7.0,3.0,,,,1.0,2.0,1.0,14.0,11.0,,,,
518,2021-10-03,Ohio St.,Michigan,Home,,0,1.0,,,3.0,,,,,,1.0,1.0,16.0,11.0,,,,1.0
518,2021-10-08,Ohio St.,Indiana,Home,,1,3.0,1.0,,10.0,4.0,,,,,3.0,2.0,11.0,3.0,,,,1.0
518,2021-10-10,Ohio St.,Ohio,Home,,4,3.0,4.0,3.0,16.0,9.0,,,,,3.0,4.0,10.0,4.0,,,,
518,2021-10-15,Ohio St.,Northwestern,Away,,0,3.0,,,3.0,1.0,,,,1.0,3.0,3.0,23.0,13.0,,,,2.0
518,2021-10-17,Ohio St.,Iowa,Away,,0,3.0,,,2.0,2.0,,,1.0,1.0,3.0,5.0,18.0,10.0,,,1.0,4.0
518,2021-10-22,Ohio St.,Penn St.,Home,,0,4.0,,,11.0,1.0,,,,,4.0,2.0,15.0,9.0,,,,1.0
518,2021-10-24,Ohio St.,Rutgers,Home,,1,3.0,1.0,1.0,6.0,5.0,,,,1.0,3.0,1.0,9.0,5.0,,,,1.0
518,2021-10-29,Ohio St.,Maryland,Away,,0,6.0,,,8.0,7.0,,,,,6.0,7.0,17.0,12.0,,,,
518,2021-10-31,Ohio St.,Saint Joseph's,Away,,3,4.0,3.0,2.0,9.0,7.0,,,,3.0,4.0,3.0,8.0,5.0,,,,2.0
523,2021-08-27,Old Dominion,Delaware,Home,,0,4.0,,,11.0,4.0,,,,,4.0,5.0,13.0,8.0,,,,
523,2021-08-29,Old Dominion,American,Home,,3,,3.0,2.0,10.0,6.0,,,,1.0,2.0,2.0,10.0,7.0,,,1.0,1.0
523,2021-09-03,Old Dominion,James Madison,Away,,3,2.0,3.0,2.0,11.0,9.0,32.0,,,,2.0,2.0,8.0,7.0,52.0,,,
523,2021-09-10,Old Dominion,Longwood,Home,,2,1.0,2.0,2.0,11.0,8.0,,,,,1.0,,5.0,3.0,,,,
523,2021-09-12,Old Dominion,VCU,Away,,3,0.0,3.0,2.0,16.0,10.0,40.0,,,2.0,,,7.0,5.0,28.0,,,
523,2021-09-17,Old Dominion,UConn,Away,,0,2.0,,,7.0,4.0,,,,1.0,2.0,,10.0,6.0,,,1.0,3.0
523,2021-09-24,Old Dominion,Quinnipiac,Home,,7,0.0,7.0,4.0,21.0,12.0,,,,,,,5.0,3.0,,,,1.0
523,2021-09-26,Old Dominion,Virginia,Away,,2,1.0,2.0,3.0,7.0,6.0,,,,,1.0,2.0,12.0,6.0,,,,2.0
523,2021-10-01,Old Dominion,Villanova,Away,,3,,3.0,3.0,15.0,9.0,37.0,,,,2.0,3.0,9.0,7.0,41.0,,,
523,2021-10-03,Old Dominion,Richmond,Home,,4,,4.0,4.0,22.0,12.0,,,,1.0,3.0,5.0,13.0,8.0,,,,
523,2021-10-08,Old Dominion,Georgetown,Home,,2,0.0,2.0,2.0,22.0,8.0,,,1.0,,,,3.0,1.0,,,,2.0
523,2021-10-10,Old Dominion,Duke,Away,,1,5.0,1.0,,15.0,9.0,,,,1.0,5.0,6.0,13.0,7.0,,,,
523,2021-10-15,Old Dominion,Providence,Away,,2,1.0,2.0,3.0,10.0,7.0,,,,1.0,1.0,1.0,14.0,7.0,,,,
523,2021-10-17,Old Dominion,Virginia,Home,,2,1.0,2.0,1.0,7.0,5.0,,,,1.0,1.0,1.0,9.0,4.0,,,,1.0
523,2021-10-22,Old Dominion,Temple,Home,,2,0.0,2.0,1.0,10.0,5.0,,,,,,,6.0,5.0,,,,
523,2021-10-24,Old Dominion,William & Mary,Home,,2,1.0,2.0,2.0,10.0,5.0,,,2.0,1.0,1.0,,3.0,2.0,,,,2.0
523,2021-10-29,Old Dominion,Liberty,Away,,1,2.0,1.0,,5.0,2.0,,,1.0,2.0,2.0,1.0,14.0,10.0,,,,
523,2021-11-05,Old Dominion,UConn,Away,,1,2.0,1.0,,11.0,5.0,,,,2.0,2.0,3.0,5.0,5.0,,,,2.0
540,2021-09-03,Penn,Louisville,Home,,1,3.0,1.0,1.0,5.0,1.0,,,,,3.0,3.0,14.0,10.0,,,,2.0
540,2021-09-05,Penn,North Carolina,Home,,1,9.0,1.0,1.0,3.0,1.0,,,,,9.0,11.0,20.0,11.0,,,,2.0
540,2021-09-10,Penn,Drexel,Home,,5,3.0,5.0,6.0,13.0,8.0,,,,,3.0,4.0,17.0,11.0,,,,1.0
540,2021-09-12,Penn,Villanova,Away,,2,0.0,2.0,2.0,7.0,5.0,36.0,,3.0,1.0,,,4.0,3.0,33.0,,,1.0
540,2021-09-17,Penn,Saint Joseph's,Home,,0,4.0,,,4.0,2.0,,,,,4.0,3.0,18.0,11.0,,,1.0,1.0
540,2021-09-19,Penn,Towson,Home,,1,0.0,1.0,1.0,14.0,10.0,,,,1.0,,,5.0,1.0,,,1.0,1.0
540,2021-09-24,Penn,Princeton,Home,,1,5.0,1.0,1.0,6.0,3.0,,,,2.0,5.0,5.0,19.0,13.0,,,,
540,2021-09-26,Penn,Syracuse,Home,,0,2.0,,,6.0,1.0,,,,1.0,2.0,1.0,12.0,8.0,,,1.0,2.0
540,2021-10-02,Penn,Harvard,Away,,1,3.0,1.0,1.0,5.0,4.0,,,,1.0,3.0,5.0,12.0,9.0,,,,1.0
540,2021-10-09,Penn,Cornell,Home,,2,,2.0,2.0,18.0,9.0,,,,,1.0,2.0,8.0,7.0,,,2.0,2.0
540,2021-10-16,Penn,Brown,Away,,3,2.0,3.0,3.0,15.0,10.0,,,,3.0,2.0,1.0,18.0,11.0,,,,1.0
540,2021-10-23,Penn,Yale,Home,,3,1.0,3.0,3.0,10.0,5.0,,,,,1.0,1.0,9.0,4.0,,,,1.0
540,2021-10-24,Penn,Delaware,Away,,0,1.0,,,3.0,1.0,,,,,1.0,2.0,11.0,4.0,,,,
540,2021-10-29,Penn,Columbia,Away,,1,0.0,1.0,2.0,5.0,3.0,21.0,,,2.0,,,13.0,9.0,19.0,,,
540,2021-10-31,Penn,Temple,Home,,2,0.0,2.0,2.0,6.0,5.0,,,,2.0,,,7.0,3.0,,,,1.0
540,2021-11-06,Penn,Dartmouth,Home,,2,1.0,2.0,3.0,15.0,5.0,,,,1.0,1.0,1.0,4.0,2.0,,,,
539,2021-08-27,Penn St.,Virginia,Away,,3,,3.0,3.0,8.0,5.0,,,,1.0,2.0,3.0,25.0,11.0,,,,
539,2021-08-29,Penn St.,William & Mary,Away,,7,2.0,7.0,8.0,18.0,12.0,,,,1.0,2.0,2.0,8.0,6.0,,,,
539,2021-09-05,Penn St.,Saint Joseph's,Home,,3,2.0,3.0,3.0,15.0,7.0,,,,,2.0,1.0,11.0,7.0,,,,
539,2021-09-10,Penn St.,UAlbany,Home,,3,1.0,3.0,6.0,7.0,6.0,,,,1.0,1.0,2.0,4.0,2.0,,,,1.0
539,2021-09-12,Penn St.,Delaware,Home,,3,0.0,3.0,2.0,21.0,11.0,,,,,,,11.0,6.0,,,,
539,2021-09-18,Penn St.,Maryland,Away,,3,,3.0,1.0,13.0,10.0,,,,1.0,2.0,3.0,15.0,9.0,,,,2.0
539,2021-09-24,Penn St.,Iowa,Away,,0,1.0,,,6.0,1.0,,,2.0,,1.0,1.0,12.0,3.0,,,,3.0
539,2021-09-26,Penn St.,Iowa,Away,,0,4.0,,,6.0,3.0,,,,,4.0,3.0,14.0,9.0,,,,
539,2021-10-01,Penn St.,Indiana,Home,,4,1.0,4.0,2.0,22.0,12.0,,,2.0,2.0,1.0,2.0,3.0,2.0,,,,2.0
539,2021-10-03,Penn St.,Northwestern,Home,,2,,2.0,1.0,17.0,13.0,,,,1.0,1.0,2.0,15.0,4.0,,,,1.0
539,2021-10-08,Penn St.,Rutgers,Home,,0,1.0,,,11.0,8.0,,,,1.0,1.0,,12.0,7.0,,,1.0,1.0
539,2021-10-09,Penn St.,Bucknell,Home,,4,1.0,4.0,1.0,25.0,17.0,,,,,1.0,2.0,4.0,3.0,,,,2.0
539,2021-10-15,Penn St.,Lafayette,Away,,3,1.0,3.0,2.0,23.0,16.0,,,,,1.0,2.0,6.0,5.0,,,,2.0
539,2021-10-17,Penn St.,Princeton,Away,,2,,2.0,2.0,21.0,8.0,,,,1.0,3.0,4.0,16.0,12.0,,,,1.0
539,2021-10-22,Penn St.,Ohio St.,Away,,4,0.0,4.0,2.0,15.0,9.0,,,,1.0,,,11.0,1.0,,,,
539,2021-10-24,Penn St.,Michigan St.,Away,,1,0.0,1.0,1.0,24.0,11.0,,,,1.0,,,6.0,2.0,,,,
539,2021-10-29,Penn St.,Michigan,Home,,3,,3.0,5.0,7.0,4.0,,,,2.0,2.0,1.0,16.0,10.0,,,,
539,2021-11-04,Penn St.,Maryland,Home,,3,2.0,3.0,2.0,15.0,7.0,,,,,2.0,3.0,9.0,6.0,,,,
539,2021-11-05,Penn St.,Rutgers,Home,,1,2.0,1.0,1.0,9.0,5.0,,,,1.0,2.0,2.0,6.0,6.0,,,,
539,2021-11-12,Penn St.,Syracuse,Home,,1,4.0,1.0,,11.0,6.0,,,1.0,2.0,4.0,4.0,15.0,11.0,,,,1.0
554,2021-09-03,Princeton,North Carolina,Home,,1,4.0,1.0,,12.0,9.0,,,,2.0,4.0,3.0,16.0,11.0,,,1.0,1.0
554,2021-09-05,Princeton,Louisville,Home,,2,,2.0,2.0,17.0,9.0,,,1.0,1.0,3.0,3.0,11.0,5.0,,,,1.0
554,2021-09-11,Princeton,Duke,Home,,1,3.0,1.0,1.0,20.0,10.0,,,1.0,1.0,3.0,3.0,11.0,6.0,,,2.0,1.0
554,2021-09-17,Princeton,Delaware,Away,,3,2.0,3.0,2.0,13.0,9.0,,,,1.0,2.0,3.0,3.0,2.0,,,1.0,2.0
554,2021-09-19,Princeton,Boston U.,Home,,7,0.0,7.0,5.0,18.0,11.0,23.0,,,1.0,,,4.0,2.0,31.0,,,1.0
554,2021-09-21,Princeton,Maryland,Away,,3,,3.0,2.0,6.0,5.0,,,,,4.0,2.0,12.0,9.0,,,1.0,2.0
554,2021-09-24,Princeton,Penn,Away,,5,1.0,5.0,5.0,19.0,13.0,,,,,1.0,1.0,6.0,3.0,,,,2.0
554,2021-09-26,Princeton,Rutgers,Home,,1,3.0,1.0,2.0,6.0,1.0,,,,2.0,3.0,3.0,12.0,7.0,,,,2.0
554,2021-10-01,Princeton,Yale,Home,,3,1.0,3.0,3.0,19.0,16.0,,,,,1.0,2.0,6.0,5.0,,,,1.0
554,2021-10-03,Princeton,UConn,Home,,2,,2.0,4.0,22.0,11.0,,,,,1.0,1.0,12.0,6.0,,,,1.0
554,2021-10-09,Princeton,Dartmouth,Away,,6,0.0,6.0,7.0,19.0,14.0,,,,,,,4.0,2.0,,,,1.0
554,2021-10-15,Princeton,Cornell,Home,,3,,3.0,3.0,17.0,7.0,,,,2.0,2.0,2.0,7.0,5.0,,,1.0,
554,2021-10-17,Princeton,Penn St.,Home,,3,,3.0,4.0,16.0,12.0,,,,1.0,2.0,2.0,21.0,8.0,,,,1.0
554,2021-10-23,Princeton,Harvard,Away,,1,,1.0,1.0,11.0,5.0,,,,1.0,1.0,2.0,8.0,4.0,,,,4.0
554,2021-10-26,Princeton,Monmouth,Home,,2,,2.0,2.0,17.0,4.0,,,,,3.0,3.0,20.0,11.0,,,,
554,2021-10-30,Princeton,Brown,Away,,3,0.0,3.0,2.0,11.0,7.0,,,,1.0,,,5.0,3.0,,,,2.0
554,2021-11-06,Princeton,Columbia,Home,,5,1.0,5.0,4.0,24.0,16.0,,,,,1.0,1.0,6.0,2.0,,,,
556,2021-08-27,Providence,Bryant,Home,,4,0.0,4.0,4.0,23.0,18.0,,,,,,,,,,,1.0,2.0
556,2021-08-29,Providence,Boston U.,Home,,2,1.0,2.0,2.0,5.0,4.0,,,,1.0,1.0,2.0,16.0,13.0,,,,1.0
556,2021-09-04,Providence,Maine,Away,,1,,1.0,,10.0,9.0,35.0,,,,2.0,1.0,14.0,11.0,29.0,,,3.0
556,2021-09-05,Providence,Harvard,Home,,0,3.0,,,4.0,4.0,11.0,,,1.0,3.0,2.0,29.0,19.0,22.0,,,1.0
556,2021-09-10,Providence,New Hampshire,Home,,2,1.0,2.0,2.0,7.0,3.0,,,,,1.0,1.0,9.0,7.0,,,,
556,2021-09-12,Providence,LIU,Home,,5,2.0,5.0,5.0,13.0,9.0,,,,,2.0,1.0,9.0,9.0,,,,
556,2021-09-17,Providence,Villanova,Away,,3,5.0,3.0,5.0,12.0,9.0,35.0,,,,5.0,7.0,19.0,12.0,45.0,,1.0,1.0
556,2021-09-19,Providence,Monmouth,Away,,0,7.0,,,15.0,5.0,,,,1.0,7.0,6.0,17.0,12.0,,,,
556,2021-09-24,Providence,Georgetown,Home,,2,1.0,2.0,1.0,15.0,10.0,,,,3.0,1.0,1.0,9.0,4.0,,,,2.0
556,2021-09-26,Providence,Massachusetts,Away,,0,2.0,,,3.0,1.0,,,,1.0,2.0,4.0,16.0,10.0,,,2.0,1.0
556,2021-10-01,Providence,UConn,Away,,0,3.0,,,8.0,4.0,,,1.0,2.0,3.0,5.0,15.0,7.0,,,1.0,2.0
556,2021-10-03,Providence,VCU,Home,,0,1.0,,,7.0,5.0,,,,,1.0,,7.0,5.0,,,,
556,2021-10-08,Providence,Temple,Home,,0,1.0,,,4.0,2.0,,,,,1.0,1.0,5.0,2.0,,,,1.0
556,2021-10-15,Providence,Old Dominion,Home,,1,2.0,1.0,1.0,14.0,7.0,,,,,2.0,3.0,10.0,7.0,,,,1.0
556,2021-10-17,Providence,Brown,Home,,2,0.0,2.0,2.0,10.0,6.0,,,,,,,13.0,6.0,,,1.0,3.0
556,2021-10-22,Providence,Liberty,Away,,2,5.0,2.0,2.0,2.0,2.0,,,,,5.0,3.0,39.0,27.0,,,,
556,2021-10-29,Providence,Quinnipiac,Home,,5,2.0,5.0,3.0,11.0,8.0,,,,1.0,2.0,3.0,5.0,4.0,,,,1.0
556,2021-10-31,Providence,Dartmouth,Home,,6,1.0,6.0,4.0,16.0,12.0,,,,,1.0,,7.0,5.0,,,,1.0
562,2021-08-27,Quinnipiac,Boston College,Away,,0,3.0,,,6.0,4.0,,,,,3.0,1.0,19.0,10.0,,,,
562,2021-09-05,Quinnipiac,Columbia,Away,,1,5.0,1.0,,12.0,6.0,27.0,,2.0,1.0,5.0,5.0,14.0,9.0,27.0,,,
562,2021-09-09,Quinnipiac,Fairfield,Home,,0,3.0,,,6.0,,44.0,,1.0,1.0,3.0,2.0,5.0,4.0,41.0,,,3.0
562,2021-09-12,Quinnipiac,Lafayette,Home,,0,2.0,,,3.0,,29.0,,,1.0,2.0,1.0,17.0,7.0,44.0,,,1.0
562,2021-09-17,Quinnipiac,Temple,Home,,2,,2.0,1.0,16.0,10.0,53.0,,,1.0,2.0,1.0,25.0,13.0,60.0,,,1.0
562,2021-09-19,Quinnipiac,Hofstra,Away,,0,2.0,,,12.0,6.0,31.0,,,1.0,2.0,2.0,10.0,5.0,41.0,,1.0,1.0
562,2021-09-24,Quinnipiac,Old Dominion,Away,,0,7.0,,,5.0,3.0,,,,1.0,7.0,4.0,21.0,12.0,,,,
562,2021-09-26,Quinnipiac,Wagner,Away,,1,4.0,1.0,1.0,13.0,13.0,,,,3.0,4.0,3.0,17.0,13.0,,,,2.0
562,2021-10-01,Quinnipiac,Liberty,Home,,0,5.0,,,4.0,1.0,38.0,,,1.0,5.0,6.0,25.0,14.0,33.0,,,1.0
562,2021-10-03,Quinnipiac,Yale,Home,,3,,3.0,2.0,7.0,6.0,31.0,,,3.0,2.0,2.0,20.0,9.0,32.0,,,1.0
562,2021-10-08,Quinnipiac,UConn,Home,,0,1.0,,,7.0,3.0,45.0,,,,1.0,1.0,15.0,9.0,43.0,,,1.0
562,2021-10-15,Quinnipiac,Georgetown,Away,,1,,1.0,1.0,8.0,7.0,64.0,,1.0,3.0,2.0,3.0,17.0,10.0,67.0,,,2.0
562,2021-10-22,Quinnipiac,Villanova,Home,,5,,5.0,4.0,14.0,10.0,46.0,,,2.0,4.0,3.0,11.0,10.0,45.0,,,1.0
562,2021-10-29,Quinnipiac,Providence,Away,,2,5.0,2.0,3.0,5.0,4.0,,,,1.0,5.0,3.0,11.0,8.0,,,,1.0
562,2021-10-31,Quinnipiac,Sacred Heart,Home,,3,0.0,3.0,2.0,14.0,8.0,32.0,,,2.0,,,3.0,1.0,27.0,,,
575,2021-08-28,Richmond,Rutgers,Home,,2,5.0,2.0,,6.0,4.0,,,,3.0,5.0,7.0,23.0,11.0,1.0,,,1.0
575,2021-08-29,Richmond,Duke,Away,,0,1.0,,,7.0,4.0,,,2.0,2.0,1.0,1.0,13.0,6.0,,,1.0,
575,2021-09-05,Richmond,James Madison,Home,,0,3.0,,,11.0,7.0,,,,,3.0,3.0,16.0,8.0,,,,
575,2021-09-10,Richmond,American,Home,,1,2.0,1.0,2.0,7.0,5.0,,,,1.0,2.0,1.0,13.0,5.0,,,,1.0
575,2021-09-12,Richmond,Miami (OH),Home,,0,3.0,,,9.0,7.0,,,1.0,2.0,3.0,2.0,17.0,13.0,,,,1.0
575,2021-09-17,Richmond,Saint Louis,Away,,4,0.0,4.0,5.0,17.0,10.0,,,,2.0,,,8.0,2.0,,,,
575,2021-09-19,Richmond,Indiana,Away,,0,1.0,,,5.0,2.0,,,,,1.0,2.0,22.0,8.0,,,1.0,1.0
575,2021-09-24,Richmond,La Salle,Home,,3,1.0,3.0,4.0,24.0,13.0,,,,3.0,1.0,1.0,7.0,3.0,,,,1.0
575,2021-09-26,Richmond,Saint Joseph's,Home,,0,1.0,,,6.0,3.0,,,,3.0,1.0,2.0,23.0,9.0,,,,1.0
575,2021-10-01,Richmond,Davidson,Away,,4,0.0,4.0,2.0,15.0,11.0,,,,,,,3.0,3.0,,,,
575,2021-10-03,Richmond,Old Dominion,Away,,3,,3.0,5.0,13.0,8.0,,,,,4.0,4.0,22.0,12.0,,,,1.0
575,2021-10-08,Richmond,William & Mary,Home,,4,3.0,4.0,4.0,12.0,8.0,,,2.0,2.0,3.0,2.0,10.0,5.0,,,,1.0
575,2021-10-10,Richmond,Boston College,Home,,0,3.0,,,9.0,4.0,,,,,3.0,1.0,15.0,12.0,,,,
575,2021-10-15,Richmond,Lock Haven,Away,,0,3.0,,,14.0,8.0,,,,1.0,3.0,2.0,6.0,4.0,,,,1.0
575,2021-10-17,Richmond,Massachusetts,Away,,1,0.0,1.0,1.0,10.0,5.0,,,,2.0,,,17.0,10.0,,,,
575,2021-10-24,Richmond,Wake Forest,Home,,1,4.0,1.0,1.0,4.0,1.0,,,,1.0,4.0,4.0,23.0,17.0,,,1.0,1.0
575,2021-10-29,Richmond,VCU,Home,,1,3.0,1.0,,7.0,4.0,,,1.0,2.0,3.0,4.0,12.0,7.0,,,,2.0
575,2021-10-31,Richmond,Georgetown,Away,,1,3.0,1.0,,11.0,7.0,54.0,,1.0,1.0,3.0,5.0,15.0,7.0,60.0,,,1.0
575,2021-11-05,Richmond,Saint Joseph's,Away,,1,8.0,1.0,1.0,4.0,2.0,,,,,8.0,7.0,25.0,16.0,,,,1.0
576,2021-08-27,Rider,La Salle,Home,,3,,3.0,2.0,26.0,18.0,66.0,,,,2.0,2.0,8.0,7.0,55.0,,,1.0
576,2021-08-29,Rider,Colgate,Away,,2,1.0,2.0,2.0,10.0,5.0,15.0,,,,1.0,,16.0,5.0,18.0,,2.0,3.0
576,2021-09-03,Rider,Bellarmine,Home,,5,1.0,5.0,3.0,24.0,14.0,,,,1.0,1.0,1.0,9.0,4.0,,,,2.0
576,2021-09-04,Rider,Miami (OH),Away,,1,3.0,1.0,1.0,6.0,2.0,,,,2.0,3.0,3.0,17.0,10.0,,,,1.0
576,2021-09-10,Rider,Georgetown,Home,,2,0.0,2.0,2.0,12.0,6.0,66.0,,,2.0,,,3.0,2.0,55.0,,1.0,1.0
576,2021-09-12,Rider,Towson,Away,,3,,3.0,2.0,23.0,14.0,,,,,2.0,2.0,9.0,8.0,,,1.0,2.0
576,2021-09-19,Rider,Drexel,Away,,3,4.0,3.0,,13.0,6.0,,,1.0,,4.0,2.0,21.0,11.0,,,,1.0
576,2021-09-24,Rider,Hofstra,Away,,3,,3.0,2.0,10.0,6.0,44.0,,,1.0,2.0,2.0,11.0,6.0,44.0,,,
576,2021-10-01,Rider,Merrimack,Away,,2,1.0,2.0,2.0,20.0,11.0,33.0,,1.0,,1.0,,7.0,4.0,37.0,,4.0,
576,2021-10-03,Rider,Lock Haven,Home,,2,1.0,2.0,1.0,9.0,6.0,42.0,,,,1.0,1.0,6.0,5.0,36.0,,,2.0
576,2021-10-08,Rider,Fairfield,Away,,0,2.0,,,7.0,3.0,27.0,,,,2.0,2.0,13.0,5.0,23.0,,,1.0
576,2021-10-10,Rider,LIU,Home,,1,2.0,1.0,1.0,10.0,4.0,52.0,,,2.0,2.0,3.0,4.0,3.0,39.0,,1.0,3.0
576,2021-10-15,Rider,Bryant,Home,,5,1.0,5.0,5.0,24.0,19.0,65.0,,,1.0,1.0,,4.0,4.0,55.0,,,1.0
576,2021-10-17,Rider,Lehigh,Away,,0,3.0,,,7.0,2.0,,,,1.0,3.0,2.0,13.0,9.0,,,,
576,2021-10-22,Rider,Wagner,Away,,1,2.0,1.0,1.0,11.0,6.0,,,,1.0,2.0,,11.0,8.0,,,,1.0
576,2021-10-24,Rider,Saint Francis,Home,,2,1.0,2.0,1.0,25.0,17.0,60.0,,,,1.0,,3.0,2.0,49.0,,,2.0
576,2021-10-28,Rider,Sacred Heart,Home,,3,2.0,3.0,3.0,23.0,16.0,52.0,,,2.0,2.0,1.0,3.0,3.0,68.0,,,1.0
576,2021-10-31,Rider,Columbia,Away,,1,2.0,1.0,,11.0,7.0,18.0,,,,2.0,3.0,16.0,6.0,21.0,,,
576,2021-11-05,Rider,Fairfield,Home,,1,2.0,1.0,,7.0,4.0,26.0,,,,2.0,2.0,7.0,5.0,27.0,,,1.0
587,2021-08-27,Rutgers,Duke,Away,,3,0.0,3.0,2.0,11.0,8.0,,,,1.0,,,6.0,2.0,,,,3.0
587,2021-08-28,Rutgers,Richmond,Home,,5,2.0,5.0,7.0,23.0,11.0,1.0,,,1.0,2.0,,6.0,4.0,,,,3.0
587,2021-09-03,Rutgers,UConn,Away,,2,,2.0,1.0,15.0,9.0,,,,1.0,1.0,1.0,5.0,3.0,,,,1.0
587,2021-09-10,Rutgers,Syracuse,Home,,3,,3.0,1.0,18.0,14.0,,,,1.0,2.0,1.0,9.0,5.0,,,,1.0
587,2021-09-12,Rutgers,Saint Joseph's,Away,,1,2.0,1.0,2.0,7.0,4.0,,,1.0,3.0,2.0,2.0,11.0,5.0,,,1.0,2.0
587,2021-09-17,Rutgers,Monmouth,Home,,3,2.0,3.0,1.0,13.0,8.0,,,,,2.0,,8.0,7.0,,,,
587,2021-09-19,Rutgers,Delaware,Away,,2,0.0,2.0,1.0,7.0,5.0,,,,2.0,,,7.0,4.0,,,,
587,2021-09-24,Rutgers,Northwestern,Away,,2,1.0,2.0,2.0,14.0,9.0,,,1.0,,1.0,,10.0,4.0,,,,3.0
587,2021-09-26,Rutgers,Princeton,Away,,3,1.0,3.0,3.0,12.0,7.0,,,,2.0,1.0,2.0,6.0,1.0,,,,2.0
587,2021-10-01,Rutgers,Iowa,Home,,1,2.0,1.0,1.0,9.0,4.0,20.0,,1.0,1.0,2.0,2.0,5.0,4.0,19.0,,1.0,2.0
587,2021-10-03,Rutgers,Indiana,Home,,1,,1.0,1.0,16.0,8.0,,,,1.0,,,3.0,1.0,,,1.0,
587,2021-10-08,Rutgers,Penn St.,Away,,1,0.0,1.0,,12.0,7.0,,,1.0,1.0,,,11.0,8.0,,,,1.0
587,2021-10-15,Rutgers,Maryland,Home,,1,0.0,1.0,,6.0,4.0,,,,2.0,,,15.0,12.0,,,,
587,2021-10-17,Rutgers,Columbia,Home,,2,0.0,2.0,1.0,28.0,20.0,,,,,,,6.0,5.0,,,,1.0
587,2021-10-22,Rutgers,Michigan,Away,,0,3.0,,,3.0,2.0,,,1.0,,3.0,1.0,14.0,12.0,,,,2.0
587,2021-10-24,Rutgers,Ohio St.,Away,,3,1.0,3.0,1.0,9.0,5.0,,,,1.0,1.0,1.0,6.0,5.0,,,,1.0
587,2021-10-29,Rutgers,Michigan St.,Home,,3,0.0,3.0,2.0,14.0,10.0,,,,,,,6.0,5.0,,,,1.0
587,2021-10-31,Rutgers,Lafayette,Home,,2,1.0,2.0,1.0,12.0,6.0,,,,,1.0,,5.0,3.0,,,,
587,2021-11-04,Rutgers,Indiana,Home,,3,1.0,3.0,2.0,12.0,9.0,,,,2.0,1.0,1.0,6.0,4.0,,,1.0,
587,2021-11-05,Rutgers,Penn St.,Home,,2,1.0,2.0,2.0,6.0,6.0,,,,,1.0,1.0,9.0,5.0,,,,1.0
587,2021-11-07,Rutgers,Michigan,Home,,1,0.0,1.0,1.0,3.0,2.0,,,,,,,12.0,4.0,,,,
587,2021-11-12,Rutgers,Delaware,Home,,2,1.0,2.0,2.0,7.0,4.0,,,,1.0,1.0,1.0,8.0,5.0,,,,1.0
587,2021-11-14,Rutgers,Liberty,Home,,2,,2.0,,8.0,3.0,,,1.0,2.0,2.0,3.0,9.0,5.0,,,,1.0
590,2021-08-27,Sacred Heart,Syracuse,Away,,0,7.0,,,2.0,1.0,,,,2.0,7.0,2.0,32.0,19.0,,,,1.0
590,2021-08-28,Sacred Heart,Vermont,Home,,0,3.0,,,6.0,2.0,,,,1.0,3.0,5.0,10.0,6.0,,,,
590,2021-09-03,Sacred Heart,Georgetown,Home,,0,,,,5.0,1.0,52.0,,,,1.0,2.0,11.0,3.0,42.0,,,1.0
590,2021-09-12,Sacred Heart,Holy Cross,Away,,0,1.0,,,12.0,2.0,21.0,,,1.0,1.0,1.0,10.0,3.0,28.0,,,
590,2021-09-17,Sacred Heart,Hofstra,Home,,0,2.0,,,13.0,4.0,52.0,,,1.0,2.0,4.0,10.0,7.0,50.0,,1.0,1.0
590,2021-09-19,Sacred Heart,Bucknell,Away,,2,4.0,2.0,2.0,6.0,3.0,,,,1.0,4.0,4.0,19.0,7.0,,,,
590,2021-09-26,Sacred Heart,Lehigh,Away,,0,4.0,,,2.0,1.0,,,,1.0,4.0,4.0,16.0,9.0,,,,1.0
590,2021-10-01,Sacred Heart,Bryant,Home,,4,,4.0,,16.0,13.0,32.0,,,1.0,3.0,,10.0,6.0,50.0,,1.0,1.0
590,2021-10-03,Sacred Heart,UMass Lowell,Away,,1,3.0,1.0,,8.0,3.0,,,,,3.0,2.0,17.0,8.0,,,1.0,1.0
590,2021-10-08,Sacred Heart,Merrimack,Home,,4,,4.0,2.0,26.0,15.0,40.0,,1.0,1.0,3.0,2.0,8.0,7.0,46.0,,1.0,
590,2021-10-10,Sacred Heart,Fairfield,Away,,0,3.0,,,3.0,,43.0,,,,3.0,3.0,13.0,6.0,37.0,,,2.0
590,2021-10-15,Sacred Heart,Saint Francis,Away,,0,1.0,,,6.0,3.0,40.0,,,2.0,1.0,2.0,11.0,7.0,55.0,,1.0,2.0
590,2021-10-17,Sacred Heart,Lock Haven,Away,,0,2.0,,,6.0,3.0,,,,,2.0,1.0,6.0,4.0,,,,1.0
590,2021-10-20,Sacred Heart,Yale,Away,,2,4.0,2.0,2.0,11.0,7.0,,,,1.0,4.0,4.0,24.0,13.0,,,1.0,1.0
590,2021-10-22,Sacred Heart,LIU,Away,,0,3.0,,,5.0,5.0,44.0,,1.0,2.0,3.0,4.0,10.0,6.0,49.0,,,4.0
590,2021-10-24,Sacred Heart,Wagner,Home,,1,2.0,1.0,1.0,16.0,10.0,45.0,,,,2.0,2.0,18.0,13.0,45.0,,1.0,
590,2021-10-28,Sacred Heart,Rider,Away,,2,3.0,2.0,1.0,3.0,3.0,68.0,,,1.0,3.0,3.0,23.0,16.0,52.0,,,2.0
590,2021-10-31,Sacred Heart,Quinnipiac,Away,,0,3.0,,,3.0,1.0,27.0,,,,3.0,2.0,14.0,8.0,32.0,,,2.0
600,2021-08-27,Saint Francis,Holy Cross,Home,,0,3.0,,,2.0,2.0,36.0,,,2.0,3.0,1.0,11.0,7.0,27.0,,,
600,2021-08-29,Saint Francis,James Madison,Away,,0,3.0,,,3.0,1.0,44.0,,,1.0,3.0,3.0,25.0,18.0,30.0,,,
600,2021-09-03,Saint Francis,Brown,Away,,0,2.0,,,7.0,5.0,36.0,,,,2.0,2.0,16.0,9.0,40.0,,1.0,1.0
600,2021-09-05,Saint Francis,Ball St.,Home,,1,,1.0,,6.0,2.0,54.0,,,1.0,2.0,1.0,9.0,7.0,35.0,,,2.0
600,2021-09-10,Saint Francis,Lock Haven,Home,,3,2.0,3.0,4.0,10.0,8.0,33.0,,,1.0,2.0,2.0,7.0,6.0,42.0,,,
600,2021-09-17,Saint Francis,Drexel,Away,,2,1.0,2.0,,12.0,7.0,,,,2.0,1.0,1.0,18.0,9.0,,,1.0,
600,2021-09-19,Saint Francis,Ohio,Home,,2,1.0,2.0,2.0,12.0,8.0,46.0,,,1.0,1.0,1.0,14.0,10.0,36.0,,,
600,2021-09-25,Saint Francis,Longwood,Away,,1,3.0,1.0,1.0,6.0,1.0,,,,1.0,3.0,1.0,13.0,7.0,,,,2.0
600,2021-09-26,Saint Francis,Miami (OH),Away,,0,4.0,,,3.0,1.0,,,2.0,2.0,4.0,3.0,16.0,9.0,,,,1.0
600,2021-10-01,Saint Francis,Wagner,Home,,1,8.0,1.0,1.0,10.0,5.0,41.0,,2.0,3.0,8.0,6.0,8.0,8.0,42.0,,,5.0
600,2021-10-03,Saint Francis,Central Mich.,Home,,0,1.0,,,12.0,8.0,56.0,,,3.0,1.0,,9.0,5.0,58.0,,,1.0
600,2021-10-08,Saint Francis,Bryant,Away,,5,0.0,5.0,3.0,26.0,18.0,,,,,,,8.0,3.0,,,,
600,2021-10-10,Saint Francis,Merrimack,Away,,2,,2.0,1.0,30.0,18.0,57.0,,3.0,1.0,3.0,4.0,11.0,7.0,57.0,,2.0,
600,2021-10-15,Saint Francis,Sacred Heart,Home,,1,0.0,1.0,2.0,11.0,7.0,55.0,,1.0,2.0,,,6.0,3.0,40.0,,,2.0
600,2021-10-17,Saint Francis,Georgetown,Away,,4,,3.0,4.0,21.0,11.0,78.0,,2.0,2.0,3.0,5.0,19.0,7.0,80.0,,2.0,3.0
600,2021-10-22,Saint Francis,Fairfield,Away,,1,5.0,1.0,1.0,5.0,4.0,23.0,,1.0,3.0,5.0,5.0,26.0,12.0,21.0,,,
600,2021-10-24,Saint Francis,Rider,Away,,1,2.0,1.0,,3.0,2.0,49.0,,,2.0,2.0,1.0,25.0,17.0,60.0,,,
600,2021-10-29,Saint Francis,LIU,Home,,1,0.0,1.0,1.0,7.0,5.0,33.0,,,,,,4.0,4.0,38.0,,,2.0
600,2021-10-31,Saint Francis,Bellarmine,Away,,2,6.0,2.0,1.0,30.0,15.0,,,,1.0,6.0,3.0,15.0,8.0,,,2.0,3.0
606,2021-08-27,Saint Joseph's,Fairfield,Home,,4,0.0,4.0,4.0,17.0,11.0,,,,,,,3.0,2.0,,,,
606,2021-08-29,Saint Joseph's,Maryland,Away,,3,,3.0,1.0,19.0,13.0,,,,,4.0,4.0,16.0,12.0,,,,2.0
606,2021-09-03,Saint Joseph's,Drexel,Home,,7,2.0,7.0,5.0,23.0,14.0,,,,,2.0,2.0,6.0,3.0,,,,1.0
606,2021-09-05,Saint Joseph's,Penn St.,Away,,2,3.0,2.0,1.0,11.0,7.0,,,,,3.0,3.0,15.0,7.0,,,,
606,2021-09-10,Saint Joseph's,North Carolina,Home,,3,2.0,3.0,4.0,3.0,3.0,,,,2.0,2.0,,7.0,6.0,,,,
606,2021-09-12,Saint Joseph's,Rutgers,Home,,2,1.0,2.0,2.0,11.0,5.0,,,1.0,2.0,1.0,2.0,7.0,4.0,,,1.0,3.0
606,2021-09-17,Saint Joseph's,Penn,Away,,4,0.0,4.0,3.0,18.0,11.0,,,1.0,1.0,,,4.0,2.0,,,,
606,2021-09-19,Saint Joseph's,Temple,Away,,2,0.0,2.0,,10.0,8.0,33.0,,,2.0,,,7.0,4.0,30.0,,,1.0
606,2021-09-24,Saint Joseph's,VCU,Away,,3,1.0,3.0,2.0,8.0,4.0,61.0,,,4.0,1.0,,6.0,3.0,45.0,,,2.0
606,2021-09-26,Saint Joseph's,Richmond,Away,,1,0.0,1.0,2.0,23.0,9.0,,,,1.0,,,6.0,3.0,,,,3.0
606,2021-10-01,Saint Joseph's,Delaware,Home,,3,,3.0,3.0,16.0,10.0,,,,,4.0,2.0,13.0,8.0,,,,1.0
606,2021-10-03,Saint Joseph's,Saint Louis,Home,,3,0.0,3.0,2.0,25.0,9.0,,,,1.0,,,,,,,,
606,2021-10-08,Saint Joseph's,Lock Haven,Home,,6,0.0,6.0,5.0,26.0,19.0,,,,1.0,,,2.0,2.0,,,,
606,2021-10-15,Saint Joseph's,Massachusetts,Away,,0,,,,22.0,16.0,,,,,1.0,,8.0,6.0,,,1.0,1.0
606,2021-10-17,Saint Joseph's,Boston College,Away,,2,0.0,2.0,,14.0,10.0,,,,2.0,,,7.0,3.0,,,,1.0
606,2021-10-22,Saint Joseph's,Davidson,Home,,6,0.0,6.0,5.0,24.0,14.0,,,,,,,,,,,,2.0
606,2021-10-28,Saint Joseph's,La Salle,Away,,3,0.0,3.0,2.0,19.0,10.0,32.0,,,1.0,,,2.0,1.0,19.0,,,1.0
606,2021-10-31,Saint Joseph's,Ohio St.,Home,,4,3.0,4.0,3.0,8.0,5.0,,,,2.0,3.0,2.0,9.0,7.0,,,,3.0
606,2021-11-05,Saint Joseph's,Richmond,Home,,8,1.0,8.0,7.0,25.0,16.0,,,,1.0,1.0,1.0,4.0,2.0,,,,
606,2021-11-06,Saint Joseph's,VCU,Home,,1,0.0,1.0,,13.0,7.0,,,1.0,,,,2.0,2.0,,,1.0,1.0
606,2021-11-12,Saint Joseph's,Liberty,Home,,0,2.0,,,8.0,1.0,,,,,2.0,1.0,16.0,5.0,,,,1.0
609,2021-08-28,Saint Louis,Michigan St.,Home,,0,4.0,,,10.0,2.0,,,1.0,2.0,4.0,1.0,22.0,15.0,,,,1.0
609,2021-08-29,Saint Louis,Kent St.,Away,,0,3.0,,,10.0,5.0,,,2.0,,3.0,,15.0,8.0,,,,
609,2021-09-06,Saint Louis,Ball St.,Away,,0,1.0,,,4.0,3.0,,,,2.0,1.0,1.0,10.0,5.0,,,,1.0
609,2021-09-07,Saint Louis,UC Davis,Home,,1,2.0,1.0,1.0,4.0,2.0,,,,1.0,2.0,2.0,16.0,8.0,,,,
609,2021-09-11,Saint Louis,Ohio,Home,,3,7.0,3.0,,5.0,4.0,,,,,7.0,5.0,25.0,16.0,,,,
609,2021-09-12,Saint Louis,Iowa,Away,,0,10.0,,,,,,,,,10.0,6.0,40.0,26.0,,,,
609,2021-09-17,Saint Louis,Richmond,Home,,0,4.0,,,8.0,2.0,,,,,4.0,5.0,17.0,10.0,,,,2.0
609,2021-09-24,Saint Louis,Lock Haven,Home,,2,6.0,2.0,1.0,18.0,14.0,,,,2.0,6.0,6.0,10.0,8.0,,,,1.0
609,2021-09-26,Saint Louis,Bellarmine,Home,,3,2.0,3.0,3.0,18.0,11.0,,,1.0,2.0,2.0,2.0,10.0,4.0,,,,4.0
609,2021-09-28,Saint Louis,Lindenwood,Away,,2,3.0,2.0,2.0,23.0,11.0,,,,1.0,3.0,3.0,8.0,5.0,,,,
609,2021-10-01,Saint Louis,La Salle,Away,,2,5.0,2.0,3.0,5.0,5.0,40.0,,1.0,3.0,5.0,4.0,15.0,12.0,41.0,,,
609,2021-10-03,Saint Louis,Saint Joseph's,Away,,0,3.0,,,,,,,,,3.0,2.0,25.0,9.0,,,,1.0
609,2021-10-08,Saint Louis,Massachusetts,Home,,1,2.0,1.0,1.0,5.0,2.0,,,,,2.0,2.0,21.0,11.0,,,,2.0
609,2021-10-17,Saint Louis,VCU,Home,,1,0.0,1.0,2.0,5.0,3.0,,,,,,,24.0,10.0,,,,
609,2021-10-22,Saint Louis,Indiana,Away,,1,7.0,1.0,1.0,2.0,1.0,,,,,7.0,7.0,25.0,18.0,,,,
609,2021-10-24,Saint Louis,Central Mich.,Home,,3,,3.0,4.0,19.0,10.0,,,,1.0,2.0,2.0,13.0,6.0,,,,1.0
609,2021-10-29,Saint Louis,Davidson,Away,,1,2.0,1.0,1.0,2.0,2.0,,,,3.0,2.0,1.0,6.0,4.0,,,,
674,2021-08-27,Stanford,California,Home,,0,1.0,,,3.0,2.0,,,,,1.0,1.0,2.0,2.0,,,,2.0
674,2021-08-30,Stanford,Liberty,Home,,1,5.0,1.0,1.0,6.0,3.0,,,,1.0,5.0,3.0,16.0,12.0,,,,
674,2021-09-06,Stanford,Dartmouth,Home,,4,1.0,4.0,3.0,22.0,13.0,,,,,1.0,1.0,1.0,1.0,,,,
674,2021-09-24,Stanford,Vermont,Away,,1,0.0,1.0,1.0,7.0,6.0,39.0,,,,,,5.0,2.0,29.0,,,
674,2021-09-26,Stanford,Maine,Away,,2,3.0,2.0,2.0,8.0,7.0,22.0,,,1.0,3.0,2.0,4.0,3.0,20.0,,,1.0
674,2021-10-01,Stanford,UC Davis,Home,,3,1.0,3.0,,17.0,9.0,,,,1.0,1.0,1.0,3.0,1.0,,,,
674,2021-10-08,Stanford,UAlbany,Away,,1,2.0,1.0,,6.0,6.0,,,,1.0,2.0,1.0,6.0,6.0,,,,1.0
674,2021-10-10,Stanford,Monmouth,Away,,1,3.0,1.0,,8.0,3.0,,,,1.0,3.0,2.0,9.0,6.0,,,,1.0
674,2021-10-22,Stanford,California,Away,,0,2.0,,,13.0,6.0,,,,,2.0,,6.0,3.0,,,,
674,2021-10-26,Stanford,UC Davis,Away,,3,5.0,3.0,3.0,6.0,5.0,,,,2.0,5.0,4.0,7.0,5.0,,,,
674,2021-10-29,Stanford,New Hampshire,Away,,1,3.0,1.0,1.0,8.0,6.0,,,,1.0,3.0,4.0,4.0,3.0,,,,
674,2021-10-31,Stanford,UMass Lowell,Away,,3,0.0,3.0,3.0,12.0,10.0,,,,,,,10.0,3.0,,,,
674,2021-11-04,Stanford,UAlbany,Home,,0,1.0,,,6.0,4.0,21.0,,,,1.0,,11.0,7.0,30.0,,,1.0
688,2021-08-27,Syracuse,Sacred Heart,Home,,7,0.0,7.0,2.0,32.0,19.0,,,,1.0,,,2.0,1.0,,,,2.0
688,2021-08-29,Syracuse,Vermont,Home,,6,0.0,6.0,6.0,27.0,20.0,,,,,,,1.0,1.0,,,,1.0
688,2021-09-04,Syracuse,Kent St.,Home,,1,,1.0,1.0,16.0,8.0,,,,1.0,2.0,1.0,5.0,4.0,,,,1.0
688,2021-09-10,Syracuse,Rutgers,Away,,2,,2.0,1.0,9.0,5.0,,,,1.0,3.0,1.0,18.0,14.0,,,,1.0
688,2021-09-12,Syracuse,UConn,Away,,5,3.0,5.0,4.0,25.0,16.0,,,,1.0,3.0,3.0,11.0,6.0,,,,
688,2021-09-17,Syracuse,Boston College,Away,,3,1.0,3.0,2.0,15.0,8.0,,,,,1.0,,7.0,5.0,,,,
688,2021-09-22,Syracuse,Cornell,Away,,1,0.0,1.0,2.0,19.0,9.0,,,,2.0,,,2.0,2.0,,,,1.0
688,2021-09-26,Syracuse,Penn,Away,,2,0.0,2.0,1.0,12.0,8.0,,,1.0,2.0,,,6.0,1.0,,,,1.0
688,2021-10-01,Syracuse,North Carolina,Home,,5,0.0,5.0,5.0,12.0,10.0,,,1.0,,,,11.0,1.0,,,1.0,
688,2021-10-03,Syracuse,Columbia,Home,,3,0.0,3.0,,22.0,12.0,,,,,,,1.0,,,,,
688,2021-10-08,Syracuse,Wake Forest,Home,,2,1.0,2.0,1.0,13.0,6.0,,,,1.0,1.0,,4.0,3.0,,,,1.0
688,2021-10-10,Syracuse,Colgate,Home,,3,0.0,3.0,1.0,33.0,21.0,,,,,,,2.0,2.0,,,1.0,
688,2021-10-16,Syracuse,Duke,Away,,7,2.0,7.0,7.0,21.0,18.0,,,,2.0,2.0,2.0,8.0,6.0,,,,
688,2021-10-22,Syracuse,Virginia,Home,,1,2.0,1.0,,15.0,6.0,,,,1.0,2.0,3.0,8.0,4.0,,,,1.0
688,2021-10-29,Syracuse,Louisville,Away,,1,2.0,1.0,,11.0,6.0,,,2.0,1.0,2.0,2.0,15.0,9.0,,,2.0,2.0
688,2021-10-31,Syracuse,Cornell,Home,,6,0.0,6.0,6.0,23.0,16.0,,,,1.0,,,1.0,1.0,,,1.0,3.0
688,2021-11-04,Syracuse,Duke,Home,,5,1.0,5.0,6.0,12.0,10.0,,,,1.0,1.0,,6.0,4.0,,,,
688,2021-11-05,Syracuse,North Carolina,Home,,1,4.0,1.0,2.0,16.0,8.0,,,1.0,2.0,4.0,2.0,8.0,7.0,,,,1.0
688,2021-11-12,Syracuse,Penn St.,Home,,4,1.0,4.0,4.0,15.0,11.0,,,,1.0,1.0,,11.0,6.0,,,1.0,2.0
688,2021-11-14,Syracuse,Maryland,Away,,1,2.0,1.0,2.0,5.0,2.0,,,,1.0,2.0,2.0,11.0,7.0,,,,1.0
690,2021-08-27,Temple,Merrimack,Home,,2,0.0,2.0,2.0,17.0,10.0,,,,2.0,,,2.0,2.0,,,2.0,
690,2021-08-29,Temple,Drexel,Away,,3,2.0,3.0,1.0,11.0,6.0,,,,,2.0,2.0,13.0,8.0,,,,1.0
690,2021-09-03,Temple,Hofstra,Away,,2,0.0,2.0,2.0,5.0,4.0,41.0,,,,,,9.0,4.0,34.0,,,1.0
690,2021-09-05,Temple,Bucknell,Home,,1,2.0,1.0,,5.0,3.0,,,,2.0,2.0,3.0,8.0,4.0,,,,1.0
690,2021-09-12,Temple,Fairfield,Away,,1,,1.0,,18.0,9.0,10.0,,,1.0,,,11.0,3.0,5.0,,,1.0
690,2021-09-17,Temple,Quinnipiac,Away,,3,,2.0,1.0,25.0,13.0,60.0,,,1.0,2.0,1.0,16.0,10.0,53.0,,,1.0
690,2021-09-19,Temple,Saint Joseph's,Home,,0,2.0,,,7.0,4.0,30.0,,,1.0,2.0,,10.0,8.0,33.0,,,2.0
690,2021-09-24,Temple,Villanova,Home,,1,0.0,1.0,1.0,15.0,9.0,31.0,,1.0,2.0,,,2.0,2.0,43.0,,,2.0
690,2021-09-26,Temple,Delaware,Home,,1,3.0,1.0,,8.0,3.0,32.0,,,,3.0,3.0,13.0,10.0,36.0,,,1.0
690,2021-10-01,Temple,Georgetown,Away,,0,1.0,,,5.0,4.0,35.0,,,,1.0,1.0,2.0,1.0,38.0,,,
690,2021-10-08,Temple,Providence,Away,,1,0.0,1.0,1.0,5.0,2.0,,,,1.0,,,4.0,2.0,,,,
690,2021-10-10,Temple,Lehigh,Away,,1,2.0,1.0,2.0,8.0,5.0,,,,,2.0,2.0,6.0,5.0,,,,
690,2021-10-15,Temple,Liberty,Home,,1,6.0,1.0,,3.0,2.0,31.0,,,,6.0,4.0,15.0,9.0,33.0,,1.0,1.0
690,2021-10-17,Temple,James Madison,Home,,0,2.0,,,9.0,5.0,27.0,,,3.0,2.0,2.0,11.0,5.0,41.0,,,3.0
690,2021-10-22,Temple,Old Dominion,Away,,0,2.0,,,6.0,5.0,,,,,2.0,1.0,10.0,5.0,,,,
690,2021-10-24,Temple,Lafayette,Home,,0,1.0,,,9.0,4.0,31.0,,,1.0,1.0,,14.0,11.0,23.0,,1.0,3.0
690,2021-10-29,Temple,UConn,Home,,3,,3.0,4.0,16.0,10.0,41.0,,,,2.0,2.0,11.0,7.0,45.0,,,
690,2021-10-31,Temple,Penn,Away,,0,2.0,,,7.0,3.0,,,,1.0,2.0,2.0,6.0,5.0,,,,2.0
690,2021-11-05,Temple,Liberty,Away,,2,4.0,2.0,2.0,5.0,4.0,,,,,4.0,5.0,14.0,7.0,,,1.0,
711,2021-08-29,Towson,App State,Home,,1,3.0,1.0,2.0,9.0,7.0,,,,2.0,3.0,1.0,20.0,16.0,,,,
711,2021-09-03,Towson,Longwood,Away,,0,2.0,,,3.0,1.0,36.0,,,2.0,2.0,1.0,21.0,14.0,24.0,,1.0,1.0
711,2021-09-05,Towson,Virginia,Away,,0,3.0,,,1.0,1.0,,,,1.0,3.0,2.0,53.0,29.0,,,1.0,1.0
711,2021-09-10,Towson,California,Home,,1,4.0,1.0,2.0,8.0,5.0,,,,1.0,4.0,4.0,22.0,18.0,,,,1.0
711,2021-09-12,Towson,Rider,Home,,2,,2.0,2.0,9.0,8.0,,,1.0,2.0,3.0,2.0,23.0,14.0,,,,
711,2021-09-17,Towson,La Salle,Away,,1,0.0,1.0,1.0,4.0,2.0,36.0,,,2.0,,,15.0,7.0,28.0,,,1.0
711,2021-09-19,Towson,Penn,Away,,0,1.0,,,5.0,1.0,,,1.0,1.0,1.0,1.0,14.0,10.0,,,,1.0
711,2021-09-24,Towson,Wagner,Home,,1,3.0,1.0,2.0,13.0,6.0,,,,,3.0,5.0,19.0,15.0,,,,
711,2021-09-26,Towson,LIU,Home,,1,0.0,1.0,2.0,9.0,6.0,,,1.0,3.0,,,6.0,2.0,,,1.0,3.0
711,2021-10-01,Towson,Drexel,Away,,1,4.0,1.0,,7.0,4.0,,,,,4.0,3.0,17.0,13.0,,,1.0,
711,2021-10-03,Towson,Delaware,Away,,0,5.0,,,,,,,,1.0,5.0,5.0,10.0,8.0,,,,
711,2021-10-08,Towson,James Madison,Home,,1,4.0,1.0,1.0,6.0,4.0,,,,,4.0,5.0,22.0,18.0,,,,2.0
711,2021-10-10,Towson,William & Mary,Home,,2,,2.0,2.0,4.0,3.0,,,2.0,3.0,1.0,,24.0,15.0,,,,1.0
711,2021-10-15,Towson,Hofstra,Away,,0,2.0,,,7.0,5.0,22.0,,,,2.0,2.0,7.0,5.0,29.0,,,1.0
711,2021-10-22,Towson,Northeastern,Home,,0,4.0,,,4.0,,,,2.0,,4.0,2.0,34.0,24.0,,,1.0,2.0
711,2021-10-24,Towson,Colgate,Home,,3,4.0,3.0,1.0,17.0,11.0,,,,1.0,4.0,6.0,21.0,14.0,,,,2.0
711,2021-10-31,Towson,Davidson,Home,,4,,3.0,3.0,21.0,13.0,,,,1.0,3.0,2.0,16.0,8.0,,,,1.0
14,2021-08-27,UAlbany,Colgate,Home,,5,1.0,5.0,5.0,16.0,12.0,,,,,1.0,1.0,9.0,5.0,,,,1.0
14,2021-08-29,UAlbany,Fairfield,Home,,1,2.0,1.0,,18.0,12.0,,,,,2.0,1.0,6.0,6.0,,,,
14,2021-09-03,UAlbany,Wagner,Away,,4,1.0,4.0,2.0,21.0,17.0,,,,1.0,1.0,1.0,6.0,3.0,,,1.0,3.0
14,2021-09-05,UAlbany,Massachusetts,Home,,1,2.0,1.0,1.0,15.0,8.0,,,1.0,1.0,2.0,,12.0,11.0,,,,2.0
14,2021-09-10,UAlbany,Penn St.,Away,,1,3.0,1.0,2.0,4.0,2.0,,,,1.0,3.0,6.0,7.0,6.0,,,,1.0
14,2021-09-12,UAlbany,Columbia,Home,,2,3.0,2.0,3.0,18.0,13.0,,,1.0,1.0,3.0,1.0,7.0,7.0,,,,1.0
14,2021-09-17,UAlbany,Cornell,Away,,1,0.0,1.0,,10.0,5.0,49.0,,1.0,2.0,,,8.0,1.0,47.0,,,1.0
14,2021-09-18,UAlbany,Michigan,Home,,1,4.0,1.0,,9.0,5.0,37.0,,1.0,4.0,4.0,3.0,19.0,9.0,40.0,,,1.0
14,2021-09-26,UAlbany,Vermont,Away,,3,,3.0,2.0,16.0,10.0,61.0,,,,2.0,3.0,13.0,11.0,39.0,,,
14,2021-10-01,UAlbany,Maine,Home,,1,2.0,1.0,2.0,8.0,4.0,,,1.0,3.0,2.0,4.0,5.0,4.0,,,,1.0
14,2021-10-03,UAlbany,North Carolina,Home,,0,6.0,,,6.0,3.0,,,,1.0,6.0,4.0,21.0,14.0,,,,1.0
14,2021-10-08,UAlbany,Stanford,Home,,2,1.0,2.0,1.0,6.0,6.0,,,,1.0,1.0,,6.0,6.0,,,,1.0
14,2021-10-10,UAlbany,New Hampshire,Home,,2,1.0,2.0,,17.0,7.0,,,,1.0,1.0,1.0,6.0,5.0,,,,2.0
14,2021-10-15,UAlbany,UMass Lowell,Away,,2,1.0,2.0,1.0,15.0,12.0,,,,1.0,1.0,1.0,4.0,1.0,,,,
14,2021-10-22,UAlbany,Monmouth,Away,,0,3.0,,,11.0,5.0,,,,,3.0,3.0,14.0,8.0,,,,3.0
14,2021-10-29,UAlbany,UC Davis,Home,,5,4.0,5.0,4.0,21.0,11.0,,,,2.0,4.0,3.0,9.0,9.0,,,,
14,2021-10-31,UAlbany,California,Home,,2,,2.0,,11.0,7.0,,,,3.0,1.0,2.0,15.0,11.0,,,1.0,2.0
14,2021-11-04,UAlbany,Stanford,Home,,1,0.0,1.0,,11.0,7.0,30.0,,,1.0,,,6.0,4.0,21.0,,,
14,2021-11-05,UAlbany,Monmouth,Home,,1,0.0,1.0,,4.0,4.0,31.0,,,2.0,,,11.0,4.0,34.0,,,
14,2021-11-07,UAlbany,Maine,Away,,1,,1.0,,17.0,8.0,49.0,,,3.0,1.0,,11.0,6.0,46.0,,,1.0
108,2021-08-27,UC Davis,Liberty,Home,,1,7.0,1.0,,10.0,5.0,,,,,7.0,7.0,23.0,13.0,,,,
108,2021-09-03,UC Davis,Dartmouth,Home,,1,,1.0,1.0,19.0,9.0,,,1.0,1.0,1.0,,9.0,5.0,,,,1.0
108,2021-09-07,UC Davis,Saint Louis,Home,,2,1.0,2.0,2.0,16.0,8.0,,,,,1.0,1.0,4.0,2.0,,,,1.0
108,2021-09-08,UC Davis,Ohio,Away,,2,1.0,2.0,2.0,11.0,9.0,,,,,1.0,1.0,8.0,6.0,,,,
108,2021-09-10,UC Davis,Bellarmine,Away,,5,1.0,5.0,2.0,34.0,21.0,,,,,1.0,2.0,7.0,2.0,,,,1.0
108,2021-09-17,UC Davis,Northwestern,Home,,1,7.0,1.0,1.0,4.0,1.0,,,,1.0,7.0,4.0,27.0,16.0,,,,2.0
108,2021-09-19,UC Davis,Brown,Home,,2,1.0,2.0,2.0,12.0,7.0,,,,2.0,1.0,,21.0,7.0,,,,1.0
108,2021-09-24,UC Davis,UMass Lowell,Away,,1,,1.0,,11.0,7.0,,,,3.0,2.0,2.0,19.0,15.0,,,1.0,1.0
108,2021-09-26,UC Davis,New Hampshire,Away,,4,,4.0,1.0,11.0,6.0,,,,3.0,3.0,4.0,13.0,8.0,,,,4.0
108,2021-10-01,UC Davis,Stanford,Away,,1,3.0,1.0,1.0,3.0,1.0,,,,,3.0,,17.0,9.0,,,,1.0
108,2021-10-08,UC Davis,Vermont,Away,,0,4.0,,,12.0,4.0,45.0,,,1.0,4.0,3.0,11.0,8.0,43.0,,,1.0
108,2021-10-10,UC Davis,Maine,Away,,0,6.0,,,7.0,2.0,35.0,,,,6.0,7.0,27.0,17.0,36.0,,,
108,2021-10-17,UC Davis,California,Home,,0,2.0,,,12.0,3.0,,,,,2.0,2.0,15.0,11.0,,,,1.0
108,2021-10-26,UC Davis,Stanford,Home,,5,3.0,5.0,4.0,7.0,5.0,,,,,3.0,3.0,6.0,5.0,,,,2.0
108,2021-10-29,UC Davis,UAlbany,Away,,4,5.0,4.0,3.0,9.0,9.0,,,,,5.0,4.0,21.0,11.0,,,,2.0
108,2021-10-31,UC Davis,Monmouth,Away,,2,7.0,2.0,3.0,13.0,8.0,,,,1.0,7.0,6.0,18.0,12.0,,,1.0,2.0
164,2021-08-27,UConn,Northwestern,Away,,0,4.0,,,4.0,2.0,,,,1.0,4.0,4.0,16.0,11.0,,,,
164,2021-08-28,UConn,Miami (OH),Home,,2,1.0,2.0,1.0,12.0,5.0,,,1.0,1.0,1.0,,8.0,4.0,,,,3.0
164,2021-09-03,UConn,Rutgers,Home,,1,,1.0,1.0,5.0,3.0,,,,1.0,2.0,1.0,15.0,9.0,,,,1.0
164,2021-09-05,UConn,UMass Lowell,Away,,1,0.0,1.0,,18.0,7.0,,,,1.0,,,5.0,2.0,,,1.0,1.0
164,2021-09-10,UConn,Boston College,Away,,1,2.0,1.0,,9.0,4.0,,,,2.0,2.0,1.0,16.0,11.0,,,,2.0
164,2021-09-12,UConn,Syracuse,Home,,3,5.0,3.0,3.0,11.0,6.0,,,,,5.0,4.0,25.0,16.0,,,,1.0
164,2021-09-17,UConn,Old Dominion,Home,,2,0.0,2.0,,10.0,6.0,,,1.0,3.0,,,7.0,4.0,,,,1.0
164,2021-09-19,UConn,Harvard,Home,,1,,,,6.0,5.0,,,,1.0,,,10.0,4.0,,,1.0,2.0
164,2021-09-24,UConn,Liberty,Away,,1,3.0,1.0,,10.0,4.0,,,2.0,,3.0,3.0,23.0,15.0,,,,1.0
164,2021-09-26,UConn,North Carolina,Away,,1,3.0,1.0,,3.0,2.0,,,1.0,,3.0,1.0,15.0,7.0,,,,1.0
164,2021-10-01,UConn,Providence,Home,,3,0.0,3.0,5.0,15.0,7.0,,,1.0,2.0,,,8.0,4.0,,,1.0,2.0
164,2021-10-03,UConn,Princeton,Away,,1,,1.0,1.0,12.0,6.0,,,,1.0,2.0,4.0,22.0,11.0,,,,
164,2021-10-08,UConn,Quinnipiac,Away,,1,0.0,1.0,1.0,15.0,9.0,43.0,,,1.0,,,7.0,3.0,45.0,,,
164,2021-10-10,UConn,Boston U.,Home,,8,0.0,8.0,10.0,32.0,18.0,15.0,,,,,,10.0,4.0,15.0,,,1.0
164,2021-10-15,UConn,Villanova,Away,,6,2.0,6.0,6.0,15.0,13.0,38.0,,,,2.0,3.0,7.0,5.0,31.0,,,
164,2021-10-17,UConn,Maryland,Away,,2,3.0,2.0,1.0,6.0,3.0,,,,,3.0,3.0,16.0,8.0,,,,3.0
164,2021-10-22,UConn,Georgetown,Home,,2,0.0,2.0,2.0,18.0,9.0,,,,2.0,,,8.0,,,,,2.0
164,2021-10-24,UConn,Massachusetts,Home,,1,,1.0,2.0,24.0,12.0,,,,1.0,2.0,2.0,7.0,5.0,,,,1.0
164,2021-10-29,UConn,Temple,Away,,2,,2.0,2.0,11.0,7.0,45.0,,,,3.0,4.0,16.0,10.0,41.0,,,
164,2021-10-31,UConn,Delaware,Home,,2,1.0,2.0,4.0,8.0,5.0,,,,,1.0,,12.0,8.0,,,1.0,2.0
164,2021-11-05,UConn,Old Dominion,Home,,2,1.0,2.0,3.0,5.0,5.0,,,,2.0,1.0,,11.0,5.0,,,,2.0
164,2021-11-07,UConn,Liberty,Away,,0,1.0,,,3.0,1.0,,,1.0,3.0,1.0,,8.0,7.0,,,,1.0
368,2021-08-29,UMass Lowell,Bryant,Home,,5,0.0,5.0,3.0,24.0,16.0,,,,1.0,,,4.0,3.0,,,,
368,2021-09-05,UMass Lowell,UConn,Home,,0,1.0,,,5.0,2.0,,,1.0,1.0,1.0,,18.0,7.0,,,,1.0
368,2021-09-10,UMass Lowell,Boston U.,Away,,4,0.0,4.0,2.0,10.0,6.0,,,,1.0,,,6.0,3.0,,,,2.0
368,2021-09-12,UMass Lowell,Hofstra,Home,,1,0.0,1.0,1.0,15.0,10.0,,,1.0,2.0,,,13.0,5.0,,,1.0,2.0
368,2021-09-17,UMass Lowell,Wagner,Away,,2,1.0,2.0,2.0,12.0,10.0,,,,,1.0,1.0,12.0,4.0,,,,
368,2021-09-24,UMass Lowell,UC Davis,Home,,2,,2.0,2.0,19.0,15.0,,,1.0,1.0,1.0,,11.0,7.0,,,,3.0
368,2021-09-26,UMass Lowell,California,Home,,0,,,,9.0,4.0,,,1.0,,1.0,,19.0,11.0,,,,
368,2021-10-01,UMass Lowell,New Hampshire,Home,,1,3.0,1.0,1.0,16.0,9.0,,,,1.0,3.0,1.0,10.0,6.0,,,,2.0
368,2021-10-03,UMass Lowell,Sacred Heart,Home,,3,1.0,3.0,2.0,17.0,8.0,,,1.0,1.0,1.0,,8.0,3.0,,,,
368,2021-10-08,UMass Lowell,Monmouth,Away,,0,2.0,,,4.0,1.0,,,,,2.0,2.0,19.0,9.0,,,,3.0
368,2021-10-11,UMass Lowell,Holy Cross,Home,,3,0.0,3.0,3.0,22.0,12.0,,,,,,,7.0,5.0,,,,1.0
368,2021-10-15,UMass Lowell,UAlbany,Home,,1,2.0,1.0,1.0,4.0,1.0,,,,,2.0,1.0,15.0,12.0,,,,1.0
368,2021-10-17,UMass Lowell,LIU,Home,,2,,2.0,2.0,12.0,8.0,,,,1.0,1.0,,5.0,4.0,,,,1.0
368,2021-10-22,UMass Lowell,Maine,Away,,1,,1.0,,3.0,3.0,31.0,,,1.0,2.0,3.0,11.0,10.0,26.0,,1.0,1.0
368,2021-10-29,UMass Lowell,Vermont,Home,,1,0.0,1.0,1.0,12.0,7.0,,,,1.0,,,15.0,6.0,,,,3.0
368,2021-10-31,UMass Lowell,Stanford,Home,,0,3.0,,,10.0,3.0,,,,,3.0,3.0,12.0,10.0,,,,
740,2021-08-27,VCU,American,Home,,1,,1.0,,9.0,6.0,18.0,,,1.0,2.0,1.0,21.0,16.0,24.0,,,1.0
740,2021-09-05,VCU,Villanova,Away,,7,1.0,7.0,8.0,20.0,16.0,19.0,,,,1.0,2.0,10.0,6.0,20.0,,,
740,2021-09-10,VCU,William & Mary,Home,,1,0.0,1.0,2.0,8.0,4.0,41.0,,1.0,1.0,,,7.0,6.0,44.0,,,3.0
740,2021-09-12,VCU,Old Dominion,Home,,0,3.0,,,7.0,5.0,28.0,,,,3.0,2.0,16.0,10.0,40.0,,,2.0
740,2021-09-17,VCU,Lock Haven,Away,,3,0.0,3.0,5.0,12.0,9.0,,,,,,,5.0,3.0,,,,1.0
740,2021-09-19,VCU,Bellarmine,Home,,6,1.0,6.0,7.0,23.0,11.0,36.0,,,1.0,1.0,,5.0,3.0,31.0,,,
740,2021-09-24,VCU,Saint Joseph's,Home,,1,3.0,1.0,,6.0,3.0,45.0,,,2.0,3.0,2.0,8.0,4.0,61.0,,,4.0
740,2021-09-26,VCU,La Salle,Home,,2,0.0,2.0,1.0,14.0,9.0,42.0,,1.0,1.0,,,1.0,1.0,43.0,,,1.0
740,2021-10-01,VCU,Massachusetts,Away,,1,0.0,1.0,2.0,5.0,4.0,,,1.0,,,,12.0,7.0,,,,1.0
740,2021-10-03,VCU,Providence,Away,,1,0.0,1.0,,7.0,5.0,,,,,,,7.0,5.0,,,,
740,2021-10-09,VCU,Davidson,Home,,5,0.0,5.0,4.0,13.0,10.0,49.0,,,,,,1.0,1.0,37.0,,,
740,2021-10-10,VCU,Georgetown,Home,,0,1.0,,,24.0,10.0,36.0,,,3.0,1.0,,7.0,5.0,49.0,,,1.0
740,2021-10-17,VCU,Saint Louis,Away,,0,1.0,,,24.0,10.0,,,,,1.0,2.0,5.0,3.0,,,,
740,2021-10-22,VCU,Wake Forest,Home,,3,2.0,3.0,5.0,9.0,7.0,42.0,,,1.0,2.0,1.0,15.0,13.0,49.0,,,1.0
740,2021-10-24,VCU,Ball St.,Home,,4,0.0,4.0,1.0,23.0,16.0,32.0,,,,,,3.0,2.0,45.0,,,
740,2021-10-29,VCU,Richmond,Away,,3,1.0,3.0,4.0,12.0,7.0,,,,2.0,1.0,,7.0,4.0,,,1.0,2.0
740,2021-11-05,VCU,Massachusetts,Home,,2,,1.0,1.0,10.0,6.0,,,,2.0,1.0,,7.0,4.0,,,,
740,2021-11-06,VCU,Saint Joseph's,Away,,0,1.0,,,2.0,2.0,,,1.0,1.0,1.0,,13.0,7.0,,,1.0,
738,2021-08-28,Vermont,Sacred Heart,Home,,3,0.0,3.0,5.0,10.0,6.0,,,,,,,6.0,2.0,,,,1.0
738,2021-08-29,Vermont,Syracuse,Away,,0,6.0,,,1.0,1.0,,,,1.0,6.0,6.0,27.0,20.0,,,,
738,2021-09-03,Vermont,Massachusetts,Away,,1,3.0,1.0,1.0,7.0,6.0,,,,1.0,3.0,2.0,19.0,12.0,,,,1.0
738,2021-09-07,Vermont,Holy Cross,Home,,3,2.0,3.0,5.0,15.0,9.0,27.0,,,,2.0,2.0,6.0,3.0,20.0,,,1.0
738,2021-09-10,Vermont,Hofstra,Home,,2,,2.0,2.0,10.0,8.0,33.0,,,1.0,1.0,,5.0,4.0,30.0,,,
738,2021-09-12,Vermont,Brown,Home,,2,0.0,2.0,4.0,16.0,10.0,38.0,,1.0,1.0,,,7.0,2.0,48.0,,,3.0
738,2021-09-18,Vermont,Dartmouth,Away,,2,1.0,2.0,2.0,10.0,6.0,,,,,1.0,1.0,8.0,3.0,,,,1.0
738,2021-09-19,Vermont,Bryant,Home,,4,2.0,4.0,3.0,19.0,9.0,,,,1.0,2.0,1.0,10.0,7.0,,,,1.0
738,2021-09-24,Vermont,Stanford,Home,,0,1.0,,,5.0,2.0,29.0,,,,1.0,1.0,7.0,6.0,39.0,,,
738,2021-09-26,Vermont,UAlbany,Home,,2,,2.0,3.0,13.0,11.0,39.0,,,,3.0,2.0,16.0,10.0,61.0,,,
738,2021-10-01,Vermont,Monmouth,Away,,2,0.0,2.0,3.0,4.0,4.0,,,,,,,8.0,5.0,,,,
738,2021-10-03,Vermont,Wagner,Away,,2,1.0,2.0,1.0,10.0,9.0,,,,4.0,1.0,2.0,8.0,5.0,,,2.0,1.0
738,2021-10-08,Vermont,UC Davis,Home,,4,0.0,4.0,3.0,11.0,8.0,43.0,,,1.0,,,12.0,4.0,45.0,,,1.0
738,2021-10-10,Vermont,California,Home,,0,2.0,,,20.0,6.0,26.0,,,1.0,2.0,2.0,13.0,10.0,42.0,,,3.0
738,2021-10-15,Vermont,Maine,Home,,3,1.0,3.0,3.0,8.0,5.0,35.0,,,,1.0,1.0,7.0,3.0,36.0,,1.0,1.0
738,2021-10-22,Vermont,New Hampshire,Home,,0,2.0,,,10.0,4.0,34.0,,,1.0,2.0,2.0,10.0,9.0,43.0,,,1.0
738,2021-10-29,Vermont,UMass Lowell,Away,,0,1.0,,,15.0,6.0,,,,3.0,1.0,1.0,12.0,7.0,,,,1.0
738,2021-10-31,Vermont,Fairfield,Home,,0,1.0,,,22.0,16.0,34.0,,,2.0,1.0,1.0,10.0,3.0,39.0,,,2.0
739,2021-08-27,Villanova,Lehigh,Home,,4,3.0,4.0,4.0,12.0,7.0,33.0,,1.0,1.0,3.0,3.0,13.0,5.0,19.0,,1.0,1.0
739,2021-08-29,Villanova,Lafayette,Away,,1,4.0,1.0,,8.0,6.0,23.0,,,,4.0,2.0,15.0,9.0,33.0,,,2.0
739,2021-09-03,Villanova,Bucknell,Home,,3,1.0,3.0,4.0,11.0,6.0,24.0,,1.0,2.0,1.0,2.0,10.0,6.0,31.0,,,3.0
739,2021-09-05,Villanova,VCU,Home,,1,7.0,1.0,2.0,10.0,6.0,20.0,,,,7.0,8.0,20.0,16.0,19.0,,,
739,2021-09-10,Villanova,Monmouth,Away,,3,,3.0,2.0,7.0,5.0,,,,1.0,4.0,4.0,18.0,12.0,,,,1.0
739,2021-09-12,Villanova,Penn,Home,,0,2.0,,,4.0,3.0,33.0,,,1.0,2.0,2.0,7.0,5.0,36.0,,3.0,1.0
739,2021-09-17,Villanova,Providence,Home,,5,3.0,5.0,7.0,19.0,12.0,45.0,,1.0,1.0,3.0,5.0,12.0,9.0,35.0,,,
739,2021-09-19,Villanova,La Salle,Home,,6,3.0,6.0,5.0,16.0,10.0,36.0,,,,3.0,1.0,9.0,7.0,23.0,,,
739,2021-09-24,Villanova,Temple,Away,,0,1.0,,,2.0,2.0,43.0,,,2.0,1.0,1.0,15.0,9.0,31.0,,1.0,2.0
739,2021-09-26,Villanova,Fairfield,Away,,0,2.0,,,7.0,3.0,24.0,,,2.0,2.0,3.0,16.0,7.0,24.0,,,2.0
739,2021-10-01,Villanova,Old Dominion,Home,,2,,2.0,3.0,9.0,7.0,41.0,,,,3.0,3.0,15.0,9.0,37.0,,,
739,2021-10-03,Villanova,Drexel,Away,,3,2.0,3.0,1.0,18.0,10.0,,,,,2.0,,16.0,12.0,,,,
739,2021-10-08,Villanova,Liberty,Away,,0,7.0,,,3.0,3.0,,,,1.0,7.0,7.0,31.0,20.0,,,,
739,2021-10-15,Villanova,UConn,Home,,2,6.0,2.0,3.0,7.0,5.0,31.0,,,,6.0,6.0,15.0,13.0,38.0,,,
739,2021-10-17,Villanova,Wagner,Away,,3,2.0,3.0,3.0,10.0,6.0,,,,1.0,2.0,4.0,18.0,10.0,,,,
739,2021-10-22,Villanova,Quinnipiac,Away,,4,,4.0,3.0,11.0,10.0,45.0,,,1.0,5.0,4.0,14.0,10.0,46.0,,,2.0
739,2021-10-23,Villanova,Holy Cross,Away,,2,3.0,2.0,1.0,20.0,10.0,10.0,,,,3.0,2.0,12.0,5.0,8.0,,,
739,2021-10-29,Villanova,Georgetown,Away,,1,2.0,1.0,,9.0,6.0,49.0,,1.0,1.0,2.0,1.0,9.0,5.0,46.0,,,1.0
746,2021-08-27,Virginia,Penn St.,Home,,2,,2.0,3.0,25.0,11.0,,,,,3.0,3.0,8.0,5.0,,,,1.0
746,2021-08-29,Virginia,Delaware,Home,,3,1.0,3.0,2.0,7.0,4.0,,,,1.0,1.0,1.0,19.0,8.0,,,,
746,2021-09-03,Virginia,William & Mary,Away,,5,0.0,5.0,4.0,19.0,13.0,,,,1.0,,,2.0,1.0,,,,
746,2021-09-05,Virginia,Towson,Home,,3,0.0,3.0,2.0,53.0,29.0,,,1.0,1.0,,,1.0,1.0,,,,1.0
746,2021-09-10,Virginia,Miami (OH),Home,,2,0.0,2.0,1.0,17.0,4.0,,,,3.0,,,8.0,2.0,,,1.0,2.0
746,2021-09-17,Virginia,Louisville,Away,,0,1.0,,,10.0,5.0,,,1.0,2.0,1.0,1.0,4.0,2.0,,,,1.0
746,2021-09-19,Virginia,Ohio St.,Away,,2,1.0,2.0,2.0,12.0,7.0,,,1.0,1.0,1.0,,14.0,7.0,,,1.0,1.0
746,2021-09-24,Virginia,Wake Forest,Away,,3,1.0,3.0,3.0,9.0,5.0,,,,1.0,1.0,2.0,10.0,3.0,,,,1.0
746,2021-09-26,Virginia,Old Dominion,Home,,1,2.0,1.0,2.0,12.0,6.0,,,,2.0,2.0,3.0,7.0,6.0,,,,
746,2021-10-01,Virginia,Duke,Home,,3,,3.0,3.0,17.0,9.0,,,,3.0,2.0,2.0,16.0,7.0,,,,2.0
746,2021-10-07,Virginia,Maryland,Home,,1,,1.0,1.0,16.0,7.0,,,,1.0,2.0,,16.0,10.0,,,,1.0
746,2021-10-09,Virginia,Boston College,Home,,0,,,,12.0,5.0,,,,,1.0,1.0,7.0,7.0,,,,
746,2021-10-17,Virginia,Old Dominion,Away,,1,2.0,1.0,1.0,9.0,4.0,,,,1.0,2.0,1.0,7.0,5.0,,,,1.0
746,2021-10-20,Virginia,William & Mary,Home,,5,1.0,5.0,5.0,17.0,10.0,,,,1.0,1.0,2.0,6.0,2.0,,,1.0,1.0
746,2021-10-22,Virginia,Syracuse,Away,,2,1.0,2.0,3.0,8.0,4.0,,,,1.0,1.0,,15.0,6.0,,,,1.0
746,2021-10-24,Virginia,Drexel,Home,,4,1.0,4.0,2.0,31.0,19.0,,,1.0,2.0,1.0,2.0,5.0,4.0,,,,1.0
746,2021-10-29,Virginia,North Carolina,Home,,2,,2.0,1.0,10.0,5.0,,,,,3.0,1.0,13.0,8.0,,,,1.0
746,2021-11-04,Virginia,Boston College,Home,,2,0.0,2.0,1.0,8.0,7.0,,,,,,,8.0,3.0,,,,2.0
746,2021-11-05,Virginia,Louisville,Home,,2,,1.0,,16.0,9.0,,,1.0,2.0,1.0,1.0,8.0,5.0,,,1.0,1.0
746,2021-11-07,Virginia,North Carolina,Home,,0,1.0,,,5.0,2.0,,,,2.0,1.0,2.0,4.0,1.0,,,,1.0
746,2021-11-12,Virginia,Maryland,Away,,1,2.0,1.0,1.0,12.0,7.0,,,,1.0,2.0,2.0,8.0,3.0,,,1.0,1.0
748,2021-08-29,Wagner,Hofstra,Away,,1,5.0,1.0,1.0,8.0,4.0,30.0,,,,5.0,6.0,20.0,14.0,35.0,,,
748,2021-09-03,Wagner,UAlbany,Home,,1,4.0,1.0,1.0,6.0,3.0,,,1.0,3.0,4.0,2.0,21.0,17.0,,,,1.0
748,2021-09-10,Wagner,Cornell,Away,,0,2.0,,,5.0,1.0,36.0,,2.0,1.0,2.0,3.0,16.0,9.0,45.0,,,
748,2021-09-12,Wagner,La Salle,Away,,0,1.0,,,11.0,5.0,45.0,,,1.0,1.0,1.0,12.0,11.0,32.0,,,
748,2021-09-17,Wagner,UMass Lowell,Home,,1,2.0,1.0,1.0,12.0,4.0,,,,,2.0,2.0,12.0,10.0,,,,
748,2021-09-19,Wagner,Yale,Away,,3,,3.0,4.0,18.0,10.0,,,1.0,1.0,2.0,3.0,23.0,11.0,,,,2.0
748,2021-09-24,Wagner,Towson,Away,,3,1.0,3.0,5.0,19.0,15.0,,,,,1.0,2.0,13.0,6.0,,,,
748,2021-09-26,Wagner,Quinnipiac,Home,,4,1.0,4.0,3.0,17.0,13.0,,,,2.0,1.0,1.0,13.0,13.0,,,,3.0
748,2021-10-01,Wagner,Saint Francis,Away,,8,1.0,8.0,6.0,8.0,8.0,42.0,,,5.0,1.0,1.0,10.0,5.0,41.0,,2.0,3.0
748,2021-10-03,Wagner,Vermont,Home,,1,2.0,1.0,2.0,8.0,5.0,,,2.0,1.0,2.0,1.0,10.0,9.0,,,,4.0
748,2021-10-08,Wagner,LIU,Away,,1,2.0,1.0,1.0,13.0,9.0,24.0,,,3.0,2.0,1.0,3.0,2.0,20.0,,,1.0
748,2021-10-10,Wagner,Bryant,Away,,2,,2.0,2.0,31.0,20.0,,,,,1.0,,12.0,5.0,,,,
748,2021-10-15,Wagner,Fairfield,Home,,0,3.0,,,10.0,5.0,,,2.0,2.0,3.0,1.0,10.0,9.0,,,,
748,2021-10-17,Wagner,Villanova,Home,,2,3.0,2.0,4.0,18.0,10.0,,,,,3.0,3.0,10.0,6.0,,,,1.0
748,2021-10-22,Wagner,Rider,Home,,2,1.0,2.0,,11.0,8.0,,,,1.0,1.0,1.0,11.0,6.0,,,,1.0
748,2021-10-24,Wagner,Sacred Heart,Away,,2,1.0,2.0,2.0,18.0,13.0,45.0,,1.0,,1.0,1.0,16.0,10.0,45.0,,,
748,2021-10-28,Wagner,Merrimack,Home,,10,2.0,10.0,7.0,13.0,12.0,,,,,2.0,1.0,7.0,6.0,,,,
748,2021-10-31,Wagner,Lehigh,Home,,4,,4.0,3.0,9.0,7.0,,,,2.0,3.0,3.0,15.0,12.0,,,,
748,2021-11-05,Wagner,LIU,Home,,0,2.0,,,6.0,1.0,29.0,,,1.0,2.0,2.0,8.0,2.0,32.0,,,1.0
749,2021-08-27,Wake Forest,Iowa,Away,,3,5.0,3.0,6.0,8.0,6.0,,,,2.0,5.0,5.0,13.0,8.0,,,,
749,2021-08-29,Wake Forest,Michigan,Home,,0,2.0,,,4.0,3.0,,,1.0,,2.0,1.0,5.0,4.0,,,,2.0
749,2021-09-04,Wake Forest,App State,Home,,5,1.0,5.0,3.0,24.0,12.0,,,1.0,,1.0,1.0,6.0,3.0,,,,
749,2021-09-10,Wake Forest,Ohio St.,Home,,1,2.0,1.0,2.0,21.0,11.0,,,1.0,2.0,2.0,,8.0,5.0,,,1.0,1.0
749,2021-09-12,Wake Forest,James Madison,Home,,6,2.0,6.0,3.0,19.0,11.0,,,,1.0,2.0,1.0,7.0,5.0,,,1.0,1.0
749,2021-09-17,Wake Forest,Duke,Away,,3,1.0,3.0,1.0,12.0,8.0,,,,,1.0,2.0,7.0,4.0,,,,1.0
749,2021-09-19,Wake Forest,Massachusetts,Home,,3,2.0,3.0,1.0,27.0,13.0,,,,,2.0,,10.0,7.0,,,1.0,1.0
749,2021-09-24,Wake Forest,Virginia,Home,,1,3.0,1.0,2.0,10.0,3.0,,,,1.0,3.0,3.0,9.0,5.0,,,,1.0
749,2021-10-01,Wake Forest,Louisville,Away,,1,,1.0,1.0,13.0,9.0,,,,,2.0,1.0,14.0,6.0,,,,1.0
749,2021-10-03,Wake Forest,Miami (OH),Away,,2,1.0,2.0,2.0,12.0,10.0,,,,2.0,1.0,2.0,8.0,4.0,,,,2.0
749,2021-10-08,Wake Forest,Syracuse,Away,,1,2.0,1.0,,4.0,3.0,,,,1.0,2.0,1.0,13.0,6.0,,,,1.0
749,2021-10-15,Wake Forest,North Carolina,Home,,0,1.0,,,6.0,2.0,,,,2.0,1.0,1.0,18.0,10.0,,,,
749,2021-10-17,Wake Forest,Davidson,Away,,5,0.0,5.0,3.0,25.0,18.0,,,,,,,,,,,,
749,2021-10-22,Wake Forest,VCU,Away,,2,3.0,2.0,1.0,15.0,13.0,49.0,,,1.0,3.0,5.0,9.0,7.0,42.0,,,1.0
749,2021-10-24,Wake Forest,Richmond,Away,,4,1.0,4.0,4.0,23.0,17.0,,,1.0,1.0,1.0,1.0,4.0,1.0,,,,1.0
749,2021-10-29,Wake Forest,Boston College,Home,,1,2.0,1.0,,4.0,2.0,,,,1.0,2.0,2.0,7.0,6.0,,,,1.0
749,2021-11-04,Wake Forest,North Carolina,Home,,2,,2.0,1.0,3.0,2.0,,,,1.0,3.0,1.0,13.0,9.0,,1.0,,2.0
786,2021-08-29,William & Mary,Penn St.,Home,,2,7.0,2.0,2.0,8.0,6.0,,,,,7.0,8.0,18.0,12.0,,,,1.0
786,2021-09-03,William & Mary,Virginia,Home,,0,5.0,,,2.0,1.0,,,,,5.0,4.0,19.0,13.0,,,,1.0
786,2021-09-10,William & Mary,VCU,Away,,0,1.0,,,7.0,6.0,44.0,,,3.0,1.0,2.0,8.0,4.0,41.0,,1.0,1.0
786,2021-09-12,William & Mary,Longwood,Home,,3,4.0,3.0,1.0,17.0,8.0,,,,,4.0,5.0,13.0,8.0,,,,1.0
786,2021-09-19,William & Mary,Liberty,Away,,0,2.0,,,9.0,4.0,,,1.0,,2.0,2.0,23.0,14.0,,,,2.0
786,2021-09-26,William & Mary,Duke,Home,,1,3.0,1.0,1.0,8.0,5.0,,,,,3.0,2.0,11.0,9.0,,,2.0,2.0
786,2021-10-01,William & Mary,Hofstra,Home,,3,,2.0,2.0,18.0,8.0,,,1.0,3.0,2.0,2.0,10.0,5.0,,,2.0,
786,2021-10-03,William & Mary,Northeastern,Home,,4,3.0,4.0,1.0,14.0,10.0,,,,,3.0,4.0,10.0,5.0,,,,3.0
786,2021-10-08,William & Mary,Richmond,Away,,3,4.0,3.0,2.0,10.0,5.0,,,,1.0,4.0,4.0,12.0,8.0,,,2.0,2.0
786,2021-10-10,William & Mary,Towson,Away,,1,,1.0,,24.0,15.0,,,,1.0,2.0,2.0,4.0,3.0,,,2.0,3.0
786,2021-10-15,William & Mary,Drexel,Away,,2,0.0,2.0,1.0,15.0,5.0,,,,1.0,,,16.0,10.0,,,1.0,2.0
786,2021-10-17,William & Mary,Delaware,Away,,1,3.0,1.0,1.0,6.0,1.0,,,,1.0,3.0,4.0,20.0,13.0,,,,1.0
786,2021-10-20,William & Mary,Virginia,Away,,1,5.0,1.0,2.0,6.0,2.0,,,1.0,1.0,5.0,5.0,17.0,10.0,,,,1.0
786,2021-10-24,William & Mary,Old Dominion,Away,,1,2.0,1.0,,3.0,2.0,,,,2.0,2.0,2.0,10.0,5.0,,,2.0,1.0
786,2021-10-29,William & Mary,James Madison,Home,,2,3.0,2.0,1.0,7.0,6.0,,,,1.0,3.0,1.0,16.0,13.0,,,,2.0
786,2021-11-05,William & Mary,Delaware,Away,,1,3.0,1.0,1.0,3.0,3.0,,,,,3.0,2.0,21.0,14.0,,,,1.0
813,2021-09-03,Yale,Merrimack,Home,,6,0.0,6.0,6.0,30.0,19.0,,,,1.0,,,4.0,4.0,,,,1.0
813,2021-09-05,Yale,Fairfield,Home,,1,2.0,1.0,,7.0,4.0,,,,1.0,2.0,2.0,16.0,10.0,,,,
813,2021-09-10,Yale,Lafayette,Away,,1,,1.0,,3.0,2.0,,,,1.0,2.0,1.0,16.0,6.0,,,,2.0
813,2021-09-18,Yale,Colgate,Home,,2,0.0,2.0,,29.0,20.0,,,1.0,,,,10.0,8.0,,,1.0,
813,2021-09-19,Yale,Wagner,Home,,2,,2.0,3.0,23.0,11.0,,,,2.0,3.0,4.0,18.0,10.0,,,1.0,1.0
813,2021-09-25,Yale,Brown,Home,,2,1.0,2.0,2.0,10.0,8.0,,,,,1.0,,7.0,5.0,,,1.0,2.0
813,2021-09-26,Yale,Drexel,Home,,4,3.0,4.0,4.0,16.0,10.0,,,,,3.0,3.0,10.0,7.0,,,,1.0
813,2021-10-01,Yale,Princeton,Away,,1,3.0,1.0,2.0,6.0,5.0,,,,1.0,3.0,3.0,19.0,16.0,,,,
813,2021-10-03,Yale,Quinnipiac,Away,,2,,2.0,2.0,20.0,9.0,32.0,,,1.0,3.0,2.0,7.0,6.0,31.0,,,3.0
813,2021-10-09,Yale,Harvard,Home,,1,3.0,1.0,2.0,4.0,3.0,,,,,3.0,3.0,19.0,12.0,,,,
813,2021-10-10,Yale,Massachusetts,Away,,0,3.0,,,13.0,8.0,,,,2.0,3.0,3.0,17.0,10.0,,,,3.0
813,2021-10-15,Yale,Columbia,Away,,4,2.0,4.0,3.0,13.0,10.0,25.0,,,,2.0,,21.0,8.0,20.0,,,
813,2021-10-20,Yale,Sacred Heart,Home,,4,2.0,4.0,4.0,24.0,13.0,,,1.0,1.0,2.0,2.0,11.0,7.0,,,,1.0
813,2021-10-23,Yale,Penn,Away,,1,3.0,1.0,1.0,9.0,4.0,,,,1.0,3.0,3.0,10.0,5.0,,,,
813,2021-10-24,Yale,Hofstra,Home,,6,1.0,6.0,6.0,16.0,13.0,,,,,1.0,,13.0,9.0,,,,1.0
813,2021-10-30,Yale,Dartmouth,Home,,4,0.0,4.0,4.0,30.0,19.0,,,,,,,10.0,6.0,,,,
813,2021-11-06,Yale,Cornell,Home,,2,1.0,2.0,1.0,20.0,11.0,,,,3.0,1.0,2.0,9.0,3.0,,,,3.0
