ncaa_id,team,season,jersey,full_name,roster_name,last_name,first_name,yr,pos,feet,inches,gp,gs,goals,fouls,rc,yc,gc,player_ncaa_id,ast,pts,shatt,dsv
23,American,2024,5,Emily Horace,Emily Horace,Horace,Emily,Sr,B,,,20.0,20.0,3.0,,,,,,,6.0,12.0,
23,American,2024,20,Olivia Morraye,Olivia Morraye,Morraye,Olivia,Fr,B,,,20.0,20.0,1.0,,,,,,,2.0,3.0,3.0
23,American,2024,13,Federica Turina Dellamaggiore,Federica Turina Dellamaggiore,Dellamaggiore,Federica,Sr,M,,,20.0,20.0,4.0,,,2.0,2.0,,,8.0,51.0,
23,American,2024,8,Alyssa Freeman,Alyssa Freeman,Freeman,Alyssa,So,M,,,19.0,0.0,,,,1.0,,,1.0,1.0,1.0,
23,American,2024,2,Kaleigh Missimer,Kaleigh Missimer,Missimer,Kaleigh,Sr,M,,,12.0,1.0,4.0,,,,,,,8.0,14.0,
23,American,2024,17,Emilia Winkler,Emilia Winkler,Winkler,Emilia,So,F,,,20.0,19.0,1.0,,,1.0,3.0,,5.0,7.0,24.0,
23,American,2024,23,Delia Rabatin,Delia Rabatin,Rabatin,Delia,Sr,M,,,20.0,2.0,1.0,,,,1.0,,,2.0,15.0,
23,American,2024,11,Agustina Roffo,Agustina Roffo,Roffo,Agustina,Sr,M,,,20.0,20.0,8.0,,,,2.0,,,16.0,20.0,
23,American,2024,19,Tayla-Jade Weiss,Tayla-Jade Weiss,Weiss,Tayla-Jade,Sr,M,,,20.0,20.0,,,,,,,3.0,3.0,11.0,
23,American,2024,16,Rebecca Bonness,Rebecca Bonness,Bonness,Rebecca,Sr,F,,,13.0,12.0,2.0,,,,,,1.0,5.0,8.0,
23,American,2024,7,Elle Ridge,Elle Ridge,Ridge,Elle,So,F,,,20.0,0.0,1.0,,,,1.0,,1.0,3.0,6.0,
23,American,2024,4,Sophie Willemse,Sophie Willemse,Willemse,Sophie,So,B,,,20.0,20.0,3.0,,,1.0,1.0,,4.0,10.0,36.0,
23,American,2024,26,Emma Guydish,Emma Guydish,Guydish,Emma,So,M,,,20.0,8.0,1.0,,,,1.0,,1.0,3.0,10.0,
23,American,2024,25,Katelyn Bailey,Katelyn Bailey,Bailey,Katelyn,Sr,B,,,20.0,20.0,,,,,1.0,,2.0,2.0,2.0,
23,American,2024,1,Jordan Reicher,Jordan Reicher,Reicher,Jordan,So,F,,,20.0,18.0,7.0,,,,3.0,,3.0,17.0,43.0,
23,American,2024,9,Ashley Huddleston,Ashley Huddleston,Huddleston,Ashley,So,M,,,15.0,0.0,,,,,,,1.0,1.0,7.0,
23,American,2024,6,Sarah Steinman,Sarah Steinman,Steinman,Sarah,So,B,,,16.0,0.0,2.0,,,,,,,4.0,2.0,
27,App State,2024,4,Baylie Phillips,Baylie Phillips,Phillips,Baylie,Fr,M,,,6.0,0.0,1.0,,,,,,,2.0,2.0,
27,App State,2024,17,Emma Rondou,Emma Rondou,Rondou,Emma,Fr,M,,,2.0,0.0,,,,,,,1.0,1.0,2.0,
27,App State,2024,3,Darby Reyburn,Darby Reyburn,Reyburn,Darby,Fr,M,,,4.0,0.0,2.0,,,,,,,4.0,3.0,
27,App State,2024,35,Franziska Heyltjes,Franziska Heyltjes,Heyltjes,Franziska,Fr,F,,,15.0,0.0,2.0,,,,,,,4.0,5.0,
27,App State,2024,18,Grace Ball,Grace Ball,Ball,Grace,Sr,M,,,19.0,19.0,2.0,,,,,,4.0,8.0,51.0,1.0
27,App State,2024,8,Frederique Grimbergen,Frederique Grimbergen,Grimbergen,Frederique,Fr,M,,,19.0,10.0,2.0,,,1.0,1.0,,1.0,5.0,20.0,
27,App State,2024,24,Sophia Baxter,Sophia Baxter,Baxter,Sophia,So,M,,,19.0,19.0,3.0,,,1.0,3.0,,,6.0,9.0,
27,App State,2024,12,Florine Koopman,Florine Koopman,Koopman,Florine,So,M,,,17.0,17.0,5.0,,,,3.0,,3.0,13.0,25.0,
27,App State,2024,10,Sarah Perkins,Sarah Perkins,Perkins,Sarah,Sr,M,,,19.0,19.0,1.0,,,1.0,2.0,,,2.0,6.0,
27,App State,2024,33,Lise Boekaar,Lise Boekaar,Boekaar,Lise,Jr,F,,,18.0,18.0,3.0,,,,,,7.0,13.0,30.0,
27,App State,2024,14,Jillian Orcutt,Jillian Orcutt,Orcutt,Jillian,Sr,B,,,19.0,17.0,4.0,,,1.0,3.0,,1.0,9.0,20.0,
27,App State,2024,11,Henriette Stegen,Henriette Stegen,Stegen,Henriette,Jr,F,,,18.0,3.0,5.0,,,,2.0,,2.0,12.0,15.0,
27,App State,2024,13,Charlotte Bosma,Charlotte Bosma,Bosma,Charlotte,Sr,F,,,18.0,18.0,4.0,,,,2.0,,4.0,12.0,60.0,
27,App State,2024,21,Noa Ginjaume Matas,Noa Ginjaume Matas,Matas,Noa,So,M,,,19.0,15.0,,,,,2.0,,5.0,5.0,35.0,
27,App State,2024,20,Samantha Connors,Samantha Connors,Connors,Samantha,Jr,M,,,19.0,14.0,1.0,,,,1.0,,,2.0,14.0,
27,App State,2024,22,Hadley Kuzmicky,Hadley Kuzmicky,Kuzmicky,Hadley,Jr,F,,,18.0,0.0,,,,,,,1.0,1.0,4.0,
27,App State,2024,7,Sarah Callery,Sarah Callery,Callery,Sarah,Jr,B,,,17.0,1.0,,,,,,,,0.0,3.0,
27,App State,2024,16,Kassie Paul,Kassie Paul,Paul,Kassie,So,M,,,18.0,4.0,4.0,,,,2.0,,,8.0,10.0,
27,App State,2024,1,Bridget Donovan,Bridget Donovan,Donovan,Bridget,Jr,F,,,19.0,16.0,3.0,,,1.0,1.0,,2.0,8.0,18.0,
47,Ball St.,2024,15,Reagan KUNKLE,Reagan KUNKLE,KUNKLE,Reagan,Fr,,,,18.0,4.0,,,,,,,,0.0,3.0,
47,Ball St.,2024,16,Ellie FRANCOIS,Ellie FRANCOIS,FRANCOIS,Ellie,Fr,,,,8.0,0.0,,,,,1.0,,,0.0,1.0,
47,Ball St.,2024,3,Jenna WYCKOFF,Jenna WYCKOFF,WYCKOFF,Jenna,Jr,,,,18.0,12.0,3.0,,,,,,1.0,7.0,6.0,
47,Ball St.,2024,2,Maddie Summit,Maddie Summit,Summit,Maddie,So,,,,18.0,1.0,1.0,,,,,,,2.0,1.0,
47,Ball St.,2024,18,Jessica ROCHAT,Jessica ROCHAT,ROCHAT,Jessica,Fr,b,,,18.0,18.0,,,,,,,,0.0,10.0,
47,Ball St.,2024,11,Julia VERRATTI,Julia VERRATTI,VERRATTI,Julia,Fr,,,,18.0,6.0,1.0,,,,1.0,,2.0,4.0,11.0,
47,Ball St.,2024,26,Christine DITIZIO,Christine DITIZIO,DITIZIO,Christine,So,,,,18.0,2.0,,,,,4.0,,,0.0,10.0,
47,Ball St.,2024,7,Emma van Hal,Emma van Hal,Hal,Emma,So,,,,18.0,18.0,9.0,,,1.0,1.0,,4.0,22.0,43.0,1.0
47,Ball St.,2024,8,Grace CLOKIE,Grace CLOKIE,CLOKIE,Grace,So,,,,18.0,15.0,2.0,,,1.0,1.0,,,4.0,7.0,
47,Ball St.,2024,20,Maya GUINN,Maya GUINN,GUINN,Maya,Jr,,,,18.0,16.0,,,,,,,,0.0,1.0,
47,Ball St.,2024,24,Nadine LOEPS,Nadine LOEPS,LOEPS,Nadine,Fr,,,,18.0,0.0,1.0,,,1.0,,,1.0,3.0,2.0,
47,Ball St.,2024,13,Lauren LEWIS,Lauren LEWIS,LEWIS,Lauren,N/A,f,,,18.0,10.0,,,,,,,,0.0,,1.0
47,Ball St.,2024,21,Cleo van Roessel,Cleo van Roessel,Roessel,Cleo,N/A,,,,18.0,2.0,,,,,1.0,,,0.0,9.0,
47,Ball St.,2024,19,Rachel Bohn,Rachel Bohn,Bohn,Rachel,Sr,F,,,18.0,18.0,,,,,1.0,,1.0,1.0,4.0,
47,Ball St.,2024,17,Michaela Graney,Michaela Graney,Graney,Michaela,Sr,B,,,11.0,9.0,1.0,,,,,,,2.0,11.0,1.0
47,Ball St.,2024,4,Emma Hilton,Emma Hilton,Hilton,Emma,Sr,M,,,18.0,18.0,2.0,,,,,,4.0,8.0,12.0,2.0
52,Bellarmine,2024,6,Isabel Gladys,Isabel Gladys,Gladys,Isabel,Sr,M,,,17.0,17.0,1.0,,,,2.0,,,2.0,5.0,
52,Bellarmine,2024,1,Mia Booth,Mia Booth,Booth,Mia,So,F,,,17.0,9.0,3.0,,,,,,,6.0,5.0,
52,Bellarmine,2024,14,Bente Moormann,Bente Moormann,Moormann,Bente,Sr,M,,,17.0,17.0,4.0,,,,1.0,,3.0,11.0,10.0,
52,Bellarmine,2024,27,Alicia Hudson,Alicia Hudson,Hudson,Alicia,Jr,M,,,17.0,17.0,,,,,2.0,,,0.0,5.0,
52,Bellarmine,2024,24,Skylar Sokal,Skylar Sokal,Sokal,Skylar,Fr,B,,,17.0,17.0,,,,,,,1.0,1.0,8.0,3.0
52,Bellarmine,2024,11,Eve Gladys,Eve Gladys,Gladys,Eve,Fr,M,,,15.0,0.0,,,,,2.0,,,0.0,,
52,Bellarmine,2024,7,Dominique Hudson,Dominique Hudson,Hudson,Dominique,Fr,B,,,17.0,17.0,,,,,,,,0.0,,1.0
52,Bellarmine,2024,19,Anna Crump,Anna Crump,Crump,Anna,Sr,M,,,17.0,17.0,6.0,,,,,,4.0,16.0,38.0,
52,Bellarmine,2024,22,Annie Malloy,Annie Malloy,Malloy,Annie,Fr,M,,,16.0,3.0,2.0,,,,,,1.0,5.0,2.0,
52,Bellarmine,2024,8,Luna Tuncay,Luna Tuncay,Tuncay,Luna,Fr,M,,,17.0,15.0,1.0,,,,1.0,,3.0,5.0,9.0,
52,Bellarmine,2024,4,Brooke Buchanan,Brooke Buchanan,Buchanan,Brooke,So,F,,,17.0,10.0,1.0,,,,,,,2.0,5.0,
52,Bellarmine,2024,5,Anouk Richters,Anouk Richters,Richters,Anouk,Fr,B,,,17.0,9.0,1.0,,,,1.0,,1.0,3.0,2.0,
52,Bellarmine,2024,21,Sammie Callaghan,Sammie Callaghan,Callaghan,Sammie,Fr,F,,,17.0,5.0,2.0,,,,,,,4.0,9.0,
67,Boston College,2024,2,Klara Mueffelmann,Klara Mueffelmann,Mueffelmann,Klara,So,F,,,21.0,1.0,1.0,,,,1.0,,4.0,6.0,7.0,
67,Boston College,2024,18,Pia Serowik,Pia Serowik,Serowik,Pia,Sr,M,,,21.0,2.0,4.0,,,,1.0,,,8.0,11.0,
67,Boston College,2024,7,Elisa Brauel-Jahnke,Elisa Brauel-Jahnke,Brauel-Jahnke,Elisa,So,B,,,19.0,4.0,2.0,,,,2.0,,,4.0,18.0,
67,Boston College,2024,6,Madeline Leigh,Madeline Leigh,Leigh,Madeline,So,M,,,13.0,10.0,,,,,1.0,,,0.0,6.0,
67,Boston College,2024,12,Mia Garber,Mia Garber,Garber,Mia,Jr,F,,,21.0,21.0,4.0,,,2.0,2.0,,8.0,16.0,36.0,
67,Boston College,2024,16,Madelieve Drion,Madelieve Drion,Drion,Madelieve,So,M,,,21.0,14.0,8.0,,,,,,8.0,24.0,23.0,
67,Boston College,2024,23,Eva Kluskens,Eva Kluskens,Kluskens,Eva,Jr,M,,,21.0,21.0,1.0,,,1.0,2.0,,5.0,7.0,9.0,
67,Boston College,2024,25,Victoria Arra,Victoria Arra,Arra,Victoria,Sr,M,,,16.0,0.0,,,,,,,,0.0,1.0,
67,Boston College,2024,5,Martina Giacchino,Martina Giacchino,Giacchino,Martina,Jr,M,,,21.0,21.0,3.0,,,,2.0,,4.0,10.0,16.0,
67,Boston College,2024,19,Laine Ambrose,Laine Ambrose,Ambrose,Laine,Sr,M,,,17.0,2.0,,,,,,,,0.0,7.0,
67,Boston College,2024,4,Laila Rosenquest,Laila Rosenquest,Rosenquest,Laila,So,M,,,21.0,12.0,,,,,1.0,,,0.0,6.0,
67,Boston College,2024,13,Noortje Reijnders,Noortje Reijnders,Reijnders,Noortje,Fr,B,,,12.0,6.0,,,,,1.0,,,0.0,,
67,Boston College,2024,8,Maisy Ricciardelli,Maisy Ricciardelli,Ricciardelli,Maisy,Fr,F,,,9.0,0.0,,,,,,,,0.0,2.0,
67,Boston College,2024,15,Maeve Seeger,Maeve Seeger,Seeger,Maeve,Fr,F,,,21.0,1.0,,,,,1.0,,,0.0,3.0,
67,Boston College,2024,9,Yani Zhong,Yani Zhong,Zhong,Yani,Fr,M,,,20.0,20.0,9.0,,,1.0,5.0,,3.0,21.0,37.0,5.0
67,Boston College,2024,1,Kiki de Bruijne,Kiki de Bruijne,Bruijne,Kiki,Sr,M,,,21.0,19.0,,,,,2.0,,4.0,4.0,2.0,
67,Boston College,2024,17,Peyton Hale,Peyton Hale,Hale,Peyton,Sr,M,,,21.0,17.0,8.0,,,2.0,1.0,,7.0,23.0,52.0,
67,Boston College,2024,14,Juliette Hijdra,Juliette Hijdra,Hijdra,Juliette,Sr,M,,,21.0,21.0,,,,,,,3.0,3.0,3.0,
67,Boston College,2024,20,Madelief Grandjean,Madelief Grandjean,Grandjean,Madelief,Fr,M,,,19.0,18.0,4.0,,,,,,1.0,9.0,24.0,
68,Boston U.,2024,8,Celia Nocivelli,Celia Nocivelli,Nocivelli,Celia,Jr,B,,,8.0,0.0,,,,,,,,0.0,1.0,
68,Boston U.,2024,15,Tegan Poerio,Tegan Poerio,Poerio,Tegan,Sr,M,,,17.0,14.0,1.0,,,,1.0,,5.0,7.0,7.0,
68,Boston U.,2024,20,Caroline O'Brien,Caroline O'Brien,O'Brien,Caroline,Jr,F,,,17.0,15.0,2.0,,,,,,1.0,5.0,18.0,
68,Boston U.,2024,2,Payton Anderson,Payton Anderson,Anderson,Payton,Sr,F,,,17.0,17.0,10.0,,,,,,1.0,21.0,48.0,1.0
68,Boston U.,2024,13,Maddie Hudson,Maddie Hudson,Hudson,Maddie,Jr,F,,,17.0,15.0,,,,1.0,1.0,,1.0,1.0,5.0,1.0
68,Boston U.,2024,14,Maggie Driscoll,Maggie Driscoll,Driscoll,Maggie,So,M,,,17.0,2.0,,,,,1.0,,1.0,1.0,1.0,1.0
68,Boston U.,2024,9,Natalie Epperson,Natalie Epperson,Epperson,Natalie,Jr,F,,,17.0,0.0,4.0,,,,1.0,,,8.0,11.0,
68,Boston U.,2024,6,Nicole Lauro,Nicole Lauro,Lauro,Nicole,So,F,,,17.0,12.0,1.0,,,,1.0,,1.0,3.0,23.0,
68,Boston U.,2024,16,Bella Cloutier,Bella Cloutier,Cloutier,Bella,So,F,,,7.0,0.0,,,,,,,,0.0,2.0,
68,Boston U.,2024,11,Amalia Preece,Amalia Preece,Preece,Amalia,Jr,F,,,17.0,10.0,,,,1.0,1.0,,,0.0,8.0,
68,Boston U.,2024,3,Bella Bergner,Bella Bergner,Bergner,Bella,So,M,,,17.0,16.0,,,,,1.0,,2.0,2.0,,1.0
68,Boston U.,2024,25,Katie Devine,Katie Devine,Devine,Katie,Sr,M,,,17.0,17.0,3.0,,,1.0,2.0,,1.0,7.0,14.0,
68,Boston U.,2024,5,Megan Wetzel,Megan Wetzel,Wetzel,Megan,Jr,M,,,16.0,16.0,,,,,,,7.0,7.0,2.0,
68,Boston U.,2024,4,Olivia Hammer,Olivia Hammer,Hammer,Olivia,So,F,,,16.0,0.0,1.0,,,,,,1.0,3.0,3.0,
68,Boston U.,2024,19,Martu Coulo,Martu Coulo,Coulo,Martu,Jr,F,,,17.0,15.0,,,,1.0,1.0,,3.0,3.0,7.0,
68,Boston U.,2024,7,Ella Rottinghaus,Ella Rottinghaus,Rottinghaus,Ella,Sr,M,,,17.0,1.0,,,,,,,,0.0,3.0,
68,Boston U.,2024,27,Caitlin Wong,Caitlin Wong,Wong,Caitlin,Fr,,,,7.0,0.0,,,,,,,,0.0,,1.0
68,Boston U.,2024,17,Addison Jay,Addison Jay,Jay,Addison,Fr,,,,15.0,0.0,,,,2.0,,,2.0,2.0,,
68,Boston U.,2024,21,Pili Alvarez,Pili Alvarez,Alvarez,Pili,Sr,M,,,11.0,2.0,,,,,1.0,,,0.0,1.0,
68,Boston U.,2024,18,Tess Csejka,Tess Csejka,Csejka,Tess,Sr,F,,,16.0,16.0,4.0,,,,,,,8.0,10.0,
80,Brown,2024,15,Katie McCallum,Katie McCallum,McCallum,Katie,Sr,F,,,17.0,6.0,8.0,,,,2.0,,6.0,22.0,70.0,
80,Brown,2024,19,Mikayla Walsh,Mikayla Walsh,Walsh,Mikayla,Sr,M,,,17.0,16.0,,,,,4.0,,2.0,2.0,16.0,
80,Brown,2024,20,Lucy Adams,Lucy Adams,Adams,Lucy,Jr,M,,,17.0,16.0,4.0,,,1.0,3.0,,11.0,19.0,52.0,
80,Brown,2024,14,Juliette Meijaard,Juliette Meijaard,Meijaard,Juliette,So,F,,,17.0,16.0,1.0,,,,2.0,,4.0,6.0,2.0,
80,Brown,2024,4,Julia Hitti,Julia Hitti,Hitti,Julia,Sr,B,,,17.0,17.0,,,,,,,,0.0,,4.0
80,Brown,2024,10,Kate Siedem,Kate Siedem,Siedem,Kate,So,B,,,17.0,17.0,,,,,,,,0.0,1.0,
80,Brown,2024,9,Catie Summers,Catie Summers,Summers,Catie,Sr,F,,,10.0,1.0,,,,,,,1.0,1.0,4.0,
80,Brown,2024,24,Ellie Neel,Ellie Neel,Neel,Ellie,Sr,M,,,13.0,1.0,,,,,,,,0.0,1.0,
80,Brown,2024,11,Zita Cohen,Zita Cohen,Cohen,Zita,Jr,M,,,1.0,0.0,,,,,,,,0.0,1.0,
80,Brown,2024,8,Lexi Pellegrino,Lexi Pellegrino,Pellegrino,Lexi,Jr,F,,,17.0,12.0,7.0,,,,,,,14.0,57.0,
80,Brown,2024,3,Zoe Lawrence,Zoe Lawrence,Lawrence,Zoe,So,F,,,17.0,16.0,4.0,,,1.0,2.0,,2.0,10.0,27.0,
80,Brown,2024,18,Lizzie Loftus,Lizzie Loftus,Loftus,Lizzie,So,B,,,13.0,9.0,,,,,1.0,,,0.0,2.0,
80,Brown,2024,5,Lucie Schroeder,Lucie Schroeder,Schroeder,Lucie,Fr,F,,,5.0,0.0,1.0,,,1.0,,,,2.0,2.0,
80,Brown,2024,2,Kiersten Smith,Kiersten Smith,Smith,Kiersten,Fr,F,,,17.0,0.0,5.0,,,,,,2.0,12.0,20.0,
80,Brown,2024,1,Mia Karine Myklebust,Mia Karine Myklebust,Myklebust,Mia,Jr,F,,,16.0,15.0,9.0,,,1.0,1.0,,1.0,19.0,23.0,
80,Brown,2024,22,Gretchen Scott,Gretchen Scott,Scott,Gretchen,Fr,M,,,10.0,0.0,1.0,,,,,,,2.0,8.0,
80,Brown,2024,7,Imogen Govan,Imogen Govan,Govan,Imogen,Sr,M,,,17.0,17.0,,,,,2.0,,4.0,4.0,23.0,
80,Brown,2024,13,Alexandra Madrid,Alexandra Madrid,Madrid,Alexandra,Fr,M,,,17.0,8.0,1.0,,,,1.0,,,2.0,4.0,
80,Brown,2024,25,Jule Rothenberger,Jule Rothenberger,Rothenberger,Jule,Fr,M,,,17.0,2.0,1.0,,,1.0,,,2.0,4.0,14.0,
81,Bryant,2024,25,Claire Joss,Claire Joss,Joss,Claire,So,B,,,18.0,18.0,,,,,,,1.0,1.0,2.0,
81,Bryant,2024,17,Caitlin Gallagher,Caitlin Gallagher,Gallagher,Caitlin,Sr,M,,,18.0,18.0,4.0,,,,1.0,,1.0,9.0,14.0,
81,Bryant,2024,11,Abby Crowley,Abby Crowley,Crowley,Abby,Sr,F,,,18.0,9.0,1.0,,,,3.0,,1.0,3.0,8.0,
81,Bryant,2024,4,Natalie Griffin,Natalie Griffin,Griffin,Natalie,Jr,M,,,18.0,18.0,4.0,,,1.0,,,3.0,11.0,11.0,1.0
81,Bryant,2024,5,Zoe Bates,Zoe Bates,Bates,Zoe,Jr,M,,,16.0,0.0,,1.0,,,,,,0.0,3.0,
81,Bryant,2024,24,Alexa Sedicino,Alexa Sedicino,Sedicino,Alexa,So,F,,,17.0,10.0,2.0,,,,,,1.0,5.0,10.0,
81,Bryant,2024,20,Callie Caito,Callie Caito,Caito,Callie,So,M,,,18.0,5.0,4.0,,,,,,4.0,12.0,14.0,
81,Bryant,2024,28,Jenny Sorrentino,Jenny Sorrentino,Sorrentino,Jenny,So,M,,,17.0,12.0,,,,,3.0,,,0.0,,2.0
81,Bryant,2024,15,Carly Dimock,Carly Dimock,Dimock,Carly,So,F,,,4.0,0.0,,,,,,,,0.0,1.0,
81,Bryant,2024,6,Linde van Leeuwen,Linde van Leeuwen,Leeuwen,Linde,Fr,B,,,17.0,16.0,3.0,,,,2.0,,2.0,8.0,24.0,3.0
81,Bryant,2024,23,Jaedyn Scarlatos,Jaedyn Scarlatos,Scarlatos,Jaedyn,Fr,F,,,18.0,18.0,1.0,,,1.0,,,2.0,4.0,6.0,1.0
81,Bryant,2024,12,Filou Verhoueven,Filou Verhoueven,Verhoueven,Filou,Fr,F,,,18.0,18.0,4.0,,,1.0,2.0,,8.0,16.0,29.0,
81,Bryant,2024,29,Sara DeSousa,Sara DeSousa,DeSousa,Sara,So,GK,,,18.0,15.0,,,,,1.0,,,0.0,,
81,Bryant,2024,10,Eva Boogers,Eva Boogers,Boogers,Eva,Fr,B,,,18.0,18.0,5.0,,,2.0,2.0,,7.0,17.0,14.0,
81,Bryant,2024,14,Hannah van Dooren,Hannah van Dooren,Dooren,Hannah,Fr,M,,,17.0,16.0,,,,,1.0,,,0.0,3.0,
83,Bucknell,2024,22,Hannah Guarente,Hannah Guarente,Guarente,Hannah,Sr,M,,,17.0,17.0,,,,,1.0,,3.0,3.0,1.0,
83,Bucknell,2024,5,Zoe Carlson-Pietraszek,Zoe Carlson-Pietraszek,Carlson-Pietraszek,Zoe,Sr,F,,,17.0,4.0,1.0,,,,,,1.0,3.0,12.0,
83,Bucknell,2024,21,Katie Lintz,Katie Lintz,Lintz,Katie,So,F,,,16.0,1.0,2.0,,,,,,,4.0,4.0,
83,Bucknell,2024,15,Isabella Pavlides,Isabella Pavlides,Pavlides,Isabella,Sr,M,,,17.0,8.0,,,,,1.0,,9.0,9.0,6.0,
83,Bucknell,2024,10,Nicky Punt,Nicky Punt,Punt,Nicky,Jr,M,,,17.0,17.0,,,,,,,10.0,10.0,9.0,
83,Bucknell,2024,28,Alexandra Shizas,Alexandra Shizas,Shizas,Alexandra,Jr,B,,,6.0,1.0,,,,,1.0,,,0.0,,
83,Bucknell,2024,12,Lily Neilson,Lily Neilson,Neilson,Lily,Sr,B,,,17.0,17.0,18.0,,,1.0,,,2.0,38.0,90.0,
83,Bucknell,2024,23,Hope Davis,Hope Davis,Davis,Hope,Sr,M,,,17.0,17.0,,,,,,,,0.0,6.0,
83,Bucknell,2024,17,Kira Leclercq,Kira Leclercq,Leclercq,Kira,Jr,M,,,17.0,17.0,7.0,,,,1.0,,6.0,20.0,46.0,9.0
83,Bucknell,2024,19,Lindsey Fogelsanger,Lindsey Fogelsanger,Fogelsanger,Lindsey,Sr,M,,,17.0,10.0,,,,,2.0,,,0.0,1.0,
83,Bucknell,2024,14,Tallulah Fuhs,Tallulah Fuhs,Fuhs,Tallulah,Sr,M,,,17.0,6.0,2.0,,,1.0,4.0,,1.0,5.0,14.0,
83,Bucknell,2024,3,Gianna Puorro,Gianna Puorro,Puorro,Gianna,Jr,M,,,17.0,17.0,2.0,,,1.0,3.0,,1.0,5.0,18.0,
83,Bucknell,2024,2,Sally Hunter,Sally Hunter,Hunter,Sally,Fr,B,,,17.0,15.0,2.0,,,,,,2.0,6.0,3.0,
83,Bucknell,2024,9,Bella Notaro,Bella Notaro,Notaro,Bella,Fr,M,,,10.0,0.0,,,,,,,,0.0,1.0,
83,Bucknell,2024,13,Paige McMeekin,Paige McMeekin,McMeekin,Paige,Fr,M,,,4.0,0.0,,,,,,,,0.0,1.0,
83,Bucknell,2024,6,Reese Czajkowski,Reese Czajkowski,Czajkowski,Reese,Fr,M,,,17.0,15.0,4.0,,,2.0,4.0,,2.0,10.0,17.0,
107,California,2024,11,Gracie Jimenez,Gracie Jimenez,Jimenez,Gracie,Sr,B,,,12.0,0.0,,,,,,,,0.0,1.0,
107,California,2024,7,Anjana Pioch,Anjana Pioch,Pioch,Anjana,So,M,,,9.0,5.0,,,,,1.0,,,0.0,,
107,California,2024,10,Olivia Sharratt,Olivia Sharratt,Sharratt,Olivia,Jr,F,,,17.0,17.0,2.0,,,,1.0,,3.0,7.0,12.0,3.0
107,California,2024,15,Monet Stuckey,Monet Stuckey,Stuckey,Monet,Sr,B,,,4.0,0.0,,,,,,,,0.0,1.0,
107,California,2024,3,Cassidy Puleo,Cassidy Puleo,Puleo,Cassidy,Sr,B,,,16.0,1.0,,,,,1.0,,,0.0,3.0,1.0
107,California,2024,25,Elana Eisenberg,Elana Eisenberg,Eisenberg,Elana,Sr,M,,,15.0,0.0,,,,,,,,0.0,2.0,
107,California,2024,6,Holly Pears,Holly Pears,Pears,Holly,So,F,,,17.0,7.0,4.0,,,,1.0,,,8.0,38.0,
107,California,2024,13,Sophie Everett,Sophie Everett,Everett,Sophie,Sr,M,,,17.0,16.0,,,,,,,3.0,3.0,2.0,
107,California,2024,18,Sydney Decher,Sydney Decher,Decher,Sydney,Sr,B,,,17.0,17.0,,,,,2.0,,4.0,4.0,4.0,
107,California,2024,5,Morgan Kallman,Morgan Kallman,Kallman,Morgan,Jr,F,,,17.0,12.0,1.0,,,,1.0,,,2.0,23.0,
107,California,2024,4,Liz Klompmaker,Liz Klompmaker,Klompmaker,Liz,Fr,F,,,17.0,17.0,15.0,,,1.0,4.0,,1.0,31.0,94.0,
107,California,2024,20,Carmel Van Dijk,Carmel Van Dijk,Dijk,Carmel,Sr,M,,,17.0,17.0,,,,,2.0,,2.0,2.0,7.0,1.0
107,California,2024,9,Maya Hoepfner,Maya Hoepfner,Hoepfner,Maya,Fr,M,,,12.0,11.0,3.0,,,,,,1.0,7.0,18.0,2.0
107,California,2024,14,Canisha van Duyn,Canisha van Duyn,Duyn,Canisha,Sr,M,,,17.0,17.0,3.0,,,1.0,,,10.0,16.0,17.0,7.0
107,California,2024,21,Jessica Lewis,Jessica Lewis,Lewis,Jessica,Fr,M,,,17.0,5.0,,,,,,,,0.0,1.0,
107,California,2024,2,Noemi Mekki,Noemi Mekki,Mekki,Noemi,Sr,M,,,17.0,17.0,,,,,1.0,,,0.0,5.0,
107,California,2024,22,Fran Ralston-Brown,Fran Ralston-Brown,Ralston-Brown,Fran,Fr,M,,,7.0,0.0,,,,,,,,0.0,,1.0
107,California,2024,12,Pauline Lingnau,Pauline Lingnau,Lingnau,Pauline,Fr,F,,,17.0,11.0,,,,,1.0,,5.0,5.0,1.0,
107,California,2024,19,Mia DiGiulio,Mia DiGiulio,DiGiulio,Mia,Fr,M,,,4.0,0.0,,,,,1.0,,,0.0,,
129,Central Mich.,2024,28,Cameron Pluciennik,Cameron Pluciennik,Pluciennik,Cameron,So,F,,,14.0,5.0,3.0,,,,,,,6.0,8.0,
129,Central Mich.,2024,15,Cosima Perleth,Cosima Perleth,Perleth,Cosima,So,B,,,16.0,11.0,,,,,,,3.0,3.0,3.0,
129,Central Mich.,2024,23,Klara Mikulaskova,Klara Mikulaskova,Mikulaskova,Klara,So,B,,,17.0,17.0,2.0,,,,,,1.0,5.0,14.0,7.0
129,Central Mich.,2024,2,Zoey Emrick,Zoey Emrick,Emrick,Zoey,So,F,,,17.0,11.0,4.0,,,,2.0,,2.0,10.0,20.0,
129,Central Mich.,2024,11,Annabelle Cotroneo,Annabelle Cotroneo,Cotroneo,Annabelle,So,F,,,17.0,10.0,,,,,1.0,,1.0,1.0,5.0,
129,Central Mich.,2024,14,Pauline Kelp,Pauline Kelp,Kelp,Pauline,So,B,,,15.0,7.0,2.0,,,,,,,4.0,6.0,
129,Central Mich.,2024,7,Shannon Dwyer,Shannon Dwyer,Dwyer,Shannon,Jr,,,,17.0,3.0,,,,1.0,2.0,,2.0,2.0,2.0,
129,Central Mich.,2024,20,Simone Potgieter,Simone Potgieter,Potgieter,Simone,Sr,d,,,17.0,17.0,,,,,1.0,,1.0,1.0,,1.0
129,Central Mich.,2024,1,Amelia Lane,Amelia Lane,Lane,Amelia,Jr,M,,,12.0,9.0,2.0,,,,1.0,,3.0,7.0,15.0,
129,Central Mich.,2024,17,Kaitlyn Bowker,Kaitlyn Bowker,Bowker,Kaitlyn,Sr,F,,,17.0,15.0,1.0,,,,2.0,,3.0,5.0,3.0,
129,Central Mich.,2024,21,Carly Kubacka,Carly Kubacka,Kubacka,Carly,Sr,F,,,3.0,0.0,1.0,,,,,,,2.0,1.0,
129,Central Mich.,2024,16,Isabella D'Alessandro,Isabella D'Alessandro,D'Alessandro,Isabella,Sr,M,,,17.0,4.0,2.0,,,,1.0,,1.0,5.0,7.0,
129,Central Mich.,2024,9,Carolena Ryon,Carolena Ryon,Ryon,Carolena,Fr,,,,16.0,7.0,1.0,,,,,,1.0,3.0,17.0,
129,Central Mich.,2024,29,Mallory Camryn,Mallory Camryn,Camryn,Mallory,Jr,F,,,17.0,17.0,10.0,,,1.0,2.0,,4.0,24.0,60.0,
129,Central Mich.,2024,5,Hailey Bainer,Hailey Bainer,Bainer,Hailey,So,M,,,16.0,12.0,,,,,1.0,,1.0,1.0,,
129,Central Mich.,2024,10,Violet Barton,Violet Barton,Barton,Violet,Fr,,,,16.0,7.0,,,,,,,1.0,1.0,6.0,
129,Central Mich.,2024,3,Hannah Havrilla,Hannah Havrilla,Havrilla,Hannah,Sr,M,,,17.0,16.0,,,,,,,,0.0,2.0,
153,Colgate,2024,9,Ahria Dhillon,Ahria Dhillon,Dhillon,Ahria,Jr,B,,,14.0,7.0,1.0,,,,,,1.0,3.0,8.0,2.0
153,Colgate,2024,8,Morgan Willis,Morgan Willis,Willis,Morgan,So,F,,,17.0,17.0,3.0,,,1.0,,,3.0,9.0,16.0,
153,Colgate,2024,13,Lily Schoonmaker,Lily Schoonmaker,Schoonmaker,Lily,Sr,F,,,17.0,17.0,2.0,,,,1.0,,3.0,7.0,4.0,4.0
153,Colgate,2024,28,Abby Williams,Abby Williams,Williams,Abby,So,B,,,17.0,15.0,,,,,1.0,,,0.0,4.0,2.0
153,Colgate,2024,4,Anna Lochhead,Anna Lochhead,Lochhead,Anna,Jr,F,,,17.0,17.0,3.0,,,,,,,6.0,5.0,
153,Colgate,2024,18,Dani Palmer,Dani Palmer,Palmer,Dani,Jr,F,,,17.0,16.0,3.0,,,,1.0,,2.0,8.0,16.0,
153,Colgate,2024,24,Hannah Marcotrigiano,Hannah Marcotrigiano,Marcotrigiano,Hannah,Jr,F,,,15.0,13.0,1.0,,,,1.0,,,2.0,11.0,
153,Colgate,2024,14,Sarah Killcommons,Sarah Killcommons,Killcommons,Sarah,Sr,M,,,17.0,16.0,,,,,,,,0.0,4.0,1.0
153,Colgate,2024,10,Annie Lake,Annie Lake,Lake,Annie,So,B,,,17.0,9.0,,,,,1.0,,,0.0,,1.0
153,Colgate,2024,11,Alice Walton,Alice Walton,Walton,Alice,Jr,F,,,7.0,5.0,,,,,2.0,,1.0,1.0,1.0,
153,Colgate,2024,7,Alli Troth,Alli Troth,Troth,Alli,So,F,,,13.0,0.0,2.0,,,,,,,4.0,2.0,
153,Colgate,2024,6,Maddie Rohlfing,Maddie Rohlfing,Rohlfing,Maddie,So,B,,,15.0,3.0,,,,,1.0,,,0.0,1.0,
153,Colgate,2024,23,Grace Schmelzinger,Grace Schmelzinger,Schmelzinger,Grace,Jr,M,,,17.0,17.0,3.0,,,,2.0,,2.0,8.0,21.0,
153,Colgate,2024,29,Charlotte Hamilton,Charlotte Hamilton,Hamilton,Charlotte,Sr,B,,,17.0,17.0,1.0,,,,1.0,,1.0,3.0,14.0,1.0
153,Colgate,2024,3,Tyler Argilagos,Tyler Argilagos,Argilagos,Tyler,Jr,F,,,16.0,0.0,,,,,1.0,,,0.0,4.0,
153,Colgate,2024,5,Katie Convey,Katie Convey,Convey,Katie,Jr,F,,,16.0,0.0,2.0,,,,,,1.0,5.0,2.0,
153,Colgate,2024,12,Taylor Guibord,Taylor Guibord,Guibord,Taylor,Fr,M,,,11.0,0.0,,,,,,,,0.0,1.0,
153,Colgate,2024,17,Kyleigh Welusz,Kyleigh Welusz,Welusz,Kyleigh,Fr,B,,,17.0,0.0,,,,,,,,0.0,1.0,
153,Colgate,2024,30,Issy Collin,Issy Collin,Collin,Issy,Fr,B,,,16.0,0.0,,,,,1.0,,,0.0,1.0,
153,Colgate,2024,19,Kate Rose,Kate Rose,Rose,Kate,Fr,M,,,15.0,0.0,,,,,,,,0.0,1.0,
153,Colgate,2024,15,Lauren Widdowson,Lauren Widdowson,Widdowson,Lauren,Fr,M,,,17.0,0.0,,,,,,,1.0,1.0,2.0,1.0
158,Columbia,2024,7,Jeannine Turgeon,Jeannine Turgeon,Turgeon,Jeannine,Sr,M,,,16.0,16.0,,,,,,,2.0,2.0,1.0,
158,Columbia,2024,11,Delfina Gonzalez Lobo,Delfina Gonzalez Lobo,Lobo,Delfina,So,M,,,16.0,15.0,2.0,,,,1.0,,2.0,6.0,7.0,
158,Columbia,2024,9,Gracie Hecht,Gracie Hecht,Hecht,Gracie,Sr,M,,,1.0,0.0,,,,,,,,0.0,1.0,
158,Columbia,2024,5,Samantha Petrucco,Samantha Petrucco,Petrucco,Samantha,Jr,M,,,16.0,15.0,2.0,,,,3.0,,1.0,5.0,9.0,
158,Columbia,2024,17,Mckenzie Bloom,Mckenzie Bloom,Bloom,Mckenzie,So,F,,,16.0,15.0,2.0,,,1.0,,,1.0,5.0,18.0,
158,Columbia,2024,24,Lily Baker,Lily Baker,Baker,Lily,Sr,M,,,16.0,16.0,,,,,2.0,,1.0,1.0,3.0,
158,Columbia,2024,12,Sophia Abate,Sophia Abate,Abate,Sophia,Jr,F,,,15.0,14.0,3.0,,,,1.0,,1.0,7.0,8.0,
158,Columbia,2024,6,Lindsey Yu,Lindsey Yu,Yu,Lindsey,Sr,M,,,16.0,16.0,4.0,,,1.0,1.0,,,8.0,29.0,
158,Columbia,2024,3,Emma Reilly,Emma Reilly,Reilly,Emma,So,M,,,16.0,15.0,,,,,2.0,,1.0,1.0,9.0,1.0
158,Columbia,2024,15,Nicole Campolattaro,Nicole Campolattaro,Campolattaro,Nicole,Fr,F,,,16.0,5.0,1.0,,,,,,1.0,3.0,12.0,
158,Columbia,2024,20,Ashley Kim,Ashley Kim,Kim,Ashley,Fr,F,,,11.0,1.0,2.0,,,,1.0,,,4.0,6.0,
158,Columbia,2024,4,Lizzie Adams,Lizzie Adams,Adams,Lizzie,Fr,F,,,16.0,16.0,3.0,,,,1.0,,2.0,8.0,5.0,3.0
158,Columbia,2024,8,Jacinta Solari Etcheberry,Jacinta Solari Etcheberry,Etcheberry,Jacinta,Fr,F,,,16.0,16.0,3.0,,,,1.0,,1.0,7.0,38.0,
167,Cornell,2024,12,Annabel Cheveley,Annabel Cheveley,Cheveley,Annabel,So,M,,,14.0,0.0,1.0,,,1.0,,,,2.0,4.0,
167,Cornell,2024,15,Vivienne Mueller,Vivienne Mueller,Mueller,Vivienne,Jr,B,,,16.0,3.0,3.0,,,,,,1.0,7.0,9.0,
167,Cornell,2024,7,Grace Leahy,Grace Leahy,Leahy,Grace,Jr,M,,,16.0,15.0,3.0,,,1.0,1.0,,2.0,8.0,14.0,
167,Cornell,2024,5,Georgia Kelly,Georgia Kelly,Kelly,Georgia,Jr,M,,,16.0,16.0,2.0,,,,,,4.0,8.0,43.0,
167,Cornell,2024,20,Julia Ramsey,Julia Ramsey,Ramsey,Julia,So,M,,,16.0,12.0,4.0,,,,3.0,,3.0,11.0,12.0,1.0
167,Cornell,2024,14,Gabby Volpe,Gabby Volpe,Volpe,Gabby,Sr,M,,,16.0,16.0,,,,1.0,2.0,,,0.0,,2.0
167,Cornell,2024,9,Sarah Rogalski,Sarah Rogalski,Rogalski,Sarah,Sr,M,,,15.0,1.0,1.0,,,,,,,2.0,5.0,
167,Cornell,2024,8,Ashley Plzak,Ashley Plzak,Plzak,Ashley,So,F,,,16.0,8.0,3.0,,,,,,2.0,8.0,10.0,
167,Cornell,2024,10,Polly Parsons,Polly Parsons,Parsons,Polly,So,F,,,16.0,12.0,1.0,,,1.0,1.0,,3.0,5.0,22.0,
167,Cornell,2024,3,Emma Poplyk,Emma Poplyk,Poplyk,Emma,So,M,,,16.0,10.0,,,,1.0,,,,0.0,1.0,
167,Cornell,2024,28,Uma Kading,Uma Kading,Kading,Uma,Fr,F,,,16.0,12.0,6.0,,,,2.0,,,12.0,32.0,
167,Cornell,2024,13,Blake Wilks,Blake Wilks,Wilks,Blake,Fr,F,,,12.0,7.0,2.0,,,,,,,4.0,5.0,
167,Cornell,2024,19,Delaney Keegan,Delaney Keegan,Keegan,Delaney,Fr,M,,,10.0,0.0,,,,,,,1.0,1.0,1.0,
167,Cornell,2024,2,Olivia Weir,Olivia Weir,Weir,Olivia,So,M,,,6.0,0.0,,,,,,,,0.0,2.0,
167,Cornell,2024,11,Claire Vaughn,Claire Vaughn,Vaughn,Claire,Sr,M,,,16.0,10.0,2.0,,,,,,1.0,5.0,6.0,
167,Cornell,2024,23,Claire Wolfe,Claire Wolfe,Wolfe,Claire,Sr,M,,,16.0,16.0,,,,,2.0,,2.0,2.0,7.0,
167,Cornell,2024,4,Antonia Packard,Antonia Packard,Packard,Antonia,Sr,M,,,11.0,0.0,,,,,1.0,,,0.0,5.0,
167,Cornell,2024,25,Elizabeth Friedberg,Elizabeth Friedberg,Friedberg,Elizabeth,Sr,M,,,13.0,8.0,,,,3.0,1.0,,,0.0,3.0,
167,Cornell,2024,18,Olivia Friedberg,Olivia Friedberg,Friedberg,Olivia,Sr,F,,,15.0,13.0,1.0,,,2.0,2.0,,1.0,3.0,14.0,
172,Dartmouth,2024,19,Isabell Andrews,Isabell Andrews,Andrews,Isabell,Fr,GK,,,7.0,7.0,,,,2.0,,,,0.0,,
172,Dartmouth,2024,20,Ruby Walsh,Ruby Walsh,Walsh,Ruby,Fr,B,,,16.0,13.0,1.0,,,,1.0,,1.0,3.0,11.0,
172,Dartmouth,2024,6,Gabriela Braceras,Gabriela Braceras,Braceras,Gabriela,Sr,F,,,16.0,16.0,1.0,,,,,,6.0,8.0,8.0,
172,Dartmouth,2024,9,Helen Young,Helen Young,Young,Helen,Sr,M,,,16.0,16.0,1.0,,,,,,2.0,4.0,12.0,1.0
172,Dartmouth,2024,17,Lucia Campaño,Lucia Campaño,Campaño,Lucia,So,M,,,16.0,16.0,4.0,,,,2.0,,1.0,9.0,30.0,
172,Dartmouth,2024,12,Olivia Galiotos,Olivia Galiotos,Galiotos,Olivia,Jr,B,,,16.0,16.0,1.0,,,1.0,,,2.0,4.0,16.0,
172,Dartmouth,2024,14,Ella Bowman,Ella Bowman,Bowman,Ella,So,B,,,16.0,15.0,4.0,,,,1.0,,,8.0,26.0,1.0
172,Dartmouth,2024,21,Zoe Schaffer,Zoe Schaffer,Schaffer,Zoe,Jr,F,,,16.0,5.0,2.0,,,,,,,4.0,9.0,
172,Dartmouth,2024,2,Raina Johns,Raina Johns,Johns,Raina,So,M,,,16.0,12.0,,,,1.0,1.0,,,0.0,10.0,
172,Dartmouth,2024,7,Riley Dumigan,Riley Dumigan,Dumigan,Riley,So,F,,,16.0,15.0,4.0,,,,3.0,,2.0,10.0,11.0,
172,Dartmouth,2024,29,Piper Edwards,Piper Edwards,Edwards,Piper,Sr,B,,,1.0,1.0,,,,,,,1.0,1.0,,
172,Dartmouth,2024,18,Emilia Callahan,Emilia Callahan,Callahan,Emilia,Sr,B,,,16.0,7.0,4.0,,,,,,1.0,9.0,17.0,
172,Dartmouth,2024,28,Florentina Terra,Florentina Terra,Terra,Florentina,Jr,M,,,16.0,16.0,,,,,2.0,,5.0,5.0,2.0,
172,Dartmouth,2024,8,Amelie Luessmann,Amelie Luessmann,Luessmann,Amelie,Fr,F,,,14.0,0.0,1.0,,,,1.0,,1.0,3.0,3.0,
172,Dartmouth,2024,5,Ally Brosie,Ally Brosie,Brosie,Ally,Fr,F,,,15.0,3.0,,,,,,,,0.0,4.0,
173,Davidson,2024,1,Ava Mickel,Ava Mickel,Mickel,Ava,So,F,,,15.0,15.0,2.0,,,,,,,4.0,15.0,
173,Davidson,2024,11,Celie Constantine,Celie Constantine,Constantine,Celie,Jr,M,,,15.0,15.0,1.0,,,,,,5.0,7.0,21.0,
173,Davidson,2024,14,Adriana Risi,Adriana Risi,Risi,Adriana,Sr,M,,,15.0,15.0,,,,,,,,0.0,7.0,
173,Davidson,2024,12,Emelia Little,Emelia Little,Little,Emelia,Jr,F,,,14.0,0.0,2.0,,,,,,,4.0,3.0,
173,Davidson,2024,30,Matilda Collins,Matilda Collins,Collins,Matilda,So,B,,,14.0,14.0,3.0,,,1.0,2.0,,2.0,8.0,21.0,
173,Davidson,2024,16,Liv Goeke,Liv Goeke,Goeke,Liv,So,M,,,15.0,15.0,1.0,,,,1.0,,,2.0,1.0,
173,Davidson,2024,19,Sarah Grace Clifton,Sarah Grace Clifton,Clifton,Sarah,Jr,M,,,14.0,1.0,1.0,,,,,,,2.0,3.0,
173,Davidson,2024,3,Elyse Unger,Elyse Unger,Unger,Elyse,So,M,,,3.0,0.0,,,,,,,,0.0,3.0,
173,Davidson,2024,15,Hannah Merritt,Hannah Merritt,Merritt,Hannah,Jr,M,,,15.0,5.0,1.0,,,,2.0,,2.0,4.0,14.0,
173,Davidson,2024,6,Macy Curtis,Macy Curtis,Curtis,Macy,Sr,M,,,15.0,15.0,3.0,,,,,,4.0,10.0,22.0,
173,Davidson,2024,5,Bella Worthington,Bella Worthington,Worthington,Bella,Sr,M,,,15.0,15.0,,,,,,,1.0,1.0,2.0,3.0
173,Davidson,2024,8,Sib Naaktgeboren,Sib Naaktgeboren,Naaktgeboren,Sib,Jr,M,,,15.0,15.0,5.0,,,,1.0,,4.0,14.0,51.0,
173,Davidson,2024,2,Abby Pompeo,Abby Pompeo,Pompeo,Abby,Sr,F,,,15.0,15.0,4.0,,,,2.0,,,8.0,13.0,
173,Davidson,2024,22,Hallie Slidell,Hallie Slidell,Slidell,Hallie,Fr,M,,,15.0,7.0,,,,,1.0,,,0.0,3.0,
173,Davidson,2024,9,Eva van der Kooi,Eva van der Kooi,Kooi,Eva,Fr,M,,,15.0,1.0,2.0,,,,,,1.0,5.0,9.0,
180,Delaware,2024,15,Sarah Rigual,Sarah Rigual,Rigual,Sarah,So,M,,,22.0,7.0,1.0,,,,3.0,,3.0,5.0,9.0,
180,Delaware,2024,23,Valentina Martorell,Valentina Martorell,Martorell,Valentina,Sr,M,,,22.0,17.0,6.0,,,1.0,1.0,,4.0,16.0,29.0,
180,Delaware,2024,3,Rachael Whitehead,Rachael Whitehead,Whitehead,Rachael,So,M,,,22.0,22.0,2.0,,,1.0,3.0,,4.0,8.0,32.0,1.0
180,Delaware,2024,17,Kate Fiest,Kate Fiest,Fiest,Kate,So,M,,,22.0,14.0,5.0,,,2.0,4.0,,2.0,12.0,16.0,
180,Delaware,2024,4,Cameron Medinger,Cameron Medinger,Medinger,Cameron,Jr,B,,,21.0,19.0,,,,,2.0,,,0.0,1.0,7.0
180,Delaware,2024,2,Emma Miller,Emma Miller,Miller,Emma,Jr,M,,,22.0,2.0,1.0,,,,1.0,,1.0,3.0,9.0,
180,Delaware,2024,10,Genevieve Johnson,Genevieve Johnson,Johnson,Genevieve,Sr,M,,,20.0,16.0,1.0,,,,4.0,,2.0,4.0,17.0,
180,Delaware,2024,22,Noelle Sabbagh,Noelle Sabbagh,Sabbagh,Noelle,Jr,F,,,22.0,16.0,2.0,,,1.0,2.0,,4.0,8.0,15.0,
180,Delaware,2024,16,Avery McComas,Avery McComas,McComas,Avery,Fr,B,,,4.0,0.0,,,,,,,,0.0,1.0,
180,Delaware,2024,18,Janne Stoetzer,Janne Stoetzer,Stoetzer,Janne,Fr,F,,,22.0,19.0,5.0,,,,1.0,,6.0,16.0,15.0,
180,Delaware,2024,4,Ryleigh McComas,Ryleigh McComas,McComas,Ryleigh,Sr,M,,,18.0,7.0,,,,,,,1.0,1.0,1.0,
180,Delaware,2024,1,Lily Cosner,Lily Cosner,Cosner,Lily,Fr,M,,,22.0,14.0,,,,,,,1.0,1.0,,
180,Delaware,2024,7,Lulu Fulton,Lulu Fulton,Fulton,Lulu,Sr,M,,,22.0,20.0,5.0,,,,4.0,,4.0,14.0,37.0,
180,Delaware,2024,13,Taylor Vaccaro,Taylor Vaccaro,Vaccaro,Taylor,Fr,M,,,22.0,1.0,2.0,,,,,,,4.0,4.0,
180,Delaware,2024,10,Iris Bekker,Iris Bekker,Bekker,Iris,So,B,,,22.0,22.0,5.0,,,,,,4.0,14.0,20.0,2.0
180,Delaware,2024,12,Kate Janssen,Kate Janssen,Janssen,Kate,Fr,M,,,22.0,22.0,2.0,,,1.0,2.0,,2.0,6.0,15.0,
191,Drexel,2024,22,Kenzie Lever,Kenzie Lever,Lever,Kenzie,Sr,M,,,19.0,12.0,3.0,,,,2.0,,1.0,7.0,14.0,
191,Drexel,2024,11,Marti Sanabria,Marti Sanabria,Sanabria,Marti,Jr,F,,,19.0,19.0,4.0,,,,4.0,,3.0,11.0,13.0,
191,Drexel,2024,99,Pien Elsen,Pien Elsen,Elsen,Pien,So,M,,,19.0,19.0,4.0,,,,,,5.0,13.0,55.0,
191,Drexel,2024,3,Val Van Hellemont,Val Van Hellemont,Hellemont,Val,So,M,,,19.0,19.0,11.0,,,,2.0,,,22.0,42.0,
191,Drexel,2024,29,Anna Getty,Anna Getty,Getty,Anna,Sr,B,,,17.0,17.0,,,,,,,1.0,1.0,1.0,
191,Drexel,2024,13,Natali Foster,Natali Foster,Foster,Natali,Jr,F,,,19.0,14.0,2.0,,,,1.0,,2.0,6.0,18.0,
191,Drexel,2024,7,Tina Rawa,Tina Rawa,Rawa,Tina,Sr,M,,,19.0,19.0,1.0,,,,,,3.0,5.0,12.0,
191,Drexel,2024,18,Pili Lemoine,Pili Lemoine,Lemoine,Pili,So,M,,,19.0,9.0,2.0,,,,2.0,,5.0,9.0,20.0,
191,Drexel,2024,33,Lily Haag,Lily Haag,Haag,Lily,So,M,,,19.0,4.0,,,,,,,,0.0,2.0,
191,Drexel,2024,2,Maya Williams,Maya Williams,Williams,Maya,Fr,F,,,14.0,0.0,,,,,,,,0.0,2.0,
191,Drexel,2024,5,Paige Hoyer,Paige Hoyer,Hoyer,Paige,So,F,,,15.0,0.0,,,,,,,1.0,1.0,4.0,
191,Drexel,2024,24,Stephanie Oleykowski,Stephanie Oleykowski,Oleykowski,Stephanie,Sr,B,,,19.0,19.0,,,,,,,4.0,4.0,3.0,
191,Drexel,2024,23,Liz Chipman,Liz Chipman,Chipman,Liz,Sr,M,,,19.0,19.0,,,,,2.0,,1.0,1.0,9.0,
191,Drexel,2024,4,Malou Korner,Malou Korner,Korner,Malou,Fr,B,,,10.0,0.0,,,,,,,,0.0,3.0,
191,Drexel,2024,21,Anna Castaldo,Anna Castaldo,Castaldo,Anna,Sr,M,,,19.0,18.0,9.0,,,1.0,4.0,,2.0,20.0,51.0,
193,Duke,2024,11,Logan Clouser,Logan Clouser,Clouser,Logan,Sr,M,,,20.0,19.0,3.0,,,,1.0,,3.0,9.0,21.0,
193,Duke,2024,24,Issy Carey,Issy Carey,Carey,Issy,Sr,F,,,13.0,0.0,,,,,,,1.0,1.0,,
193,Duke,2024,34,Brynn Crouse,Brynn Crouse,Crouse,Brynn,Jr,F,,,20.0,5.0,3.0,,,,,,,6.0,15.0,
193,Duke,2024,21,Paige Bitting,Paige Bitting,Bitting,Paige,Jr,M,,,20.0,20.0,,,,,1.0,,2.0,2.0,4.0,
193,Duke,2024,12,Maggie Kondrath,Maggie Kondrath,Kondrath,Maggie,So,F,,,12.0,0.0,,,,,,,1.0,1.0,,
193,Duke,2024,14,Alaina McVeigh,Alaina McVeigh,McVeigh,Alaina,Jr,F,,,20.0,20.0,13.0,,,1.0,3.0,,2.0,28.0,83.0,
193,Duke,2024,22,Shelby Bumgarner,Shelby Bumgarner,Bumgarner,Shelby,Sr,B,,,7.0,0.0,,,,,,,,0.0,1.0,
193,Duke,2024,6,Macy Szukics,Macy Szukics,Szukics,Macy,Jr,M,,,20.0,20.0,1.0,,,,1.0,,6.0,8.0,25.0,
193,Duke,2024,19,Megan Maransky,Megan Maransky,Maransky,Megan,Sr,B,,,20.0,20.0,,,,,3.0,,,0.0,1.0,1.0
193,Duke,2024,23,Kira Curland,Kira Curland,Curland,Kira,Sr,M,,,20.0,20.0,3.0,,,1.0,2.0,,4.0,10.0,17.0,
193,Duke,2024,7,Kyle Massey,Kyle Massey,Massey,Kyle,So,F,,,18.0,0.0,2.0,,,,1.0,,,4.0,5.0,
193,Duke,2024,9,Grace Norair,Grace Norair,Norair,Grace,Sr,M,,,10.0,0.0,,,,,1.0,,,0.0,1.0,
193,Duke,2024,15,Josephine Veen,Josephine Veen,Veen,Josephine,So,B,,,20.0,20.0,,,,,,,,0.0,,1.0
193,Duke,2024,5,Josephine Palde,Josephine Palde,Palde,Josephine,Sr,M,,,20.0,12.0,3.0,,,,3.0,,2.0,8.0,10.0,
193,Duke,2024,2,Madison Beach,Madison Beach,Beach,Madison,Fr,F,,,19.0,0.0,,,,,1.0,,,0.0,1.0,
193,Duke,2024,3,Bronwyn Bird,Bronwyn Bird,Bird,Bronwyn,Sr,B,,,20.0,20.0,1.0,,,,1.0,,,2.0,10.0,
193,Duke,2024,18,Julia Boehringer,Julia Boehringer,Boehringer,Julia,Fr,F,,,20.0,1.0,1.0,,,1.0,3.0,,1.0,3.0,20.0,
193,Duke,2024,8,Charlie Oirschot,Charlie Oirschot,Oirschot,Charlie,Sr,m,,,20.0,20.0,4.0,,,1.0,,,5.0,13.0,13.0,
193,Duke,2024,26,Barb Civitella,Barb Civitella,Civitella,Barb,Sr,f,,,20.0,3.0,2.0,,,1.0,1.0,,1.0,5.0,10.0,
193,Duke,2024,13,Ashley Stockdale,Ashley Stockdale,Stockdale,Ashley,Fr,M,,,19.0,0.0,,,,,,,2.0,2.0,1.0,
220,Fairfield,2024,11,Madison Milhous,Madison Milhous,Milhous,Madison,Jr,B,,,17.0,17.0,2.0,,,,,,2.0,6.0,14.0,
220,Fairfield,2024,28,Agustina CASTELUCHI,Agustina CASTELUCHI,CASTELUCHI,Agustina,Jr,M,,,21.0,21.0,2.0,,,1.0,3.0,,3.0,7.0,23.0,
220,Fairfield,2024,7,Erin MCGINLEY,Erin MCGINLEY,MCGINLEY,Erin,Jr,,,,21.0,12.0,6.0,,,1.0,3.0,,2.0,14.0,14.0,
220,Fairfield,2024,19,Pilar Mengotti,Pilar Mengotti,Mengotti,Pilar,Jr,B,,,21.0,21.0,5.0,,,1.0,1.0,,5.0,15.0,38.0,
220,Fairfield,2024,16,Catalina Ness,Catalina Ness,Ness,Catalina,So,F,,,21.0,20.0,3.0,,,,2.0,,7.0,13.0,21.0,1.0
220,Fairfield,2024,1,Alex Senior,Alex Senior,Senior,Alex,Jr,F,,,20.0,19.0,5.0,,,,1.0,,3.0,13.0,41.0,
220,Fairfield,2024,5,Rylee LaLoup,Rylee LaLoup,LaLoup,Rylee,Jr,F,,,21.0,18.0,6.0,,,,3.0,,1.0,13.0,20.0,
220,Fairfield,2024,21,Alice Pifferi,Alice Pifferi,Pifferi,Alice,Jr,M,,,21.0,20.0,3.0,,,,,,10.0,16.0,7.0,
220,Fairfield,2024,3,Sammy SAXON,Sammy SAXON,SAXON,Sammy,Jr,,,,16.0,1.0,,,,,1.0,,4.0,4.0,3.0,
220,Fairfield,2024,24,Courtland Schumacher,Courtland Schumacher,Schumacher,Courtland,So,F,,,20.0,4.0,,,,,,,1.0,1.0,1.0,
220,Fairfield,2024,14,Catherine Fitzgerald,Catherine Fitzgerald,Fitzgerald,Catherine,So,B,,,21.0,17.0,2.0,,,,2.0,,2.0,6.0,7.0,
220,Fairfield,2024,17,Konni Hofmann,Konni Hofmann,Hofmann,Konni,Jr,F,,,21.0,20.0,7.0,,,1.0,4.0,,5.0,19.0,55.0,
220,Fairfield,2024,12,Noor Hellemans,Noor Hellemans,Hellemans,Noor,So,M,,,15.0,13.0,,,,,,,4.0,4.0,8.0,2.0
220,Fairfield,2024,22,Beatrice Loevenich,Beatrice Loevenich,Loevenich,Beatrice,Fr,,,,12.0,1.0,1.0,,,,,,,2.0,3.0,
220,Fairfield,2024,13,Kylie CORCORAN,Kylie CORCORAN,CORCORAN,Kylie,N/A,,,,21.0,0.0,1.0,,,,,,,2.0,4.0,1.0
220,Fairfield,2024,10,Camille PERLOV,Camille PERLOV,PERLOV,Camille,N/A,,,,20.0,0.0,4.0,,,,,,,8.0,12.0,
220,Fairfield,2024,6,Autumn BARTUSH,Autumn BARTUSH,BARTUSH,Autumn,Jr,,,,14.0,5.0,1.0,,,,,,1.0,3.0,7.0,1.0
251,Georgetown,2024,6,Riley Fitzgerald,Riley Fitzgerald,Fitzgerald,Riley,Fr,F,,,16.0,14.0,1.0,,,,3.0,,,2.0,3.0,
251,Georgetown,2024,5,Colleen Maloney,Colleen Maloney,Maloney,Colleen,Fr,M,,,17.0,14.0,3.0,,,,,,1.0,7.0,7.0,
251,Georgetown,2024,3,Katherine Malloy,Katherine Malloy,Malloy,Katherine,Fr,F,,,13.0,5.0,1.0,,,,,,,2.0,1.0,
251,Georgetown,2024,9,Julia Hall,Julia Hall,Hall,Julia,Jr,F,,,15.0,0.0,,,,,1.0,,,0.0,,
251,Georgetown,2024,21,Sophie Towne,Sophie Towne,Towne,Sophie,Sr,B,,,17.0,16.0,3.0,,,1.0,5.0,,2.0,8.0,21.0,
251,Georgetown,2024,12,Elizabeth Rossotti,Elizabeth Rossotti,Rossotti,Elizabeth,So,F,,,16.0,1.0,,,,,,,,0.0,3.0,
251,Georgetown,2024,22,Ellie Johnson,Ellie Johnson,Johnson,Ellie,Jr,M,,,17.0,9.0,1.0,,,,,,1.0,3.0,15.0,
251,Georgetown,2024,19,Lily Jamison,Lily Jamison,Jamison,Lily,Jr,M,,,17.0,11.0,1.0,,,,1.0,,2.0,4.0,1.0,
251,Georgetown,2024,7,Elena Perez Alejandro,Elena Perez Alejandro,Alejandro,Elena,So,M,,,17.0,16.0,2.0,,,,1.0,,1.0,5.0,13.0,
251,Georgetown,2024,14,Kelly O'Connor,Kelly O'Connor,O'Connor,Kelly,Jr,B,,,17.0,17.0,,,,,1.0,,1.0,1.0,,1.0
251,Georgetown,2024,2,Sydney Yodh,Sydney Yodh,Yodh,Sydney,Jr,F,,,17.0,17.0,2.0,,,,2.0,,3.0,7.0,21.0,
251,Georgetown,2024,1,Elena Leahy,Elena Leahy,Leahy,Elena,Sr,M,,,17.0,12.0,1.0,,,,2.0,,2.0,4.0,21.0,
251,Georgetown,2024,27,Anna Gill,Anna Gill,Gill,Anna,So,B,,,10.0,1.0,,,,,,,,0.0,1.0,
251,Georgetown,2024,11,Emma van der Veen,Emma van der Veen,Veen,Emma,Sr,F,,,15.0,11.0,1.0,,,1.0,,,,2.0,2.0,
251,Georgetown,2024,15,Caroline Suko,Caroline Suko,Suko,Caroline,So,M,,,10.0,6.0,,,,,,,1.0,1.0,7.0,1.0
251,Georgetown,2024,20,Izzy Lee,Izzy Lee,Lee,Izzy,So,M,,,17.0,17.0,2.0,,,,1.0,,1.0,5.0,6.0,
275,Harvard,2024,18,Lara Beekhuis,Lara Beekhuis,Beekhuis,Lara,So,M,,,20.0,17.0,10.0,,,,,,2.0,22.0,41.0,
275,Harvard,2024,17,Kate Oliver,Kate Oliver,Oliver,Kate,Jr,F,,,15.0,9.0,6.0,,,1.0,,,2.0,14.0,18.0,
275,Harvard,2024,4,Fiene Oerlemans,Fiene Oerlemans,Oerlemans,Fiene,Jr,M,,,20.0,12.0,3.0,,,1.0,2.0,,2.0,8.0,10.0,
275,Harvard,2024,13,Siena Horton,Siena Horton,Horton,Siena,Sr,M,,,20.0,10.0,,,,1.0,3.0,,,0.0,4.0,
275,Harvard,2024,10,Emily Guckian,Emily Guckian,Guckian,Emily,Sr,M,,,20.0,20.0,5.0,,,1.0,1.0,,2.0,12.0,23.0,1.0
275,Harvard,2024,0,Sage Piekarski,Sage Piekarski,Piekarski,Sage,So,F,,,20.0,13.0,9.0,,,1.0,4.0,,2.0,20.0,26.0,
275,Harvard,2024,7,Megan Joel,Megan Joel,Joel,Megan,Sr,F,,,18.0,1.0,1.0,,,,1.0,,2.0,4.0,4.0,
275,Harvard,2024,11,Maddie Mullaney,Maddie Mullaney,Mullaney,Maddie,Sr,M,,,7.0,0.0,,,,,,,1.0,1.0,1.0,
275,Harvard,2024,14,Lucy Leel,Lucy Leel,Leel,Lucy,Sr,F,,,20.0,4.0,7.0,,,,2.0,,,14.0,21.0,
275,Harvard,2024,12,Marie Schaefers,Marie Schaefers,Schaefers,Marie,Jr,M,,,20.0,20.0,1.0,,,1.0,2.0,,1.0,3.0,19.0,
275,Harvard,2024,3,Kitty Chapple,Kitty Chapple,Chapple,Kitty,Jr,M,,,20.0,20.0,2.0,,,,2.0,,2.0,6.0,14.0,2.0
275,Harvard,2024,24,Sara Silarszka,Sara Silarszka,Silarszka,Sara,Sr,F,,,9.0,0.0,1.0,,,,,,,2.0,2.0,
275,Harvard,2024,8,Bronte-May Brough,Bronte-May Brough,Brough,Bronte-May,Jr,B,,,20.0,20.0,2.0,,,,3.0,,6.0,10.0,37.0,3.0
275,Harvard,2024,9,Tilly Butterworth,Tilly Butterworth,Butterworth,Tilly,Fr,M,,,20.0,14.0,,,,,2.0,,,0.0,9.0,1.0
275,Harvard,2024,16,Emily Bronckers,Emily Bronckers,Bronckers,Emily,Fr,F,,,20.0,7.0,4.0,,,,,,1.0,9.0,13.0,
275,Harvard,2024,2,Martha le Huray,Martha le Huray,Huray,Martha,Fr,M,,,19.0,13.0,2.0,,,1.0,1.0,,5.0,9.0,12.0,
283,Hofstra,2024,25,Alex Gordon,Alex Gordon,Gordon,Alex,So,,,,13.0,0.0,,,,,,,,0.0,1.0,
283,Hofstra,2024,11,Tess Satterfield,Tess Satterfield,Satterfield,Tess,So,,,,19.0,7.0,,,,,,,1.0,1.0,7.0,
283,Hofstra,2024,6,Simryn Desai,Simryn Desai,Desai,Simryn,Sr,f,,,15.0,9.0,,,,,1.0,,,0.0,7.0,
283,Hofstra,2024,15,Adrianna Losiak,Adrianna Losiak,Losiak,Adrianna,Jr,,,,19.0,19.0,,,,,,,,0.0,,1.0
283,Hofstra,2024,2,Lauren Lucas,Lauren Lucas,Lucas,Lauren,Jr,M,,,18.0,6.0,,,,,,,1.0,1.0,3.0,1.0
283,Hofstra,2024,24,Kelly Levengood,Kelly Levengood,Levengood,Kelly,So,,,,19.0,1.0,1.0,,,1.0,,,,2.0,5.0,
283,Hofstra,2024,12,Tara McNally,Tara McNally,McNally,Tara,Sr,B,,,19.0,18.0,1.0,,,,3.0,,4.0,6.0,27.0,2.0
283,Hofstra,2024,8,Jamie Mc Millan,Jamie Mc Millan,Millan,Jamie,Jr,B,,,19.0,19.0,2.0,,,2.0,2.0,,1.0,5.0,16.0,4.0
283,Hofstra,2024,19,Heather Canavan,Heather Canavan,Canavan,Heather,Sr,F,,,19.0,18.0,1.0,,,,2.0,,,2.0,4.0,
283,Hofstra,2024,5,Efremia Geralis,Efremia Geralis,Geralis,Efremia,Sr,M,,,19.0,3.0,,,,,,,,0.0,2.0,
283,Hofstra,2024,1,Teresa Karoff,Teresa Karoff,Karoff,Teresa,Jr,B,,,19.0,19.0,5.0,,,1.0,3.0,,3.0,13.0,13.0,1.0
283,Hofstra,2024,17,Camryn Stewart,Camryn Stewart,Stewart,Camryn,So,,,,19.0,3.0,,,,,,,,0.0,7.0,
283,Hofstra,2024,26,Jaime Lewis,Jaime Lewis,Lewis,Jaime,So,F,,,18.0,14.0,2.0,,,2.0,2.0,,2.0,6.0,18.0,
283,Hofstra,2024,7,Pilar Penaloza,Pilar Penaloza,Penaloza,Pilar,Jr,M,,,19.0,14.0,2.0,,,,1.0,,1.0,5.0,14.0,
283,Hofstra,2024,16,Riley MacIntosh,Riley MacIntosh,MacIntosh,Riley,Jr,M,,,19.0,13.0,,,,1.0,2.0,,,0.0,1.0,
283,Hofstra,2024,9,Kesia Richardson,Kesia Richardson,Richardson,Kesia,So,B,,,15.0,6.0,1.0,,,,,,1.0,3.0,7.0,
283,Hofstra,2024,27,Isabella Tassara,Isabella Tassara,Tassara,Isabella,Fr,,,,10.0,0.0,1.0,,,,,,,2.0,4.0,
283,Hofstra,2024,14,Julia Böcker,Julia Böcker,Böcker,Julia,Fr,,,,19.0,0.0,,,,,,,,0.0,3.0,
283,Hofstra,2024,23,Tati Boyd,Tati Boyd,Boyd,Tati,Jr,,,,16.0,0.0,,,,,1.0,,,0.0,2.0,
283,Hofstra,2024,4,Karissa Hough,Karissa Hough,Hough,Karissa,Sr,M,,,11.0,11.0,,,,,,,1.0,1.0,1.0,
285,Holy Cross,2024,9,Meggan Fourie,Meggan Fourie,Fourie,Meggan,Sr,F,,,17.0,17.0,15.0,,,,2.0,,3.0,33.0,54.0,7.0
285,Holy Cross,2024,3,Saskia Williams,Saskia Williams,Williams,Saskia,So,M,,,17.0,10.0,2.0,,,,2.0,,1.0,5.0,9.0,
285,Holy Cross,2024,21,Marissa MacLean,Marissa MacLean,MacLean,Marissa,So,F,,,17.0,17.0,1.0,,,,2.0,,10.0,12.0,13.0,
285,Holy Cross,2024,11,Kendall Blomquist,Kendall Blomquist,Blomquist,Kendall,Jr,M,,,17.0,12.0,3.0,,,,3.0,,1.0,7.0,10.0,
285,Holy Cross,2024,27,Molly Vinton,Molly Vinton,Vinton,Molly,Sr,F,,,17.0,1.0,2.0,,,,,,,4.0,7.0,
285,Holy Cross,2024,17,Megan Schienbein,Megan Schienbein,Schienbein,Megan,Jr,B,,,17.0,17.0,3.0,,,,1.0,,2.0,8.0,16.0,1.0
285,Holy Cross,2024,7,Meredith Schepens,Meredith Schepens,Schepens,Meredith,So,M,,,17.0,15.0,1.0,,,,,,,2.0,3.0,
285,Holy Cross,2024,10,Grace Donahue,Grace Donahue,Donahue,Grace,Sr,M,,,17.0,16.0,,,,,1.0,,,0.0,1.0,3.0
285,Holy Cross,2024,2,Julia Carrozza,Julia Carrozza,Carrozza,Julia,Jr,M,,,17.0,17.0,2.0,,,,,,2.0,6.0,6.0,
285,Holy Cross,2024,6,Maguire Sturgis,Maguire Sturgis,Sturgis,Maguire,So,F,,,17.0,17.0,2.0,,,,,,6.0,10.0,28.0,
285,Holy Cross,2024,12,Sarah Potter,Sarah Potter,Potter,Sarah,Sr,f,,,16.0,15.0,5.0,,,,2.0,,1.0,11.0,25.0,
285,Holy Cross,2024,14,Carolina di Gregorio Giralt,Carolina di Gregorio Giralt,Giralt,Carolina,Fr,B,,,6.0,0.0,,,,,1.0,,,0.0,,
285,Holy Cross,2024,23,Jocelyn Monti,Jocelyn Monti,Monti,Jocelyn,Fr,B,,,17.0,14.0,1.0,,,,,,3.0,5.0,5.0,
285,Holy Cross,2024,15,Judy Rodolakis,Judy Rodolakis,Rodolakis,Judy,Fr,F,,,17.0,1.0,,,,,1.0,,,0.0,3.0,
285,Holy Cross,2024,22,Kendall Brady,Kendall Brady,Brady,Kendall,Fr,F,,,16.0,0.0,,,,,,,,0.0,4.0,
306,Indiana,2024,5,Keke Sluiter,Keke Sluiter,Sluiter,Keke,Fr,M,,,11.0,0.0,,,,,1.0,,,0.0,,
306,Indiana,2024,32,Iman Aicha Tabbai Marzocca,Iman Aicha Tabbai Marzocca,Marzocca,Iman,Fr,F,,,12.0,3.0,,,,,,,,0.0,7.0,
306,Indiana,2024,1,Jemima Cookson,Jemima Cookson,Cookson,Jemima,Sr,F,,,18.0,16.0,1.0,,,,,,2.0,4.0,16.0,
306,Indiana,2024,14,Charlotte Glasper,Charlotte Glasper,Glasper,Charlotte,Fr,F,,,6.0,0.0,,,,,1.0,,,0.0,1.0,
306,Indiana,2024,23,Lara Mortz,Lara Mortz,Mortz,Lara,Sr,M,,,18.0,18.0,,,,1.0,2.0,,4.0,4.0,5.0,
306,Indiana,2024,16,Mijntje Hagen,Mijntje Hagen,Hagen,Mijntje,Fr,F,,,18.0,9.0,5.0,,,,,,2.0,12.0,16.0,
306,Indiana,2024,6,Meghan Dillon,Meghan Dillon,Dillon,Meghan,Sr,F,,,18.0,5.0,,,,,1.0,,,0.0,17.0,
306,Indiana,2024,4,Sydney Keld,Sydney Keld,Keld,Sydney,Sr,B,,,18.0,18.0,4.0,,,,1.0,,,8.0,35.0,1.0
306,Indiana,2024,13,Elen Nicholls,Elen Nicholls,Nicholls,Elen,So,B,,,18.0,18.0,,,,,1.0,,,0.0,,1.0
306,Indiana,2024,21,Emma Thompson,Emma Thompson,Thompson,Emma,Jr,B,,,18.0,18.0,,,,1.0,2.0,,1.0,1.0,1.0,
306,Indiana,2024,15,Yip van Wonderen,Yip van Wonderen,Wonderen,Yip,Sr,B,,,18.0,18.0,7.0,,,1.0,2.0,,2.0,16.0,41.0,
306,Indiana,2024,2,Kate Longo,Kate Longo,Longo,Kate,Fr,B,,,2.0,0.0,,,,,,,,0.0,1.0,
306,Indiana,2024,9,Ava Winner,Ava Winner,Winner,Ava,So,F,,,8.0,0.0,,,,,,,,0.0,3.0,
306,Indiana,2024,28,Sofia Garcia Arrebola,Sofia Garcia Arrebola,Arrebola,Sofia,Sr,M,,,18.0,18.0,1.0,,,,,,5.0,7.0,35.0,
306,Indiana,2024,27,Theresa Ricci,Theresa Ricci,Ricci,Theresa,So,F,,,18.0,4.0,,,,,1.0,,2.0,2.0,12.0,
306,Indiana,2024,33,Hannah Riddle,Hannah Riddle,Riddle,Hannah,So,B,,,15.0,0.0,2.0,,,,1.0,,,4.0,4.0,
306,Indiana,2024,24,Javi Baeza,Javi Baeza,Baeza,Javi,So,M,,,8.0,0.0,,,,,,,,0.0,2.0,
306,Indiana,2024,10,Anna Mozeleski,Anna Mozeleski,Mozeleski,Anna,Jr,M,,,13.0,0.0,,,,,,,,0.0,1.0,
306,Indiana,2024,34,Inés Garcia Prado,Inés Garcia Prado,Prado,Inés,So,M,,,18.0,18.0,8.0,,,,3.0,,2.0,18.0,38.0,
306,Indiana,2024,25,Maggie Carter,Maggie Carter,Carter,Maggie,Sr,M,,,18.0,14.0,1.0,,,,1.0,,,2.0,5.0,
306,Indiana,2024,18,Meredith Lee,Meredith Lee,Lee,Meredith,Sr,M,,,18.0,3.0,2.0,,,,1.0,,1.0,5.0,6.0,
312,Iowa,2024,2,Rachel Herbine,Rachel Herbine,Herbine,Rachel,So,F,,,18.0,16.0,,,,,,,5.0,5.0,7.0,
312,Iowa,2024,7,Gia Whalen,Gia Whalen,Whalen,Gia,So,M,,,18.0,17.0,2.0,,,,1.0,,,4.0,16.0,
312,Iowa,2024,19,Ella Wareham,Ella Wareham,Wareham,Ella,Sr,M,,,18.0,4.0,,,,,1.0,,,0.0,,
312,Iowa,2024,5,Lieve van Kessel,Lieve van Kessel,Kessel,Lieve,So,M,,,18.0,18.0,5.0,,,,3.0,,1.0,11.0,9.0,
312,Iowa,2024,8,Miranda Jackson,Miranda Jackson,Jackson,Miranda,So,F,,,5.0,2.0,1.0,,,,,,1.0,3.0,5.0,
312,Iowa,2024,6,Tess Reed,Tess Reed,Reed,Tess,So,F,,,16.0,0.0,1.0,,,,,,,2.0,5.0,
312,Iowa,2024,27,Jacey Wittel,Jacey Wittel,Wittel,Jacey,Sr,M,,,18.0,7.0,1.0,,,,1.0,,2.0,4.0,3.0,
312,Iowa,2024,10,Dionne van Aalsum,Dionne van Aalsum,Aalsum,Dionne,So,M,,,18.0,17.0,9.0,,,,6.0,,1.0,19.0,89.0,
312,Iowa,2024,28,Celine de Witte,Celine de Witte,Witte,Celine,Sr,M,,,11.0,0.0,,,,,,,,0.0,1.0,
312,Iowa,2024,24,Annika Herbine,Annika Herbine,Herbine,Annika,Sr,F,,,18.0,18.0,3.0,,,1.0,,,7.0,13.0,15.0,
312,Iowa,2024,12,Milly Short,Milly Short,Short,Milly,Jr,M,,,18.0,18.0,1.0,,,,2.0,,2.0,4.0,11.0,
312,Iowa,2024,23,Harper Dunne,Harper Dunne,Dunne,Harper,Sr,B,,,18.0,18.0,,,,1.0,1.0,,,0.0,1.0,4.0
312,Iowa,2024,4,Alex Wesneski,Alex Wesneski,Wesneski,Alex,Sr,F,,,18.0,6.0,3.0,,,,3.0,,,6.0,12.0,
312,Iowa,2024,1,Sabrina McGroarty,Sabrina McGroarty,McGroarty,Sabrina,Fr,M,,,18.0,18.0,,,,,,,1.0,1.0,5.0,
312,Iowa,2024,16,Lexie Haig,Lexie Haig,Haig,Lexie,Fr,M,,,15.0,0.0,1.0,,,,,,,2.0,1.0,
312,Iowa,2024,17,Hannah Maney,Hannah Maney,Maney,Hannah,Fr,F,,,18.0,3.0,1.0,,,,,,,2.0,4.0,
312,Iowa,2024,15,Fiene ten Seldam,Fiene ten Seldam,Seldam,Fiene,Fr,B,,,18.0,18.0,,,,,,,,0.0,5.0,
317,James Madison,2024,28,Skyler Brown,Skyler Brown,Brown,Skyler,Jr,M,,,20.0,20.0,5.0,,,1.0,3.0,,2.0,12.0,24.0,
317,James Madison,2024,9,Azul Covarrubias,Azul Covarrubias,Covarrubias,Azul,So,B,,,20.0,16.0,,,,2.0,1.0,,2.0,2.0,13.0,
317,James Madison,2024,29,Jola Ollrogge,Jola Ollrogge,Ollrogge,Jola,Jr,B,,,17.0,17.0,,,,,1.0,,1.0,1.0,15.0,
317,James Madison,2024,17,Cassidy Strittmatter,Cassidy Strittmatter,Strittmatter,Cassidy,Sr,M,,,20.0,20.0,10.0,,,,3.0,,4.0,24.0,41.0,
317,James Madison,2024,24,Julie Narleski,Julie Narleski,Narleski,Julie,Jr,F,,,19.0,4.0,2.0,,,1.0,2.0,,4.0,8.0,25.0,
317,James Madison,2024,6,Maddie Tierney,Maddie Tierney,Tierney,Maddie,Jr,M,,,19.0,13.0,,,,1.0,2.0,,1.0,1.0,2.0,
317,James Madison,2024,22,Lila Harlock,Lila Harlock,Harlock,Lila,Jr,F,,,7.0,0.0,,,,,,,1.0,1.0,1.0,
317,James Madison,2024,16,Samantha Grimes,Samantha Grimes,Grimes,Samantha,Sr,F,,,18.0,6.0,1.0,,,,,,,2.0,14.0,
317,James Madison,2024,14,Charlotte Duthoit,Charlotte Duthoit,Duthoit,Charlotte,Jr,F,,,2.0,1.0,,,,,1.0,,,0.0,,
317,James Madison,2024,1,Ava Drexler-Amey,Ava Drexler-Amey,Drexler-Amey,Ava,So,M,,,20.0,19.0,1.0,,,,,,4.0,6.0,10.0,
317,James Madison,2024,27,Brynna Hill,Brynna Hill,Hill,Brynna,So,M,,,20.0,13.0,3.0,,,,3.0,,4.0,10.0,10.0,
317,James Madison,2024,8,Alice Roeper,Alice Roeper,Roeper,Alice,Jr,M,,,19.0,17.0,15.0,,,,,,5.0,35.0,67.0,
317,James Madison,2024,18,Carissa Tambroni,Carissa Tambroni,Tambroni,Carissa,Sr,B,,,20.0,20.0,9.0,,,,1.0,,6.0,24.0,27.0,
317,James Madison,2024,10,Madelief Molier,Madelief Molier,Molier,Madelief,Fr,F,,,5.0,5.0,3.0,,,1.0,,,,6.0,5.0,
317,James Madison,2024,12,Sarah Beers,Sarah Beers,Beers,Sarah,Sr,B,,,20.0,20.0,1.0,,,,4.0,,2.0,4.0,8.0,1.0
317,James Madison,2024,13,Elena Giangaspero,Elena Giangaspero,Giangaspero,Elena,Fr,F,,,17.0,0.0,2.0,,,,2.0,,,4.0,6.0,
317,James Madison,2024,19,Mia Julian,Mia Julian,Julian,Mia,Sr,F,,,19.0,9.0,4.0,,,1.0,5.0,,4.0,12.0,22.0,
317,James Madison,2024,4,Lilly Turner,Lilly Turner,Turner,Lilly,Fr,M,,,14.0,0.0,3.0,,,,,,1.0,7.0,6.0,
331,Kent St.,2024,7,Emma Rolston,Emma Rolston,Rolston,Emma,Jr,F,,,15.0,15.0,2.0,,,,2.0,,4.0,8.0,12.0,
331,Kent St.,2024,14,Maia Sarrabayrouse,Maia Sarrabayrouse,Sarrabayrouse,Maia,Jr,M,,,19.0,19.0,,,,1.0,,,2.0,2.0,29.0,
331,Kent St.,2024,22,Sophia Livingston,Sophia Livingston,Livingston,Sophia,So,M,,,19.0,7.0,,,,,,,,0.0,5.0,
331,Kent St.,2024,23,Agustina Florio,Agustina Florio,Florio,Agustina,Sr,M,,,19.0,19.0,5.0,,,,3.0,,1.0,11.0,37.0,
331,Kent St.,2024,2,Madison Leety,Madison Leety,Leety,Madison,Sr,F,,,19.0,1.0,1.0,,,,1.0,,,2.0,12.0,
331,Kent St.,2024,25,Eva Usoz,Eva Usoz,Usoz,Eva,So,M,,,19.0,19.0,8.0,,,1.0,,,6.0,22.0,32.0,1.0
331,Kent St.,2024,4,Elise Bearance,Elise Bearance,Bearance,Elise,Sr,B,,,19.0,0.0,,,,,,,,0.0,,1.0
331,Kent St.,2024,3,Emma Seger,Emma Seger,Seger,Emma,Jr,F,,,19.0,12.0,,,,,,,2.0,2.0,8.0,
331,Kent St.,2024,21,Bella Carpenter,Bella Carpenter,Carpenter,Bella,Sr,M,,,19.0,19.0,4.0,,,,5.0,,,8.0,13.0,1.0
331,Kent St.,2024,20,Arden Goddard-Despot,Arden Goddard-Despot,Goddard-Despot,Arden,Sr,B,,,19.0,19.0,,,,,,,4.0,4.0,2.0,
331,Kent St.,2024,10,Lucy Keeler,Lucy Keeler,Keeler,Lucy,So,F,,,5.0,0.0,,,,,1.0,,,0.0,,
331,Kent St.,2024,6,Marybritt Duwel,Marybritt Duwel,Duwel,Marybritt,So,F,,,17.0,10.0,3.0,,,,1.0,,2.0,8.0,17.0,
331,Kent St.,2024,26,Lauren Conroy,Lauren Conroy,Conroy,Lauren,Jr,B,,,19.0,19.0,2.0,,,1.0,2.0,,,4.0,5.0,2.0
331,Kent St.,2024,12,Ashlyn Taylor,Ashlyn Taylor,Taylor,Ashlyn,So,M,,,19.0,2.0,,,,,1.0,,,0.0,,
331,Kent St.,2024,28,Delfina Larippa,Delfina Larippa,Larippa,Delfina,Fr,F,,,19.0,18.0,2.0,,,1.0,2.0,,,4.0,12.0,
331,Kent St.,2024,18,Marissa Skinner,Marissa Skinner,Skinner,Marissa,Fr,B,,,19.0,11.0,,,,,1.0,,,0.0,4.0,
361,LIU,2024,6,Kiki Bruning,Kiki Bruning,Bruning,Kiki,So,F,,,17.0,15.0,7.0,,,,1.0,,2.0,16.0,26.0,
361,LIU,2024,4,GiGi Ranoldo,GiGi Ranoldo,Ranoldo,GiGi,So,M,,,17.0,15.0,6.0,,,1.0,,,1.0,13.0,21.0,
361,LIU,2024,18,Georgia Dudon,Georgia Dudon,Dudon,Georgia,So,B,,,17.0,1.0,,,,,1.0,,1.0,1.0,,
361,LIU,2024,12,Victoria Nazar,Victoria Nazar,Nazar,Victoria,Jr,B,,,16.0,12.0,,,,,1.0,,1.0,1.0,,
361,LIU,2024,23,Juana Laskowski,Juana Laskowski,Laskowski,Juana,So,F,,,9.0,7.0,1.0,,,,1.0,,1.0,3.0,6.0,
361,LIU,2024,27,Morena Melvin,Morena Melvin,Melvin,Morena,Sr,M,,,17.0,6.0,,,,,1.0,,1.0,1.0,13.0,
361,LIU,2024,20,Micaela Skibski,Micaela Skibski,Skibski,Micaela,Sr,d,,,17.0,16.0,2.0,,,1.0,1.0,,3.0,7.0,18.0,
361,LIU,2024,27,Paula Palacio,Paula Palacio,Palacio,Paula,Sr,,,,17.0,6.0,,,,,3.0,,,0.0,1.0,
361,LIU,2024,5,Lotte Haagmans,Lotte Haagmans,Haagmans,Lotte,Fr,F,,,17.0,15.0,5.0,,,1.0,,,2.0,12.0,37.0,
361,LIU,2024,2,Eva Valentini,Eva Valentini,Valentini,Eva,Sr,B,,,17.0,17.0,5.0,,,1.0,,,,10.0,51.0,1.0
361,LIU,2024,14,Silvani Malena,Silvani Malena,Malena,Silvani,Sr,F,,,17.0,16.0,2.0,,,1.0,4.0,,5.0,9.0,11.0,
361,LIU,2024,16,Kiley Hosler,Kiley Hosler,Hosler,Kiley,Fr,F,,,16.0,10.0,1.0,,,,1.0,,1.0,3.0,10.0,
361,LIU,2024,8,Kennedy Wainwright,Kennedy Wainwright,Wainwright,Kennedy,Sr,F,,,17.0,17.0,,,,,1.0,,2.0,2.0,3.0,
361,LIU,2024,13,Jasmijn Roelofsen,Jasmijn Roelofsen,Roelofsen,Jasmijn,Fr,M,,,16.0,16.0,4.0,,,,2.0,,2.0,10.0,14.0,2.0
340,La Salle,2024,30,Grace Ferriolo,Grace Ferriolo,Ferriolo,Grace,Sr,B,,,18.0,8.0,1.0,,,,,,2.0,4.0,6.0,1.0
340,La Salle,2024,17,Sofia Pla,Sofia Pla,Pla,Sofia,Sr,B,,,19.0,19.0,4.0,,,,4.0,,4.0,12.0,44.0,1.0
340,La Salle,2024,21,Zhao Rodrigo,Zhao Rodrigo,Rodrigo,Zhao,Sr,B,,,19.0,19.0,3.0,,,,,,5.0,11.0,27.0,
340,La Salle,2024,15,Matilda Diedrichsen,Matilda Diedrichsen,Diedrichsen,Matilda,So,B,,,17.0,17.0,1.0,,,,,,1.0,3.0,29.0,
340,La Salle,2024,16,Quinn Medico,Quinn Medico,Medico,Quinn,Sr,M,,,19.0,19.0,3.0,,,,1.0,,,6.0,6.0,1.0
340,La Salle,2024,11,Natalie Wilson,Natalie Wilson,Wilson,Natalie,So,B,,,5.0,0.0,,,,,,,,0.0,2.0,
340,La Salle,2024,22,Shea Burns,Shea Burns,Burns,Shea,Jr,B,,,17.0,9.0,3.0,,,,,,,6.0,7.0,
340,La Salle,2024,13,Laura McCann,Laura McCann,McCann,Laura,Sr,M,,,19.0,19.0,1.0,,,,,,1.0,3.0,6.0,
340,La Salle,2024,2,Sophia Wasyliw,Sophia Wasyliw,Wasyliw,Sophia,Sr,F,,,19.0,16.0,1.0,,,1.0,1.0,,,2.0,6.0,
340,La Salle,2024,5,Natalie Ricci,Natalie Ricci,Ricci,Natalie,So,B,,,19.0,19.0,,,,,,,,0.0,1.0,1.0
340,La Salle,2024,25,Malena Balduzzi,Malena Balduzzi,Balduzzi,Malena,Jr,B,,,13.0,13.0,1.0,,,,2.0,,3.0,5.0,20.0,
340,La Salle,2024,26,Darian DeLeo,Darian DeLeo,DeLeo,Darian,So,F,,,19.0,0.0,1.0,,,,,,1.0,3.0,8.0,
340,La Salle,2024,9,Gabrielle LaCroix,Gabrielle LaCroix,LaCroix,Gabrielle,So,M,,,18.0,0.0,3.0,,,,,,,6.0,4.0,
340,La Salle,2024,1,Roos Pasveer,Roos Pasveer,Pasveer,Roos,N/A,,,,17.0,1.0,3.0,,,,,,2.0,8.0,15.0,
340,La Salle,2024,12,Sofia Enriquez,Sofia Enriquez,Enriquez,Sofia,N/A,,,,19.0,12.0,,,,,1.0,,1.0,1.0,13.0,
340,La Salle,2024,3,Rumbi Zimuto,Rumbi Zimuto,Zimuto,Rumbi,N/A,f,,,19.0,19.0,1.0,,,,1.0,,,2.0,10.0,
342,Lafayette,2024,6,Maddie Evans,Maddie Evans,Evans,Maddie,So,M,,,16.0,0.0,1.0,,,,,,,2.0,8.0,
342,Lafayette,2024,9,Laine Delmotte,Laine Delmotte,Delmotte,Laine,Sr,M,,,21.0,21.0,,,,,2.0,,1.0,1.0,3.0,
342,Lafayette,2024,4,Stella Malinowski,Stella Malinowski,Malinowski,Stella,So,M,,,21.0,21.0,7.0,,,1.0,2.0,,6.0,20.0,35.0,
342,Lafayette,2024,20,Alex Darrah,Alex Darrah,Darrah,Alex,Sr,M,,,21.0,8.0,8.0,,,,,,3.0,19.0,22.0,1.0
342,Lafayette,2024,17,Ellie Barton,Ellie Barton,Barton,Ellie,Jr,F,,,5.0,0.0,,,,,1.0,,,0.0,1.0,
342,Lafayette,2024,23,Lena Thedrian,Lena Thedrian,Thedrian,Lena,So,B,,,21.0,21.0,2.0,,,,,,,4.0,18.0,3.0
342,Lafayette,2024,19,Josephine van Wijk,Josephine van Wijk,Wijk,Josephine,Jr,M,,,21.0,21.0,3.0,,,,4.0,,3.0,9.0,60.0,
342,Lafayette,2024,3,Emma Maher,Emma Maher,Maher,Emma,So,F,,,11.0,0.0,1.0,,,,1.0,,,2.0,1.0,
342,Lafayette,2024,2,India Ralph,India Ralph,Ralph,India,Sr,B,,,21.0,21.0,3.0,,,1.0,1.0,,5.0,11.0,15.0,
342,Lafayette,2024,10,Catalina Rubel,Catalina Rubel,Rubel,Catalina,Jr,F,,,16.0,0.0,,,,,,,,0.0,1.0,
342,Lafayette,2024,11,Lea Good,Lea Good,Good,Lea,So,M,,,21.0,13.0,3.0,,,,,,2.0,8.0,21.0,
342,Lafayette,2024,12,Katie Gibb,Katie Gibb,Gibb,Katie,So,B,,,21.0,21.0,2.0,,,,1.0,,1.0,5.0,3.0,
342,Lafayette,2024,15,Naomi George,Naomi George,George,Naomi,So,M,,,12.0,0.0,,,,,1.0,,,0.0,1.0,
342,Lafayette,2024,5,Makenzie Switzer,Makenzie Switzer,Switzer,Makenzie,Jr,B,,,21.0,21.0,,,,,,,1.0,1.0,10.0,
342,Lafayette,2024,8,Lineke Spaans,Lineke Spaans,Spaans,Lineke,Sr,B,,,21.0,21.0,10.0,,,1.0,5.0,,7.0,27.0,55.0,
342,Lafayette,2024,21,Mackenzie Hall,Mackenzie Hall,Hall,Mackenzie,Sr,M,,,21.0,21.0,1.0,,,,,,2.0,4.0,17.0,
342,Lafayette,2024,16,Laila Pasic,Laila Pasic,Pasic,Laila,Fr,M,,,17.0,0.0,1.0,,,,,,1.0,3.0,11.0,
342,Lafayette,2024,1,Olivia Krey,Olivia Krey,Krey,Olivia,Fr,M,,,14.0,0.0,,,,,,,,0.0,6.0,
342,Lafayette,2024,14,Kiley Gallagher,Kiley Gallagher,Gallagher,Kiley,Fr,M,,,21.0,0.0,,,,,,,,0.0,5.0,
352,Lehigh,2024,25,KK Sauve,KK Sauve,Sauve,KK,Jr,M,,,17.0,17.0,,,,,1.0,,,0.0,1.0,1.0
352,Lehigh,2024,20,Ella Stephenson,Ella Stephenson,Stephenson,Ella,So,B,,,17.0,17.0,2.0,,,,2.0,,2.0,6.0,32.0,
352,Lehigh,2024,11,Maddie Kandra,Maddie Kandra,Kandra,Maddie,Jr,F,,,17.0,2.0,3.0,,,,,,3.0,9.0,8.0,
352,Lehigh,2024,9,Aubrey Ide,Aubrey Ide,Ide,Aubrey,So,F,,,17.0,17.0,2.0,,,,,,2.0,6.0,11.0,
352,Lehigh,2024,2,Eleni Kountroubis,Eleni Kountroubis,Kountroubis,Eleni,Sr,F,,,17.0,1.0,2.0,,,,1.0,,1.0,5.0,6.0,
352,Lehigh,2024,5,Anne Bibus,Anne Bibus,Bibus,Anne,So,M,,,17.0,17.0,,,,,,,1.0,1.0,1.0,1.0
352,Lehigh,2024,8,Madison Noh,Madison Noh,Noh,Madison,Jr,F,,,17.0,17.0,2.0,,,,2.0,,1.0,5.0,10.0,
352,Lehigh,2024,16,Lela Boermeester,Lela Boermeester,Boermeester,Lela,Jr,F,,,17.0,0.0,2.0,,,1.0,,,1.0,5.0,6.0,
352,Lehigh,2024,28,Zoe Day,Zoe Day,Day,Zoe,Jr,B,,,17.0,17.0,,,,,1.0,,,0.0,2.0,5.0
352,Lehigh,2024,15,Kiki Mes,Kiki Mes,Mes,Kiki,Jr,B,,,17.0,17.0,3.0,,,,2.0,,2.0,8.0,42.0,1.0
352,Lehigh,2024,14,Guusje Hogendoorn,Guusje Hogendoorn,Hogendoorn,Guusje,Sr,M,,,17.0,17.0,2.0,,,1.0,2.0,,1.0,5.0,26.0,
352,Lehigh,2024,21,Julia Gatelein,Julia Gatelein,Gatelein,Julia,Sr,m,,,17.0,17.0,10.0,,,1.0,2.0,,3.0,23.0,40.0,
352,Lehigh,2024,17,Jordan Kells,Jordan Kells,Kells,Jordan,Fr,,,,6.0,0.0,,,,,,,,0.0,1.0,
352,Lehigh,2024,12,Riley Thurston,Riley Thurston,Thurston,Riley,Fr,f,,,16.0,14.0,3.0,,,,,,,6.0,11.0,
352,Lehigh,2024,4,Addie Sholly,Addie Sholly,Sholly,Addie,Fr,,,,2.0,0.0,,,,,,,,0.0,1.0,
355,Liberty,2024,15,Ella Murphy,Ella Murphy,Murphy,Ella,Sr,B,,,14.0,8.0,2.0,,,,1.0,,1.0,5.0,12.0,
355,Liberty,2024,7,Malena Magnano,Malena Magnano,Magnano,Malena,Fr,F,,,14.0,0.0,1.0,,,,1.0,,1.0,3.0,7.0,
355,Liberty,2024,17,Mary Davis,Mary Davis,Davis,Mary,Fr,M,,,12.0,2.0,1.0,,,,,,,2.0,3.0,
355,Liberty,2024,23,Ava Murphy,Ava Murphy,Murphy,Ava,Fr,M,,,16.0,1.0,1.0,,,,2.0,,1.0,3.0,5.0,
355,Liberty,2024,32,Dara Semmartin,Dara Semmartin,Semmartin,Dara,Fr,B,,,18.0,18.0,2.0,,,,2.0,,11.0,15.0,18.0,
355,Liberty,2024,2,Reagan Underwood,Reagan Underwood,Underwood,Reagan,Sr,M,,,18.0,18.0,1.0,,,,1.0,,5.0,7.0,17.0,1.0
355,Liberty,2024,11,Josefina Tomasi,Josefina Tomasi,Tomasi,Josefina,Fr,M,,,18.0,18.0,7.0,,,,4.0,,4.0,18.0,36.0,3.0
355,Liberty,2024,24,Avery Pollock,Avery Pollock,Pollock,Avery,Fr,F,,,18.0,2.0,,,,,,,1.0,1.0,5.0,
355,Liberty,2024,9,Tuti Dell Anna,Tuti Dell Anna,Anna,Tuti,Sr,F,,,18.0,18.0,10.0,,,,,,1.0,21.0,44.0,
355,Liberty,2024,13,Kyleigh Faust,Kyleigh Faust,Faust,Kyleigh,So,M,,,18.0,18.0,,,,,,,,0.0,4.0,
355,Liberty,2024,4,Ellie Livingston,Ellie Livingston,Livingston,Ellie,Sr,M,,,18.0,17.0,5.0,,,,1.0,,1.0,11.0,18.0,
355,Liberty,2024,12,Martu Cian,Martu Cian,Cian,Martu,Sr,F,,,18.0,18.0,6.0,,,,1.0,,3.0,15.0,45.0,
355,Liberty,2024,21,Lou Combrinck,Lou Combrinck,Combrinck,Lou,Jr,F,,,18.0,18.0,8.0,,,,2.0,,6.0,22.0,33.0,
355,Liberty,2024,27,Tori Griffiths,Tori Griffiths,Griffiths,Tori,So,M,,,11.0,3.0,3.0,,,,,,1.0,7.0,13.0,1.0
355,Liberty,2024,22,Nicole Enslin,Nicole Enslin,Enslin,Nicole,So,B,,,18.0,6.0,,,,,,,1.0,1.0,4.0,
355,Liberty,2024,3,Anna Miller,Anna Miller,Miller,Anna,Jr,F,,,9.0,0.0,,,,,,,,0.0,1.0,
355,Liberty,2024,25,Gianna Miller,Gianna Miller,Miller,Gianna,Jr,B,,,15.0,15.0,,,,,1.0,,,0.0,1.0,
360,Lock Haven,2024,2,Alyssa Endrick,Alyssa Endrick,Endrick,Alyssa,Sr,F,,,19.0,15.0,,,,,1.0,,,0.0,22.0,
360,Lock Haven,2024,4,Elien Bos,Elien Bos,Bos,Elien,So,B,,,19.0,18.0,1.0,,,,,,1.0,3.0,7.0,1.0
360,Lock Haven,2024,13,Florance de Kroon,Florance de Kroon,Kroon,Florance,Jr,B,,,13.0,9.0,,,,,,,,0.0,2.0,1.0
360,Lock Haven,2024,10,Gracyn Catalano,Gracyn Catalano,Catalano,Gracyn,So,F,,,18.0,15.0,3.0,,,,2.0,,1.0,7.0,16.0,
360,Lock Haven,2024,7,Brynlee Pinschenat,Brynlee Pinschenat,Pinschenat,Brynlee,Jr,F,,,19.0,10.0,,,,,1.0,,1.0,1.0,4.0,
360,Lock Haven,2024,24,Melanie Beall,Melanie Beall,Beall,Melanie,So,F,,,17.0,1.0,5.0,,,,,,1.0,11.0,10.0,
360,Lock Haven,2024,23,Molly Lynch,Molly Lynch,Lynch,Molly,So,M,,,16.0,9.0,,,,1.0,3.0,,,0.0,10.0,2.0
360,Lock Haven,2024,8,Brooke Hofsass,Brooke Hofsass,Hofsass,Brooke,Sr,F,,,19.0,19.0,2.0,,,,2.0,,6.0,10.0,43.0,1.0
360,Lock Haven,2024,3,Megan Beppler,Megan Beppler,Beppler,Megan,Jr,B,,,19.0,18.0,,,,,1.0,,,0.0,,2.0
360,Lock Haven,2024,6,Constanza Lopez Zabala,Constanza Lopez Zabala,Zabala,Constanza,Sr,M,,,19.0,18.0,5.0,,,,1.0,,1.0,11.0,16.0,
360,Lock Haven,2024,27,Paula Sigley,Paula Sigley,Sigley,Paula,So,B,,,19.0,16.0,1.0,,,,1.0,,,2.0,7.0,
360,Lock Haven,2024,20,Deana Campbell,Deana Campbell,Campbell,Deana,Sr,B,,,19.0,17.0,1.0,,,,1.0,,3.0,5.0,11.0,
360,Lock Haven,2024,12,Alexis Kern,Alexis Kern,Kern,Alexis,Sr,F,,,19.0,3.0,5.0,,,,,,2.0,12.0,9.0,1.0
360,Lock Haven,2024,5,Joelle Bartlett,Joelle Bartlett,Bartlett,Joelle,So,F,,,7.0,0.0,,,,,,,,0.0,1.0,
360,Lock Haven,2024,15,Farah van Dijk,Farah van Dijk,Dijk,Farah,Jr,F,,,8.0,2.0,2.0,,,,,,3.0,7.0,5.0,
360,Lock Haven,2024,1,Madison Friend,Madison Friend,Friend,Madison,Fr,F,,,19.0,15.0,2.0,,,,,,,4.0,11.0,
363,Longwood,2024,5,Maria Papas,Maria Papas,Papas,Maria,Jr,M,,,9.0,1.0,,,,,,,,0.0,1.0,
363,Longwood,2024,10,Luna Prieri,Luna Prieri,Prieri,Luna,So,F,,,8.0,5.0,5.0,,,,1.0,,1.0,11.0,17.0,
363,Longwood,2024,11,Madison Wiley,Madison Wiley,Wiley,Madison,Jr,F,,,17.0,17.0,1.0,,,1.0,2.0,,2.0,4.0,20.0,
363,Longwood,2024,15,Kinsey WADDELL,Kinsey WADDELL,WADDELL,Kinsey,Sr,M,,,17.0,17.0,,,,,1.0,,2.0,2.0,,
363,Longwood,2024,17,Cara OBEIRNE,Cara OBEIRNE,OBEIRNE,Cara,Sr,F,,,17.0,10.0,,,,,,,,0.0,7.0,
363,Longwood,2024,13,Mattea Vest,Mattea Vest,Vest,Mattea,Fr,,,,17.0,5.0,,,,,1.0,,,0.0,2.0,
363,Longwood,2024,18,Caitlin Carraway,Caitlin Carraway,Carraway,Caitlin,Fr,,,,17.0,9.0,,,,,1.0,,,0.0,3.0,1.0
363,Longwood,2024,28,Hunter-Paig JOHNSON,Hunter-Paig JOHNSON,JOHNSON,Hunter-Paig,Sr,mf,,,16.0,15.0,1.0,,,,,,4.0,6.0,3.0,
363,Longwood,2024,3,Ireland McDERMOTT,Ireland McDERMOTT,McDERMOTT,Ireland,Sr,d,,,17.0,17.0,3.0,,,,,,5.0,11.0,31.0,1.0
363,Longwood,2024,6,Channy Johnson,Channy Johnson,Johnson,Channy,So,f,,,4.0,4.0,,,,,,,,0.0,3.0,
363,Longwood,2024,16,Jane Ramsay,Jane Ramsay,Ramsay,Jane,Jr,f,,,15.0,15.0,4.0,,,,,,,8.0,24.0,
363,Longwood,2024,11,Molly Rothenberger,Molly Rothenberger,Rothenberger,Molly,Fr,,,,16.0,3.0,,,,,,,,0.0,1.0,
363,Longwood,2024,8,Zoe Tierney,Zoe Tierney,Tierney,Zoe,Sr,mf,,,17.0,17.0,6.0,,,,4.0,,1.0,13.0,24.0,1.0
363,Longwood,2024,24,Chloe UNDERWOOD,Chloe UNDERWOOD,UNDERWOOD,Chloe,Sr,d,,,15.0,14.0,,,,1.0,5.0,,,0.0,1.0,
363,Longwood,2024,20,Madison HYATT,Madison HYATT,HYATT,Madison,Sr,mf,,,13.0,13.0,1.0,,,,1.0,,,2.0,5.0,
367,Louisville,2024,10,Aubreigh Uba,Aubreigh Uba,Uba,Aubreigh,So,B,,,5.0,0.0,,,,,,,,0.0,1.0,
367,Louisville,2024,22,Chloe Cuzzupe,Chloe Cuzzupe,Cuzzupe,Chloe,Jr,B,,,17.0,17.0,2.0,,,,2.0,,1.0,5.0,9.0,
367,Louisville,2024,4,Lauren Masters,Lauren Masters,Masters,Lauren,So,F,,,17.0,12.0,3.0,,,,,,,6.0,6.0,
367,Louisville,2024,3,Sophia Parker,Sophia Parker,Parker,Sophia,Jr,M,,,17.0,0.0,3.0,,,1.0,,,4.0,10.0,7.0,
367,Louisville,2024,6,Tatum Kroon,Tatum Kroon,Kroon,Tatum,Jr,M,,,17.0,17.0,,,,,,,3.0,3.0,,3.0
367,Louisville,2024,5,Chloe Plumb,Chloe Plumb,Plumb,Chloe,So,F,,,17.0,15.0,4.0,,,,2.0,,1.0,9.0,22.0,
367,Louisville,2024,19,Filippa Niebuhr,Filippa Niebuhr,Niebuhr,Filippa,Sr,F,,,17.0,0.0,1.0,,,,1.0,,,2.0,3.0,
367,Louisville,2024,7,Gigi Edwards,Gigi Edwards,Edwards,Gigi,So,F,,,16.0,0.0,,,,,,,1.0,1.0,2.0,
367,Louisville,2024,23,Tyler Everslage,Tyler Everslage,Everslage,Tyler,So,F,,,13.0,6.0,1.0,,,,,,,2.0,8.0,
367,Louisville,2024,20,Roosje Neve,Roosje Neve,Neve,Roosje,So,F,,,17.0,0.0,,,,,2.0,,,0.0,2.0,
367,Louisville,2024,11,Caroline Pusey,Caroline Pusey,Pusey,Caroline,Sr,B,,,17.0,3.0,1.0,,,,4.0,,1.0,3.0,6.0,
367,Louisville,2024,16,Isabella Bianco,Isabella Bianco,Bianco,Isabella,Jr,M,,,17.0,17.0,5.0,,,1.0,2.0,,3.0,13.0,35.0,
367,Louisville,2024,26,Rylie Wollerton,Rylie Wollerton,Wollerton,Rylie,Jr,F,,,17.0,15.0,7.0,,,,,,2.0,16.0,22.0,
367,Louisville,2024,12,Mia Duchars,Mia Duchars,Duchars,Mia,Sr,M,,,17.0,17.0,,,,,,,2.0,2.0,4.0,
367,Louisville,2024,9,Aimee Plumb,Aimee Plumb,Plumb,Aimee,Sr,M,,,17.0,17.0,4.0,,,1.0,,,4.0,12.0,38.0,
367,Louisville,2024,8,Emily Eaton,Emily Eaton,Eaton,Emily,Fr,B,,,17.0,17.0,,,,,,,,0.0,,1.0
367,Louisville,2024,14,Trijntje Herfkens,Trijntje Herfkens,Herfkens,Trijntje,Fr,B,,,16.0,4.0,,,,,1.0,,,0.0,,
380,Maine,2024,11,Bhreagh Kennedy,Bhreagh Kennedy,Kennedy,Bhreagh,Sr,M,,,20.0,20.0,,,,1.0,4.0,,2.0,2.0,16.0,
380,Maine,2024,8,Poppy Lambert,Poppy Lambert,Lambert,Poppy,Sr,B,,,20.0,20.0,8.0,,,1.0,,,8.0,24.0,56.0,1.0
380,Maine,2024,14,Zoe Furber,Zoe Furber,Furber,Zoe,Jr,M,,,20.0,20.0,4.0,,,,,,3.0,11.0,35.0,
380,Maine,2024,24,Eloise Penty,Eloise Penty,Penty,Eloise,So,B,,,20.0,20.0,1.0,,,,,,2.0,4.0,6.0,
380,Maine,2024,13,Taylor Katsube,Taylor Katsube,Katsube,Taylor,Jr,F,,,4.0,0.0,,,,,,,,0.0,2.0,
380,Maine,2024,10,Saylor Kuefler,Saylor Kuefler,Kuefler,Saylor,So,F,,,20.0,15.0,4.0,,,,1.0,,3.0,11.0,21.0,
380,Maine,2024,16,Brynn Dzengelewski,Brynn Dzengelewski,Dzengelewski,Brynn,So,M,,,18.0,1.0,2.0,,,,,,1.0,5.0,6.0,
380,Maine,2024,7,Kate Richardson,Kate Richardson,Richardson,Kate,Jr,F,,,20.0,20.0,7.0,,,,1.0,,5.0,19.0,41.0,
380,Maine,2024,4,Olivia Geniti,Olivia Geniti,Geniti,Olivia,Jr,M,,,20.0,19.0,9.0,,,,1.0,,5.0,23.0,29.0,
380,Maine,2024,5,Victoria Tinghitella,Victoria Tinghitella,Tinghitella,Victoria,Sr,M,,,20.0,20.0,4.0,,,,1.0,,6.0,14.0,23.0,1.0
380,Maine,2024,21,Floor Dijkhuizen,Floor Dijkhuizen,Dijkhuizen,Floor,Fr,F,,,9.0,0.0,,,,,,,1.0,1.0,4.0,
380,Maine,2024,9,Alex Sacker,Alex Sacker,Sacker,Alex,Sr,B,,,20.0,20.0,4.0,,,,1.0,,5.0,13.0,43.0,5.0
380,Maine,2024,12,Micaela Grajales,Micaela Grajales,Grajales,Micaela,Sr,M,,,20.0,20.0,3.0,,,1.0,,,3.0,9.0,8.0,
380,Maine,2024,2,Maeve Fogarty,Maeve Fogarty,Fogarty,Maeve,Jr,F,,,18.0,2.0,2.0,,,,,,,4.0,12.0,
392,Maryland,2024,5,Ella Gaitan,Ella Gaitan,Gaitan,Ella,Fr,F,,,20.0,20.0,9.0,,,,,,3.0,21.0,28.0,
392,Maryland,2024,11,Kristina Johnson,Kristina Johnson,Johnson,Kristina,Fr,F,,,10.0,0.0,,,,,,,,0.0,3.0,
392,Maryland,2024,16,Emma DeBerdine,Emma DeBerdine,DeBerdine,Emma,Sr,M,,,20.0,20.0,,,,,1.0,,5.0,5.0,9.0,
392,Maryland,2024,24,Ellie Goldstein,Ellie Goldstein,Goldstein,Ellie,Fr,F,,,14.0,0.0,1.0,,,,,,,2.0,4.0,
392,Maryland,2024,13,Alina Gerke,Alina Gerke,Gerke,Alina,Sr,F,,,19.0,14.0,1.0,,,,3.0,,2.0,4.0,7.0,
392,Maryland,2024,14,AJ Eyre,AJ Eyre,Eyre,AJ,Fr,M,,,8.0,0.0,,,,,,,,0.0,2.0,
392,Maryland,2024,10,Annemijn Klijnhout,Annemijn Klijnhout,Klijnhout,Annemijn,Fr,M,,,20.0,20.0,2.0,,,,4.0,,2.0,6.0,19.0,1.0
392,Maryland,2024,23,Fleur Knopert,Fleur Knopert,Knopert,Fleur,Jr,F,,,20.0,6.0,5.0,,,,3.0,,2.0,12.0,32.0,
392,Maryland,2024,19,Hope Rose,Hope Rose,Rose,Hope,Sr,F,,,20.0,20.0,12.0,,,1.0,1.0,,2.0,26.0,68.0,
392,Maryland,2024,18,Leah Horwitz,Leah Horwitz,Horwitz,Leah,Jr,M,,,13.0,0.0,1.0,,,,,,1.0,3.0,2.0,
392,Maryland,2024,4,Maci Bradford,Maci Bradford,Bradford,Maci,So,F,,,19.0,18.0,4.0,,,,1.0,,3.0,11.0,24.0,
392,Maryland,2024,8,Ericka Morris-Adams,Ericka Morris-Adams,Morris-Adams,Ericka,Jr,B,,,20.0,20.0,,,,1.0,1.0,,1.0,1.0,,1.0
392,Maryland,2024,3,Carly Hynd,Carly Hynd,Hynd,Carly,Sr,M,,,5.0,1.0,1.0,,,1.0,,,,2.0,4.0,
392,Maryland,2024,2,Maya Everett,Maya Everett,Everett,Maya,So,M,,,20.0,2.0,1.0,,,,2.0,,,2.0,16.0,
392,Maryland,2024,22,Maddie Vasilios,Maddie Vasilios,Vasilios,Maddie,So,M,,,12.0,0.0,,,,,,,,0.0,2.0,
392,Maryland,2024,15,Kylee Niswonger,Kylee Niswonger,Niswonger,Kylee,Sr,M,,,20.0,20.0,4.0,,,,1.0,,3.0,11.0,12.0,
392,Maryland,2024,12,Josie Hollamon,Josie Hollamon,Hollamon,Josie,So,B,,,20.0,20.0,5.0,,,,,,6.0,16.0,29.0,
400,Massachusetts,2024,3,Neva Eisenga,Neva Eisenga,Eisenga,Neva,So,B,,,23.0,17.0,4.0,,,1.0,,,4.0,12.0,34.0,
400,Massachusetts,2024,19,Mia Smith,Mia Smith,Smith,Mia,Jr,B,,,19.0,7.0,1.0,,,,,,1.0,3.0,10.0,1.0
400,Massachusetts,2024,22,Gabrielle Benkenstein,Gabrielle Benkenstein,Benkenstein,Gabrielle,Jr,M,,,21.0,13.0,2.0,,,1.0,1.0,,,4.0,22.0,
400,Massachusetts,2024,18,Izzy Larimore,Izzy Larimore,Larimore,Izzy,Jr,B,,,3.0,0.0,,,,,,,,0.0,1.0,
400,Massachusetts,2024,2,Remore Serra,Remore Serra,Serra,Remore,So,M,,,2.0,0.0,,,,,,,,0.0,1.0,
400,Massachusetts,2024,35,Alexys Moore,Alexys Moore,Moore,Alexys,So,M,,,9.0,0.0,,,,,,,,0.0,3.0,
400,Massachusetts,2024,12,Alexa Collins,Alexa Collins,Collins,Alexa,Jr,F,,,21.0,4.0,,,,,1.0,,1.0,1.0,4.0,
400,Massachusetts,2024,17,Dempsey Campbell,Dempsey Campbell,Campbell,Dempsey,Sr,F,,,23.0,18.0,6.0,,,1.0,1.0,,3.0,15.0,40.0,
400,Massachusetts,2024,25,Paula Lorenzini,Paula Lorenzini,Lorenzini,Paula,Jr,B,,,22.0,20.0,7.0,,,1.0,2.0,,4.0,18.0,60.0,1.0
400,Massachusetts,2024,6,Hannah de Gast,Hannah de Gast,Gast,Hannah,Sr,M,,,23.0,21.0,6.0,,,,1.0,,9.0,21.0,34.0,
400,Massachusetts,2024,26,Kristy Leonard,Kristy Leonard,Leonard,Kristy,So,,,,22.0,12.0,3.0,,,,2.0,,,6.0,21.0,
400,Massachusetts,2024,1,Savanna Henderson,Savanna Henderson,Henderson,Savanna,Jr,M,,,23.0,23.0,1.0,,,,,,2.0,4.0,4.0,
400,Massachusetts,2024,9,Izzy Acquaviva,Izzy Acquaviva,Acquaviva,Izzy,Sr,m,,,23.0,19.0,,,,,2.0,,2.0,2.0,7.0,1.0
400,Massachusetts,2024,24,Elena Cloconeanu,Elena Cloconeanu,Cloconeanu,Elena,Fr,d,,,23.0,23.0,8.0,,,,,,5.0,21.0,56.0,1.0
400,Massachusetts,2024,7,Claire Danahy,Claire Danahy,Danahy,Claire,Sr,m,,,23.0,23.0,8.0,,,,1.0,,13.0,29.0,39.0,
400,Massachusetts,2024,8,Cara Falconer,Cara Falconer,Falconer,Cara,Fr,,,,23.0,4.0,2.0,,,,1.0,,1.0,5.0,9.0,
400,Massachusetts,2024,13,Elani Sherwood,Elani Sherwood,Sherwood,Elani,Fr,f,,,23.0,19.0,9.0,,,,2.0,,4.0,22.0,45.0,
400,Massachusetts,2024,15,Bethan Collier,Bethan Collier,Collier,Bethan,Sr,,,,7.0,0.0,,,,,,,,0.0,2.0,
408,Mercyhurst,2024,4,Maddie Huffer,Maddie Huffer,Huffer,Maddie,Jr,M,,,14.0,14.0,,2.0,,1.0,1.0,,,0.0,6.0,
408,Mercyhurst,2024,21,Allyson Doran,Allyson Doran,Doran,Allyson,Sr,F,,,11.0,9.0,,1.0,,,,,,0.0,2.0,1.0
408,Mercyhurst,2024,6,Jen Kemp,Jen Kemp,Kemp,Jen,Jr,B,,,13.0,11.0,,1.0,,,,,,0.0,,8.0
408,Mercyhurst,2024,1,Emerson Polkowski,Emerson Polkowski,Polkowski,Emerson,Jr,B,,,14.0,14.0,,1.0,,,,,,0.0,,1.0
408,Mercyhurst,2024,3,Elizabeth Jackson,Elizabeth Jackson,Jackson,Elizabeth,Sr,F,,,12.0,12.0,,3.0,,,1.0,,,0.0,1.0,
408,Mercyhurst,2024,2,Catherine Hudak,Catherine Hudak,Hudak,Catherine,So,F,,,14.0,14.0,,9.0,,,1.0,,,0.0,3.0,
408,Mercyhurst,2024,8,Rachel Kosowski,Rachel Kosowski,Kosowski,Rachel,So,F,,,14.0,14.0,2.0,5.0,,,2.0,,,4.0,12.0,
408,Mercyhurst,2024,29,Delfina Magro,Delfina Magro,Magro,Delfina,Jr,M,,,14.0,14.0,2.0,9.0,,,2.0,,,4.0,5.0,4.0
408,Mercyhurst,2024,7,Nina Contrera,Nina Contrera,Contrera,Nina,Fr,F,,,14.0,0.0,,2.0,,,,,,0.0,,
408,Mercyhurst,2024,9,McKenna Timpson,McKenna Timpson,Timpson,McKenna,Fr,M,,,13.0,0.0,,3.0,,,1.0,,,0.0,,
408,Mercyhurst,2024,10,Helena Moon,Helena Moon,Moon,Helena,Fr,F,,,10.0,5.0,,3.0,,,1.0,,,0.0,2.0,
408,Mercyhurst,2024,13,Ava Jones,Ava Jones,Jones,Ava,Fr,M,,,14.0,0.0,,1.0,,,,,,0.0,3.0,
408,Mercyhurst,2024,16,Ella Tallady,Ella Tallady,Tallady,Ella,Fr,M,,,14.0,0.0,,5.0,,,,,,0.0,1.0,
408,Mercyhurst,2024,27,Marina Evert,Marina Evert,Evert,Marina,Jr,F,,,14.0,14.0,1.0,3.0,,,,,1.0,3.0,5.0,
408,Mercyhurst,2024,28,Skylar Sarge,Skylar Sarge,Sarge,Skylar,Fr,B,,,14.0,3.0,,2.0,,,,,,0.0,,3.0
408,Mercyhurst,2024,20,Delaney Lentz,Delaney Lentz,Lentz,Delaney,Fr,B,,,14.0,14.0,,4.0,,,,,,0.0,5.0,3.0
408,Mercyhurst,2024,14,Lola Williams,Lola Williams,Williams,Lola,Fr,F,,,14.0,2.0,1.0,8.0,,,2.0,,,2.0,1.0,2.0
410,Merrimack,2024,12,Paige Degeorge,Paige Degeorge,Degeorge,Paige,So,,,,17.0,17.0,,,,1.0,,,1.0,1.0,,
410,Merrimack,2024,17,Parker Parker,Parker Parker,Parker,Parker,So,,,,17.0,17.0,,,,,,,,0.0,,1.0
410,Merrimack,2024,2,Ciara Ryan,Ciara Ryan,Ryan,Ciara,So,,,,15.0,15.0,,,,,1.0,,,0.0,2.0,1.0
410,Merrimack,2024,10,Julie Wester,Julie Wester,Wester,Julie,Sr,B,,,17.0,17.0,2.0,,,,,,1.0,5.0,23.0,
410,Merrimack,2024,21,Meghan McCarthy,Meghan McCarthy,McCarthy,Meghan,Sr,F,,,17.0,17.0,,,,,,,1.0,1.0,3.0,
410,Merrimack,2024,11,Kaitlyn Welsh,Kaitlyn Welsh,Welsh,Kaitlyn,So,,,,17.0,17.0,,,,,1.0,,,0.0,6.0,2.0
410,Merrimack,2024,3,Kendall O'Brien,Kendall O'Brien,O'Brien,Kendall,Fr,M,,,17.0,3.0,,,,,,,,0.0,1.0,2.0
410,Merrimack,2024,4,Erin Cottam,Erin Cottam,Cottam,Erin,Fr,F,,,17.0,17.0,,,,1.0,2.0,,,0.0,6.0,
410,Merrimack,2024,13,Emily Beichert,Emily Beichert,Beichert,Emily,Fr,F,,,17.0,0.0,1.0,,,1.0,,,,2.0,11.0,
410,Merrimack,2024,15,Whitney Dacko,Whitney Dacko,Dacko,Whitney,Fr,F,,,16.0,6.0,,,,,,,,0.0,5.0,1.0
410,Merrimack,2024,16,Zoe Gitlin,Zoe Gitlin,Gitlin,Zoe,Fr,B,,,1.0,0.0,,,,,,,,0.0,,1.0
410,Merrimack,2024,5,Gianna Cioni,Gianna Cioni,Cioni,Gianna,Fr,F,,,15.0,13.0,3.0,,,,,,,6.0,5.0,
410,Merrimack,2024,8,Darla Mahoney,Darla Mahoney,Mahoney,Darla,So,F,,,17.0,13.0,,,,1.0,2.0,,,0.0,,
414,Miami (OH),2024,12,Becca Lawn,Becca Lawn,Lawn,Becca,Jr,B,,,22.0,22.0,2.0,,,,,,,4.0,5.0,
414,Miami (OH),2024,14,Lucia Ventos,Lucia Ventos,Ventos,Lucia,So,M,,,22.0,22.0,1.0,,,2.0,2.0,,,2.0,3.0,
414,Miami (OH),2024,5,Becca Kline,Becca Kline,Kline,Becca,Sr,M,,,21.0,3.0,,,,,,,1.0,1.0,1.0,
414,Miami (OH),2024,3,Kylie Coughlin,Kylie Coughlin,Coughlin,Kylie,So,M,,,21.0,13.0,,,,,1.0,,,0.0,2.0,2.0
414,Miami (OH),2024,23,Reese Wearren,Reese Wearren,Wearren,Reese,Sr,M,,,19.0,18.0,6.0,,,1.0,3.0,,2.0,14.0,18.0,
414,Miami (OH),2024,10,Berta Mata,Berta Mata,Mata,Berta,Sr,B,,,22.0,22.0,2.0,,,,,,13.0,17.0,19.0,1.0
414,Miami (OH),2024,8,Paula Navaro,Paula Navaro,Navaro,Paula,Jr,M,,,22.0,22.0,,,,1.0,3.0,,9.0,9.0,14.0,
414,Miami (OH),2024,1,Sloane Wearren,Sloane Wearren,Wearren,Sloane,So,M,,,21.0,3.0,,,,1.0,1.0,,1.0,1.0,7.0,
414,Miami (OH),2024,4,Maggie Reed,Maggie Reed,Reed,Maggie,So,M,,,20.0,0.0,,,,,,,,0.0,1.0,
414,Miami (OH),2024,16,Katherine Groff,Katherine Groff,Groff,Katherine,Sr,B,,,22.0,1.0,2.0,,,,1.0,,,4.0,9.0,
414,Miami (OH),2024,11,Abby Moore,Abby Moore,Moore,Abby,Jr,M,,,12.0,6.0,,,,,1.0,,,0.0,,
414,Miami (OH),2024,32,Izzy Hass,Izzy Hass,Hass,Izzy,Jr,B,,,17.0,1.0,,,,,,,1.0,1.0,,
414,Miami (OH),2024,22,Imke Breedijk,Imke Breedijk,Breedijk,Imke,Sr,M,,,17.0,2.0,,,,,,,,0.0,1.0,
414,Miami (OH),2024,19,Meg Canfield,Meg Canfield,Canfield,Meg,So,M,,,8.0,0.0,,,,,,,1.0,1.0,,
414,Miami (OH),2024,7,Carlie Servis,Carlie Servis,Servis,Carlie,Sr,M,,,21.0,19.0,4.0,,,,1.0,,17.0,25.0,24.0,
414,Miami (OH),2024,2,Riley Mazzalupi,Riley Mazzalupi,Mazzalupi,Riley,Jr,M,,,19.0,1.0,,,,,2.0,,,0.0,6.0,
414,Miami (OH),2024,6,Stella Clark,Stella Clark,Clark,Stella,Fr,M,,,17.0,0.0,,,,,,,,0.0,1.0,
414,Miami (OH),2024,9,Claudia Negrete,Claudia Negrete,Negrete,Claudia,Sr,M,,,22.0,22.0,17.0,,,1.0,2.0,,2.0,36.0,95.0,
414,Miami (OH),2024,18,Henriette Schlueter,Henriette Schlueter,Schlueter,Henriette,Fr,F,,,22.0,21.0,8.0,,,2.0,2.0,,7.0,23.0,52.0,
414,Miami (OH),2024,13,Paula Pena Martinez,Paula Pena Martinez,Martinez,Paula,Sr,M,,,22.0,22.0,11.0,,,2.0,2.0,,1.0,23.0,51.0,
418,Michigan,2024,26,Lora Clarke,Lora Clarke,Clarke,Lora,Sr,M,,,19.0,18.0,3.0,,,2.0,1.0,,9.0,15.0,26.0,
418,Michigan,2024,10,Lindsey Stagg,Lindsey Stagg,Stagg,Lindsey,Sr,B,,,15.0,1.0,,,,,,,,0.0,1.0,
418,Michigan,2024,25,Erin Reilly,Erin Reilly,Reilly,Erin,Sr,M,,,20.0,20.0,7.0,,,2.0,2.0,,2.0,16.0,47.0,
418,Michigan,2024,5,Pilar Oliveros,Pilar Oliveros,Oliveros,Pilar,Sr,M,,,18.0,13.0,7.0,,,,,,2.0,16.0,25.0,
418,Michigan,2024,15,Eva Bernardy,Eva Bernardy,Bernardy,Eva,Fr,B,,,20.0,7.0,1.0,,,1.0,1.0,,4.0,6.0,21.0,
418,Michigan,2024,12,Dru Moffett,Dru Moffett,Moffett,Dru,Fr,M,,,18.0,0.0,,,,,,,,0.0,2.0,
418,Michigan,2024,21,Cami Wiseman,Cami Wiseman,Wiseman,Cami,Fr,F,,,20.0,0.0,3.0,,,,,,1.0,7.0,12.0,
418,Michigan,2024,16,Kate McLaughlin,Kate McLaughlin,McLaughlin,Kate,Sr,F,,,16.0,13.0,13.0,,,,1.0,,5.0,31.0,35.0,
418,Michigan,2024,28,Anjolie Norton,Anjolie Norton,Norton,Anjolie,Fr,B,,,20.0,19.0,,,,1.0,1.0,,1.0,1.0,1.0,
418,Michigan,2024,7,Alana Richardson,Alana Richardson,Richardson,Alana,Sr,M,,,20.0,20.0,7.0,,,1.0,,,2.0,16.0,29.0,
418,Michigan,2024,3,Abby Burnett,Abby Burnett,Burnett,Abby,So,B,,,20.0,20.0,,,,2.0,3.0,,7.0,7.0,7.0,2.0
418,Michigan,2024,24,Juliette Manzur,Juliette Manzur,Manzur,Juliette,So,F,,,20.0,8.0,5.0,,,,1.0,,1.0,11.0,16.0,
418,Michigan,2024,2,Emmy Tran,Emmy Tran,Tran,Emmy,Jr,B,,,20.0,14.0,1.0,,,,1.0,,1.0,3.0,4.0,
418,Michigan,2024,14,Natalie Millman,Natalie Millman,Millman,Natalie,So,M,,,20.0,1.0,2.0,,,,,,,4.0,12.0,
418,Michigan,2024,11,Payton Maloney,Payton Maloney,Maloney,Payton,Fr,M,,,18.0,0.0,1.0,,,,1.0,,1.0,3.0,6.0,
418,Michigan,2024,22,Zoe Bormet,Zoe Bormet,Bormet,Zoe,So,M,,,20.0,0.0,1.0,,,,1.0,,,2.0,6.0,
418,Michigan,2024,20,Claire Taylor,Claire Taylor,Taylor,Claire,Jr,M,,,20.0,20.0,,,,,2.0,,5.0,5.0,6.0,1.0
418,Michigan,2024,9,Esmée de Willigen,Esmée de Willigen,Willigen,Esmée,So,F,,,20.0,6.0,3.0,,,1.0,2.0,,2.0,8.0,14.0,
418,Michigan,2024,4,Abby Tamer,Abby Tamer,Tamer,Abby,Jr,M,,,20.0,20.0,12.0,,,,1.0,,13.0,37.0,72.0,
416,Michigan St.,2024,23,Jillian Bonczewski,Jillian Bonczewski,Bonczewski,Jillian,Sr,F,,,18.0,18.0,3.0,,,,,,2.0,8.0,25.0,1.0
416,Michigan St.,2024,12,Serena Mailhe,Serena Mailhe,Mailhe,Serena,So,B,,,18.0,17.0,,,,4.0,5.0,,,0.0,,
416,Michigan St.,2024,15,Ellie Rutherford,Ellie Rutherford,Rutherford,Ellie,Sr,M,,,18.0,18.0,4.0,,,2.0,,,6.0,14.0,40.0,1.0
416,Michigan St.,2024,3,Bianca Pizano,Bianca Pizano,Pizano,Bianca,So,F,,,18.0,0.0,5.0,,,,,,,10.0,16.0,
416,Michigan St.,2024,8,Maddie Lawlor,Maddie Lawlor,Lawlor,Maddie,Sr,M,,,18.0,18.0,5.0,,,,1.0,,3.0,13.0,42.0,
416,Michigan St.,2024,6,Alexa Shaffer,Alexa Shaffer,Shaffer,Alexa,Jr,B,,,6.0,0.0,,,,,,,,0.0,3.0,
416,Michigan St.,2024,22,Madison Lasinski,Madison Lasinski,Lasinski,Madison,So,M,,,2.0,0.0,,,,,,,,0.0,1.0,
416,Michigan St.,2024,11,Brynn Shaffer,Brynn Shaffer,Shaffer,Brynn,So,M,,,18.0,9.0,1.0,,,,,,4.0,6.0,12.0,
416,Michigan St.,2024,25,Gracie Burns,Gracie Burns,Burns,Gracie,Jr,F,,,9.0,0.0,,,,,,,,0.0,5.0,
416,Michigan St.,2024,13,Skylar Santucci,Skylar Santucci,Santucci,Skylar,Jr,F,,,18.0,3.0,1.0,,,,,,,2.0,12.0,
416,Michigan St.,2024,18,Caro Schäfer,Caro Schäfer,Schäfer,Caro,Fr,B,,,18.0,18.0,1.0,,,,1.0,,2.0,4.0,2.0,3.0
416,Michigan St.,2024,10,Emma O'Neill,Emma O'Neill,O'Neill,Emma,Sr,F,,,18.0,18.0,5.0,,,1.0,2.0,,6.0,16.0,22.0,
416,Michigan St.,2024,16,Carmen Maudlin,Carmen Maudlin,Maudlin,Carmen,Fr,M,,,18.0,0.0,,,,,1.0,,,0.0,,
416,Michigan St.,2024,14,Lilian Knorr,Lilian Knorr,Knorr,Lilian,Fr,M,,,18.0,18.0,4.0,,,,2.0,,2.0,10.0,19.0,
416,Michigan St.,2024,9,Mora Cavazza,Mora Cavazza,Cavazza,Mora,Fr,M,,,18.0,7.0,,,,,3.0,,,0.0,1.0,
416,Michigan St.,2024,5,Ellie Wheatley,Ellie Wheatley,Wheatley,Ellie,Sr,B,,,18.0,18.0,,,,,,,3.0,3.0,2.0,
416,Michigan St.,2024,20,Carmen Pucheta,Carmen Pucheta,Pucheta,Carmen,Fr,M,,,18.0,18.0,4.0,,,,1.0,,2.0,10.0,38.0,
439,Monmouth,2024,21,Stella Goddard-Despot,Stella Goddard-Despot,Goddard-Despot,Stella,Fr,M,,,15.0,0.0,2.0,,,,,,,4.0,6.0,
439,Monmouth,2024,7,Lauren Relik,Lauren Relik,Relik,Lauren,So,M,,,17.0,3.0,1.0,,,,,,2.0,4.0,3.0,
439,Monmouth,2024,6,Morgan Kato,Morgan Kato,Kato,Morgan,Sr,F,,,16.0,0.0,1.0,,,,,,,2.0,5.0,
439,Monmouth,2024,22,Jessica Tucker,Jessica Tucker,Tucker,Jessica,Sr,F,,,19.0,19.0,10.0,,,,1.0,,7.0,27.0,46.0,
439,Monmouth,2024,27,Libby Doehner,Libby Doehner,Doehner,Libby,Jr,M,,,19.0,19.0,4.0,,,,1.0,,6.0,14.0,5.0,
439,Monmouth,2024,18,Emily Singer,Emily Singer,Singer,Emily,Jr,F,,,16.0,0.0,1.0,,,,,,,2.0,4.0,
439,Monmouth,2024,14,Anna Moors,Anna Moors,Moors,Anna,So,B,,,19.0,19.0,12.0,,,,3.0,,2.0,26.0,53.0,3.0
439,Monmouth,2024,24,Hannah Tromble,Hannah Tromble,Tromble,Hannah,So,M,,,9.0,0.0,,,,,,,1.0,1.0,6.0,
439,Monmouth,2024,13,Eulalie Brouwers,Eulalie Brouwers,Brouwers,Eulalie,So,M,,,19.0,19.0,1.0,,,,1.0,,2.0,4.0,3.0,
439,Monmouth,2024,4,Calista Schwartz,Calista Schwartz,Schwartz,Calista,So,B,,,19.0,16.0,,,,1.0,2.0,,13.0,13.0,11.0,
439,Monmouth,2024,11,Johanna Karlhuber,Johanna Karlhuber,Karlhuber,Johanna,Sr,F,,,19.0,19.0,1.0,,,,2.0,,7.0,9.0,8.0,
439,Monmouth,2024,15,Katy Corcoran,Katy Corcoran,Corcoran,Katy,Jr,M,,,13.0,0.0,,,,1.0,,,,0.0,,
439,Monmouth,2024,2,Bella Coluzzi,Bella Coluzzi,Coluzzi,Bella,Jr,F,,,16.0,0.0,1.0,,,,,,,2.0,3.0,
439,Monmouth,2024,10,Sofia Fouces,Sofia Fouces,Fouces,Sofia,Sr,M,,,19.0,19.0,8.0,,,,,,4.0,20.0,76.0,
439,Monmouth,2024,8,India Shakespeare,India Shakespeare,Shakespeare,India,Sr,F,,,19.0,4.0,,,,,1.0,,6.0,6.0,4.0,
439,Monmouth,2024,12,Keely Bowers,Keely Bowers,Bowers,Keely,Fr,M,,,15.0,0.0,,,,,,,,0.0,4.0,
439,Monmouth,2024,16,Lilly Ricks,Lilly Ricks,Ricks,Lilly,Fr,F,,,19.0,19.0,4.0,,,,3.0,,2.0,10.0,9.0,
439,Monmouth,2024,25,Milla Frye,Milla Frye,Frye,Milla,Fr,M,,,19.0,19.0,9.0,,,,8.0,,3.0,21.0,27.0,1.0
439,Monmouth,2024,26,Claire Campen,Claire Campen,Campen,Claire,Fr,F,,,19.0,15.0,5.0,,,1.0,,,,10.0,23.0,
469,New Hampshire,2024,2,Tamera Cookman,Tamera Cookman,Cookman,Tamera,Jr,B,,,4.0,4.0,,,,1.0,,,2.0,2.0,5.0,
469,New Hampshire,2024,11,Ella Pratt,Ella Pratt,Pratt,Ella,Sr,M,,,20.0,20.0,4.0,,,,,,3.0,11.0,10.0,1.0
469,New Hampshire,2024,12,Abigail Johnson,Abigail Johnson,Johnson,Abigail,So,B,,,19.0,19.0,,,,1.0,3.0,,,0.0,1.0,
469,New Hampshire,2024,25,Julia Graves,Julia Graves,Graves,Julia,So,M,,,17.0,0.0,,,,,,,1.0,1.0,6.0,
469,New Hampshire,2024,13,Tasmin Cookman,Tasmin Cookman,Cookman,Tasmin,Jr,F,,,20.0,20.0,13.0,,,,2.0,,6.0,32.0,57.0,
469,New Hampshire,2024,6,Brecken Calcari,Brecken Calcari,Calcari,Brecken,Jr,F,,,20.0,11.0,4.0,,,2.0,1.0,,2.0,10.0,13.0,
469,New Hampshire,2024,28,Kathelijne Knuttel,Kathelijne Knuttel,Knuttel,Kathelijne,So,M,,,19.0,19.0,18.0,,,2.0,2.0,,5.0,41.0,69.0,
469,New Hampshire,2024,3,Addison MacNeil,Addison MacNeil,MacNeil,Addison,So,M,,,20.0,20.0,2.0,,,1.0,,,4.0,8.0,28.0,
469,New Hampshire,2024,18,Louette Petiet,Louette Petiet,Petiet,Louette,So,M,,,12.0,7.0,,,,,,,,0.0,1.0,
469,New Hampshire,2024,8,Carly Warms,Carly Warms,Warms,Carly,So,M,,,17.0,1.0,1.0,,,,2.0,,,2.0,6.0,
469,New Hampshire,2024,22,Nicole Poulakis,Nicole Poulakis,Poulakis,Nicole,Jr,M,,,20.0,20.0,11.0,,,,2.0,,2.0,24.0,37.0,
469,New Hampshire,2024,19,Makayla Clark,Makayla Clark,Clark,Makayla,Fr,F,,,3.0,0.0,,,,,,,,0.0,1.0,
469,New Hampshire,2024,23,Faye Meijer,Faye Meijer,Meijer,Faye,Fr,M,,,20.0,20.0,8.0,,,,5.0,,10.0,26.0,51.0,
469,New Hampshire,2024,20,Immie Gillgrass,Immie Gillgrass,Gillgrass,Immie,Sr,F,,,18.0,18.0,,,,1.0,1.0,,,0.0,17.0,1.0
469,New Hampshire,2024,5,Kay Murphy,Kay Murphy,Murphy,Kay,Fr,F,,,18.0,0.0,,,,,,,,0.0,1.0,
457,North Carolina,2024,5,Sanne Hak,Sanne Hak,Hak,Sanne,So,F,,,21.0,21.0,9.0,,,,,,7.0,25.0,28.0,
457,North Carolina,2024,19,Lisa Slinkert,Lisa Slinkert,Slinkert,Lisa,Sr,M,,,20.0,0.0,3.0,,,,,,3.0,9.0,35.0,
457,North Carolina,2024,17,Sietske Brüning,Sietske Brüning,Brüning,Sietske,Jr,M,,,21.0,21.0,5.0,,,,1.0,,5.0,15.0,42.0,
457,North Carolina,2024,24,Ella Barbacci,Ella Barbacci,Barbacci,Ella,Fr,M,,,6.0,0.0,,,,,,,,0.0,1.0,
457,North Carolina,2024,4,Molly Catchpole,Molly Catchpole,Catchpole,Molly,Jr,M,,,15.0,0.0,3.0,,,,,,,6.0,10.0,
457,North Carolina,2024,16,Grace Pottebaum,Grace Pottebaum,Pottebaum,Grace,Jr,M,,,21.0,21.0,,,,,,,,0.0,1.0,1.0
457,North Carolina,2024,2,Charly Bruder,Charly Bruder,Bruder,Charly,So,F,,,21.0,21.0,27.0,,,,2.0,,3.0,57.0,133.0,
457,North Carolina,2024,6,Kelly Smith,Kelly Smith,Smith,Kelly,Sr,B,,,21.0,21.0,1.0,,,2.0,,,4.0,6.0,4.0,1.0
457,North Carolina,2024,22,Jasmina Smolenaars,Jasmina Smolenaars,Smolenaars,Jasmina,Sr,M,,,21.0,21.0,3.0,,,1.0,,,5.0,11.0,18.0,
457,North Carolina,2024,12,Ryleigh Heck,Ryleigh Heck,Heck,Ryleigh,Jr,M,,,21.0,21.0,15.0,,,2.0,6.0,,15.0,45.0,99.0,
457,North Carolina,2024,20,Hope Haynes,Hope Haynes,Haynes,Hope,Fr,B,,,21.0,0.0,1.0,,,,,,,2.0,8.0,
457,North Carolina,2024,39,Kennedy Cliggett,Kennedy Cliggett,Cliggett,Kennedy,Sr,F,,,15.0,0.0,2.0,,,,,,2.0,6.0,9.0,
457,North Carolina,2024,18,Alli Meehan,Alli Meehan,Meehan,Alli,Sr,F,,,8.0,0.0,,,,,,,,0.0,1.0,
457,North Carolina,2024,29,Dorrit Eisenbeis,Dorrit Eisenbeis,Eisenbeis,Dorrit,Sr,F,,,9.0,0.0,,,,,1.0,,,0.0,2.0,
457,North Carolina,2024,11,Avery Donahue,Avery Donahue,Donahue,Avery,Sr,M,,,21.0,0.0,3.0,,,,3.0,,,6.0,7.0,
457,North Carolina,2024,14,Katie Dixon,Katie Dixon,Dixon,Katie,Sr,M,,,21.0,21.0,3.0,,,,2.0,,9.0,15.0,9.0,
457,North Carolina,2024,31,Pleun Lammers,Pleun Lammers,Lammers,Pleun,Sr,F,,,21.0,21.0,4.0,,,,,,11.0,19.0,11.0,
457,North Carolina,2024,8,Ciana Riccardo,Ciana Riccardo,Riccardo,Ciana,Sr,B,,,21.0,21.0,2.0,,,,4.0,,10.0,14.0,6.0,
500,Northeastern,2024,16,Victoria Postler,Victoria Postler,Postler,Victoria,Jr,B,,,19.0,19.0,,,,,1.0,,,0.0,1.0,1.0
500,Northeastern,2024,2,Emily Stubbs,Emily Stubbs,Stubbs,Emily,Jr,F,,,18.0,12.0,9.0,,,,2.0,,,18.0,20.0,
500,Northeastern,2024,9,India Cotter,India Cotter,Cotter,India,Sr,F,,,19.0,9.0,,,,,,,,0.0,6.0,
500,Northeastern,2024,10,Alexandra Mega,Alexandra Mega,Mega,Alexandra,So,M,,,19.0,11.0,5.0,,,,2.0,,4.0,14.0,29.0,
500,Northeastern,2024,6,Lara Taylor,Lara Taylor,Taylor,Lara,Sr,M,,,19.0,19.0,6.0,,,1.0,4.0,,2.0,14.0,25.0,
500,Northeastern,2024,20,Anna-Kate Domingue,Anna-Kate Domingue,Domingue,Anna-Kate,Jr,F,,,13.0,12.0,,,,,1.0,,,0.0,1.0,
500,Northeastern,2024,5,Maya Prasad,Maya Prasad,Prasad,Maya,Jr,M,,,5.0,5.0,,,,,,,2.0,2.0,,
500,Northeastern,2024,8,Maria Armaganian,Maria Armaganian,Armaganian,Maria,Sr,M,,,18.0,18.0,1.0,,,1.0,3.0,,9.0,11.0,4.0,
500,Northeastern,2024,11,Kate Blaisdell,Kate Blaisdell,Blaisdell,Kate,Sr,F,,,14.0,1.0,,,,,,,,0.0,2.0,
500,Northeastern,2024,21,Alana Fields,Alana Fields,Fields,Alana,Sr,F,,,13.0,0.0,,,,,1.0,,1.0,1.0,2.0,
500,Northeastern,2024,15,Emily Adragna,Emily Adragna,Adragna,Emily,Jr,F,,,19.0,1.0,4.0,,,,,,1.0,9.0,17.0,
500,Northeastern,2024,23,Julia Puccio,Julia Puccio,Puccio,Julia,So,M,,,5.0,0.0,,,,,,,,0.0,2.0,
500,Northeastern,2024,17,Lilly Smith,Lilly Smith,Smith,Lilly,Jr,M,,,19.0,13.0,2.0,,,1.0,1.0,,,4.0,10.0,
500,Northeastern,2024,3,Helen Baldy,Helen Baldy,Baldy,Helen,Fr,B,,,19.0,5.0,,,,,,,,0.0,3.0,1.0
500,Northeastern,2024,4,Olivia Yelen,Olivia Yelen,Yelen,Olivia,Fr,M,,,18.0,1.0,,,,,1.0,,,0.0,2.0,
500,Northeastern,2024,7,Juana Gonzalez-Peyru,Juana Gonzalez-Peyru,Gonzalez-Peyru,Juana,Fr,F,,,19.0,10.0,2.0,,,,2.0,,,4.0,4.0,
500,Northeastern,2024,14,Caroline Sweeney,Caroline Sweeney,Sweeney,Caroline,Sr,M,,,17.0,17.0,3.0,,,,,,6.0,12.0,4.0,1.0
500,Northeastern,2024,19,Mak Graves,Mak Graves,Graves,Mak,Sr,M,,,18.0,18.0,4.0,,,,3.0,,5.0,13.0,28.0,
500,Northeastern,2024,13,Lauren Rowe,Lauren Rowe,Rowe,Lauren,Sr,B,,,19.0,19.0,10.0,,,,2.0,,9.0,29.0,81.0,
509,Northwestern,2024,15,Katie Jones,Katie Jones,Jones,Katie,Sr,M,,,24.0,23.0,2.0,,,,4.0,,6.0,10.0,5.0,
509,Northwestern,2024,13,Chloe Relford,Chloe Relford,Relford,Chloe,Sr,M,,,24.0,7.0,4.0,,,1.0,,,2.0,10.0,11.0,
509,Northwestern,2024,2,Lauren Wadas,Lauren Wadas,Wadas,Lauren,Sr,M,,,23.0,23.0,6.0,,,2.0,4.0,,4.0,16.0,60.0,1.0
509,Northwestern,2024,20,Emilie Kirschner,Emilie Kirschner,Kirschner,Emilie,Fr,M,,,23.0,5.0,,,,,,,,0.0,1.0,
509,Northwestern,2024,10,Amelia Albers,Amelia Albers,Albers,Amelia,So,F,,,8.0,0.0,1.0,,,,,,,2.0,1.0,
509,Northwestern,2024,1,Lane Herbert,Lane Herbert,Herbert,Lane,Sr,M,,,18.0,2.0,5.0,,,,,,,10.0,13.0,
509,Northwestern,2024,7,Aerin Krys,Aerin Krys,Krys,Aerin,So,F,,,18.0,0.0,,,,,,,2.0,2.0,4.0,
509,Northwestern,2024,27,Nadia Nemeth,Nadia Nemeth,Nemeth,Nadia,Fr,M,,,18.0,3.0,1.0,,,,1.0,,1.0,3.0,8.0,
509,Northwestern,2024,18,Laura Salamanca,Laura Salamanca,Salamanca,Laura,Fr,M,,,24.0,1.0,1.0,,,1.0,1.0,,1.0,3.0,12.0,
509,Northwestern,2024,4,Ashley Sessa,Ashley Sessa,Sessa,Ashley,So,F,,,24.0,23.0,24.0,,,1.0,6.0,,19.0,67.0,95.0,
509,Northwestern,2024,9,Ilse Tromp,Ilse Tromp,Tromp,Ilse,So,B,,,24.0,24.0,11.0,,,,,,7.0,29.0,70.0,2.0
509,Northwestern,2024,14,Sophie Dix,Sophie Dix,Dix,Sophie,Sr,B,,,5.0,0.0,,,,,,,,0.0,,1.0
509,Northwestern,2024,12,Greta Hinke,Greta Hinke,Hinke,Greta,Jr,M,,,24.0,24.0,2.0,,,,1.0,,3.0,7.0,26.0,1.0
509,Northwestern,2024,16,Lauren Hunter,Lauren Hunter,Hunter,Lauren,Sr,B,,,24.0,21.0,,,,,,,14.0,14.0,1.0,
509,Northwestern,2024,23,Maja Zivojnovic,Maja Zivojnovic,Zivojnovic,Maja,Jr,B,,,9.0,1.0,2.0,,,,,,,4.0,5.0,
509,Northwestern,2024,11,Piper Borz,Piper Borz,Borz,Piper,So,F,,,20.0,1.0,5.0,,,,1.0,,3.0,13.0,20.0,
509,Northwestern,2024,21,Ella Kokinis,Ella Kokinis,Kokinis,Ella,So,M,,,24.0,2.0,1.0,,,,,,,2.0,6.0,
509,Northwestern,2024,5,Regan Cornelius,Regan Cornelius,Cornelius,Regan,Sr,M,,,22.0,20.0,1.0,,,,1.0,,4.0,6.0,10.0,
509,Northwestern,2024,6,Elaine Velthuizen,Elaine Velthuizen,Velthuizen,Elaine,Fr,M,,,24.0,10.0,2.0,,,,1.0,,4.0,8.0,10.0,
509,Northwestern,2024,8,Maddie Zimmer,Maddie Zimmer,Zimmer,Maddie,Sr,M,,,24.0,24.0,10.0,,,1.0,3.0,,12.0,32.0,47.0,
509,Northwestern,2024,3,Olivia Bent-Cole,Olivia Bent-Cole,Bent-Cole,Olivia,So,F,,,24.0,24.0,8.0,,,,1.0,,3.0,19.0,45.0,
519,Ohio,2024,9,Mary Huffman,Mary Huffman,Huffman,Mary,Jr,F,,,16.0,0.0,,,,,,,,0.0,5.0,
519,Ohio,2024,13,Annie Ryan,Annie Ryan,Ryan,Annie,So,M,,,18.0,18.0,,,,,1.0,,,0.0,1.0,
519,Ohio,2024,23,Emily Beitzel,Emily Beitzel,Beitzel,Emily,So,M,,,16.0,16.0,,,,,3.0,,,0.0,2.0,
519,Ohio,2024,18,Anouk Plaehn,Anouk Plaehn,Plaehn,Anouk,Jr,B,,,18.0,18.0,5.0,,,,1.0,,1.0,11.0,21.0,4.0
519,Ohio,2024,4,Bodhi Littlefield,Bodhi Littlefield,Littlefield,Bodhi,Sr,M,,,18.0,18.0,4.0,,,,1.0,,2.0,10.0,17.0,2.0
519,Ohio,2024,2,Natalie LaFleur,Natalie LaFleur,LaFleur,Natalie,So,F,,,16.0,16.0,3.0,,,,,,1.0,7.0,13.0,
519,Ohio,2024,3,Noa Demaretz,Noa Demaretz,Demaretz,Noa,Sr,M,,,18.0,18.0,3.0,,,,1.0,,,6.0,24.0,
519,Ohio,2024,16,Emily Risser,Emily Risser,Risser,Emily,Jr,B,,,18.0,18.0,1.0,,,,1.0,,4.0,6.0,4.0,4.0
519,Ohio,2024,12,Zoe Collins,Zoe Collins,Collins,Zoe,So,B,,,18.0,0.0,,,,,,,,0.0,1.0,
519,Ohio,2024,14,Sasha Dikotla,Sasha Dikotla,Dikotla,Sasha,Jr,F,,,18.0,18.0,6.0,,,,,,1.0,13.0,25.0,
519,Ohio,2024,7,Merle Kal,Merle Kal,Kal,Merle,Sr,M,,,18.0,17.0,,,,1.0,3.0,,1.0,1.0,2.0,
519,Ohio,2024,17,Addy Basile,Addy Basile,Basile,Addy,Fr,F,,,15.0,0.0,1.0,,,,,,,2.0,1.0,
519,Ohio,2024,11,Sophie Van Der Wal,Sophie Van Der Wal,Wal,Sophie,Fr,F,,,18.0,2.0,,,,,1.0,,2.0,2.0,7.0,
519,Ohio,2024,5,Meela Kopp,Meela Kopp,Kopp,Meela,Sr,B,,,17.0,17.0,1.0,,,,1.0,,4.0,6.0,25.0,1.0
519,Ohio,2024,8,Deborah James,Deborah James,James,Deborah,Fr,B,,,18.0,1.0,,,,,,,,0.0,1.0,1.0
519,Ohio,2024,10,Marie De Grande,Marie De Grande,Grande,Marie,Fr,M,,,17.0,1.0,2.0,,,1.0,,,1.0,5.0,5.0,
518,Ohio St.,2024,8,Makenna Webster,Makenna Webster,Webster,Makenna,Sr,F,,,19.0,19.0,16.0,,,,3.0,,10.0,42.0,45.0,
518,Ohio St.,2024,13,Sarah Richards,Sarah Richards,Richards,Sarah,Sr,M,,,19.0,19.0,,,,,1.0,,1.0,1.0,8.0,1.0
518,Ohio St.,2024,16,Erin Little,Erin Little,Little,Erin,Jr,B,,,19.0,19.0,,,,,1.0,,2.0,2.0,1.0,1.0
518,Ohio St.,2024,23,Maya Walker,Maya Walker,Walker,Maya,Sr,B,,,8.0,0.0,,,,,,,,0.0,7.0,1.0
518,Ohio St.,2024,26,Kari Melberger,Kari Melberger,Melberger,Kari,Sr,M,,,9.0,0.0,,,,,,,,0.0,1.0,
518,Ohio St.,2024,17,Philippa Schipper,Philippa Schipper,Schipper,Philippa,Fr,B,,,19.0,4.0,,,,,1.0,,1.0,1.0,4.0,
518,Ohio St.,2024,19,Victoria Kutz,Victoria Kutz,Kutz,Victoria,Fr,M,,,19.0,0.0,,,,,,,,0.0,1.0,
518,Ohio St.,2024,28,Sienna Golden,Sienna Golden,Golden,Sienna,Fr,F,,,19.0,5.0,3.0,,,,,,1.0,7.0,9.0,
518,Ohio St.,2024,24,Cam Standish,Cam Standish,Standish,Cam,So,M,,,19.0,19.0,2.0,,,,2.0,,,4.0,8.0,
518,Ohio St.,2024,14,Makayla Carahaly,Makayla Carahaly,Carahaly,Makayla,Jr,F,,,9.0,0.0,,,,,,,1.0,1.0,,
518,Ohio St.,2024,1,Brenna Bough,Brenna Bough,Bough,Brenna,So,F,,,8.0,8.0,5.0,,,,,,2.0,12.0,22.0,
518,Ohio St.,2024,3,Claudia Thomas,Claudia Thomas,Thomas,Claudia,Sr,M,,,19.0,17.0,,,,,,,5.0,5.0,11.0,
518,Ohio St.,2024,10,Olivia Wallace,Olivia Wallace,Wallace,Olivia,Jr,F,,,19.0,0.0,2.0,,,,1.0,,1.0,5.0,6.0,
518,Ohio St.,2024,7,Loryn Jordon,Loryn Jordon,Jordon,Loryn,Jr,F,,,18.0,0.0,1.0,,,,,,2.0,4.0,3.0,
518,Ohio St.,2024,25,Anne Marie Krebs,Anne Marie Krebs,Krebs,Anne,So,F,,,19.0,19.0,1.0,,,,2.0,,3.0,5.0,9.0,
518,Ohio St.,2024,15,Riley Hudson,Riley Hudson,Hudson,Riley,Jr,F,,,19.0,0.0,,,,,2.0,,1.0,1.0,3.0,
518,Ohio St.,2024,32,Katie Fichtner,Katie Fichtner,Fichtner,Katie,Jr,B,,,18.0,18.0,7.0,,,,1.0,,2.0,16.0,70.0,2.0
518,Ohio St.,2024,4,Zella Bailey,Zella Bailey,Bailey,Zella,Jr,F,,,19.0,3.0,3.0,,,,,,2.0,8.0,9.0,
518,Ohio St.,2024,18,Hallie Brost,Hallie Brost,Brost,Hallie,Sr,M,,,19.0,16.0,5.0,,,1.0,1.0,,1.0,11.0,33.0,
518,Ohio St.,2024,34,Jenna Zunic,Jenna Zunic,Zunic,Jenna,Sr,B,,,5.0,0.0,1.0,,,,,,,2.0,1.0,
518,Ohio St.,2024,5,Emily Barker,Emily Barker,Barker,Emily,So,F,,,19.0,0.0,1.0,,,,,,,2.0,3.0,
518,Ohio St.,2024,21,Reagan Eickhoff,Reagan Eickhoff,Eickhoff,Reagan,So,M,,,4.0,0.0,1.0,,,,,,,2.0,1.0,
518,Ohio St.,2024,11,Lindsey Roberts,Lindsey Roberts,Roberts,Lindsey,Jr,F,,,19.0,5.0,5.0,,,,,,2.0,12.0,17.0,
518,Ohio St.,2024,20,Cameryn Forgash,Cameryn Forgash,Forgash,Cameryn,Sr,F,,,19.0,19.0,3.0,,,,1.0,,3.0,9.0,13.0,
523,Old Dominion,2024,9,Sian Emslie,Sian Emslie,Emslie,Sian,Sr,F,,,18.0,16.0,11.0,,,,3.0,,3.0,25.0,27.0,2.0
523,Old Dominion,2024,20,Sam Zwyna,Sam Zwyna,Zwyna,Sam,Sr,F,,,17.0,1.0,,,,,1.0,,1.0,1.0,6.0,
523,Old Dominion,2024,8,Madison Zalewski,Madison Zalewski,Zalewski,Madison,Fr,F,,,15.0,1.0,,,,,1.0,,,0.0,2.0,
523,Old Dominion,2024,12,Jolene Ulichney,Jolene Ulichney,Ulichney,Jolene,Sr,F,,,17.0,2.0,4.0,,,,,,,8.0,14.0,
523,Old Dominion,2024,29,Sydney Holbrook,Sydney Holbrook,Holbrook,Sydney,So,M,,,14.0,0.0,,,,,1.0,,,0.0,,
523,Old Dominion,2024,21,Mackenzie Olsommer,Mackenzie Olsommer,Olsommer,Mackenzie,Jr,M,,,16.0,0.0,,,,,,,,0.0,2.0,
523,Old Dominion,2024,25,Emily Tammaro,Emily Tammaro,Tammaro,Emily,Jr,M,,,18.0,18.0,2.0,,,,2.0,,4.0,8.0,10.0,
523,Old Dominion,2024,26,Avery Jackson,Avery Jackson,Jackson,Avery,So,M,,,9.0,1.0,2.0,,,,,,1.0,5.0,4.0,
523,Old Dominion,2024,17,Frederique Zandbergen,Frederique Zandbergen,Zandbergen,Frederique,Sr,M,,,18.0,18.0,4.0,,,,1.0,,17.0,25.0,20.0,
523,Old Dominion,2024,44,Suus Broers,Suus Broers,Broers,Suus,So,GK,,,18.0,18.0,,,,,,,,0.0,,1.0
523,Old Dominion,2024,14,Tess Jedeloo,Tess Jedeloo,Jedeloo,Tess,Sr,F,,,18.0,16.0,12.0,,,1.0,4.0,,3.0,27.0,72.0,
523,Old Dominion,2024,18,Rina Tsioles,Rina Tsioles,Tsioles,Rina,Sr,M,,,18.0,18.0,,,,,1.0,,13.0,13.0,7.0,
523,Old Dominion,2024,27,Nicolette Saccomandi,Nicolette Saccomandi,Saccomandi,Nicolette,So,M,,,18.0,18.0,,,,,,,1.0,1.0,,
523,Old Dominion,2024,10,Kerry Mcormick,Kerry Mcormick,Mcormick,Kerry,So,B,,,18.0,18.0,,,,,2.0,,,0.0,1.0,
523,Old Dominion,2024,13,Sanci Molkenboer,Sanci Molkenboer,Molkenboer,Sanci,Jr,F,,,18.0,17.0,3.0,,,,,,7.0,13.0,28.0,
523,Old Dominion,2024,23,Lauren Holbrook,Lauren Holbrook,Holbrook,Lauren,Sr,M,,,3.0,0.0,,,,,,,,0.0,2.0,
523,Old Dominion,2024,6,Amelie Zielcke,Amelie Zielcke,Zielcke,Amelie,Fr,F,,,18.0,18.0,4.0,,,,1.0,,1.0,9.0,20.0,
523,Old Dominion,2024,5,Serena Langendoen,Serena Langendoen,Langendoen,Serena,Fr,B,,,18.0,18.0,7.0,,,,,,1.0,15.0,49.0,
540,Penn,2024,16,Emma Nahon,Emma Nahon,Nahon,Emma,So,B,,,13.0,0.0,,,,,,,,0.0,2.0,
540,Penn,2024,20,Philine Klas,Philine Klas,Klas,Philine,Jr,B,,,16.0,16.0,1.0,,,,,,1.0,3.0,25.0,3.0
540,Penn,2024,25,Dylan Breier,Dylan Breier,Breier,Dylan,Jr,F,,,8.0,0.0,,,,,,,,0.0,1.0,
540,Penn,2024,10,Sophie Freedman,Sophie Freedman,Freedman,Sophie,Sr,M,,,16.0,16.0,2.0,,,3.0,6.0,,2.0,6.0,26.0,
540,Penn,2024,1,Bridget Skelly,Bridget Skelly,Skelly,Bridget,Sr,F,,,16.0,6.0,2.0,,,,3.0,,,4.0,8.0,
540,Penn,2024,8,Julia Ryan,Julia Ryan,Ryan,Julia,Jr,M,,,16.0,16.0,6.0,,,,,,6.0,18.0,31.0,
540,Penn,2024,21,Kylie Wall,Kylie Wall,Wall,Kylie,Sr,M,,,16.0,16.0,,,,,1.0,,1.0,1.0,1.0,
540,Penn,2024,23,Livia Loozen,Livia Loozen,Loozen,Livia,Jr,F,,,16.0,16.0,6.0,,,1.0,,,2.0,14.0,24.0,
540,Penn,2024,2,Courtney Kenah,Courtney Kenah,Kenah,Courtney,Sr,M,,,14.0,7.0,,,,,1.0,,2.0,2.0,2.0,
540,Penn,2024,9,Amy Lanouette,Amy Lanouette,Lanouette,Amy,Jr,B,,,16.0,15.0,1.0,,,,2.0,,,2.0,1.0,
540,Penn,2024,4,Ellie Almeida,Ellie Almeida,Almeida,Ellie,So,B,,,16.0,16.0,,,,,2.0,,,0.0,3.0,
540,Penn,2024,3,Meghan McGinley,Meghan McGinley,McGinley,Meghan,Sr,M,,,16.0,16.0,,,,,2.0,,,0.0,10.0,2.0
540,Penn,2024,7,Sydney Mandato,Sydney Mandato,Mandato,Sydney,So,M,,,13.0,2.0,,,,,1.0,,1.0,1.0,7.0,
540,Penn,2024,11,Beau Lilly Barrington-Hibbert,Beau Lilly Barrington-Hibbert,Barrington-Hibbert,Beau,Fr,B,,,13.0,0.0,2.0,,,,3.0,,,4.0,11.0,
540,Penn,2024,14,Riley Thomson,Riley Thomson,Thomson,Riley,Fr,F,,,16.0,9.0,1.0,,,1.0,,,1.0,3.0,13.0,
540,Penn,2024,26,Darcey Chapman,Darcey Chapman,Chapman,Darcey,Fr,M,,,16.0,8.0,1.0,,,,,,,2.0,15.0,
539,Penn St.,2024,5,Riley O'Donnell,Riley O'Donnell,O'Donnell,Riley,Fr,,,,8.0,0.0,,,,,,,,0.0,2.0,
539,Penn St.,2024,8,Morgan Snyder,Morgan Snyder,Snyder,Morgan,Fr,,,,17.0,16.0,,,,,,,,0.0,,1.0
539,Penn St.,2024,6,Kerry O'Donnell,Kerry O'Donnell,O'Donnell,Kerry,Fr,,,,16.0,0.0,,,,,,,,0.0,2.0,
539,Penn St.,2024,12,Carly Seal,Carly Seal,Seal,Carly,Fr,,,,17.0,1.0,1.0,,,,,,,2.0,2.0,
539,Penn St.,2024,2,Katelyn Strawser,Katelyn Strawser,Strawser,Katelyn,Fr,,,,17.0,4.0,2.0,,,,,,1.0,5.0,11.0,
539,Penn St.,2024,17,Ella Jennes,Ella Jennes,Jennes,Ella,Jr,,,,17.0,17.0,2.0,,,,1.0,,2.0,6.0,17.0,
539,Penn St.,2024,22,Emmy McCully,Emmy McCully,McCully,Emmy,Fr,,,,4.0,0.0,,,,,1.0,,,0.0,,
539,Penn St.,2024,15,Aubrey Semler,Aubrey Semler,Semler,Aubrey,Jr,,,,16.0,7.0,1.0,,,,1.0,,,2.0,3.0,
539,Penn St.,2024,4,Madison Tambroni,Madison Tambroni,Tambroni,Madison,Jr,,,,17.0,16.0,,,,,1.0,,3.0,3.0,1.0,
539,Penn St.,2024,1,Natalie Freeman,Natalie Freeman,Freeman,Natalie,So,,,,17.0,14.0,2.0,,,,,,,4.0,18.0,
539,Penn St.,2024,7,Julia Lamb,Julia Lamb,Lamb,Julia,Sr,,,,16.0,14.0,,,,,,,,0.0,3.0,1.0
539,Penn St.,2024,9,Morgan McMenamin,Morgan McMenamin,McMenamin,Morgan,Jr,,,,13.0,2.0,1.0,,,,,,,2.0,6.0,
539,Penn St.,2024,11,Madison Britton,Madison Britton,Britton,Madison,Fr,,,,17.0,0.0,,,,,,,1.0,1.0,,
539,Penn St.,2024,27,Drew Taylor,Drew Taylor,Taylor,Drew,Sr,,,,16.0,12.0,1.0,,,,2.0,,2.0,4.0,12.0,
539,Penn St.,2024,34,Sofia Acosta,Sofia Acosta,Acosta,Sofia,Jr,,,,6.0,0.0,,,,,1.0,,,0.0,,
539,Penn St.,2024,42,Sophia Mannino,Sophia Mannino,Mannino,Sophia,Sr,,,,17.0,17.0,3.0,,,1.0,6.0,,1.0,7.0,10.0,
539,Penn St.,2024,3,Sophia Gladieux,Sophia Gladieux,Gladieux,Sophia,Sr,,,,17.0,17.0,20.0,,,,2.0,,4.0,44.0,105.0,
539,Penn St.,2024,26,Gery Schnarrs,Gery Schnarrs,Schnarrs,Gery,Sr,,,,17.0,15.0,,,,,3.0,,,0.0,5.0,2.0
539,Penn St.,2024,10,Julienne van Bekkum,Julienne van Bekkum,Bekkum,Julienne,Sr,,,,17.0,17.0,3.0,,,,,,6.0,12.0,13.0,
554,Princeton,2024,6,Ottilie Sykes,Ottilie Sykes,Sykes,Ottilie,So,B,,,20.0,20.0,2.0,,,,2.0,,1.0,5.0,27.0,
554,Princeton,2024,23,Clare Brennan,Clare Brennan,Brennan,Clare,Sr,F,,,13.0,0.0,,,,,,,1.0,1.0,,
554,Princeton,2024,20,Talia Schenck,Talia Schenck,Schenck,Talia,Jr,F,,,20.0,20.0,5.0,,,,1.0,,4.0,14.0,24.0,1.0
554,Princeton,2024,16,Ella Cashman,Ella Cashman,Cashman,Ella,So,M,,,20.0,20.0,6.0,,,,2.0,,,12.0,8.0,
554,Princeton,2024,4,Lily Webb,Lily Webb,Webb,Lily,Sr,F,,,8.0,0.0,1.0,,,,,,1.0,3.0,4.0,
554,Princeton,2024,5,Lydia Bills,Lydia Bills,Bills,Lydia,So,M,,,16.0,0.0,1.0,,,,,,1.0,3.0,4.0,
554,Princeton,2024,15,Aimee Jungfer,Aimee Jungfer,Jungfer,Aimee,Sr,M,,,19.0,2.0,1.0,,,,,,,2.0,1.0,
554,Princeton,2024,7,Hope Delaney,Hope Delaney,Delaney,Hope,So,F,,,13.0,0.0,,,,,,,,0.0,1.0,1.0
554,Princeton,2024,14,Ella Hampson,Ella Hampson,Hampson,Ella,Jr,B,,,20.0,17.0,,,,,1.0,,2.0,2.0,13.0,
554,Princeton,2024,2,Lilly Wojcik,Lilly Wojcik,Wojcik,Lilly,Fr,M,,,20.0,3.0,,,,1.0,2.0,,,0.0,3.0,
554,Princeton,2024,19,Anna Faulstich,Anna Faulstich,Faulstich,Anna,Fr,M,,,20.0,20.0,,,,,1.0,,2.0,2.0,5.0,
554,Princeton,2024,17,Beth Yeager,Beth Yeager,Yeager,Beth,Jr,M,,,20.0,20.0,16.0,,,1.0,5.0,,11.0,43.0,84.0,
554,Princeton,2024,12,Gracie McGowan,Gracie McGowan,McGowan,Gracie,Sr,M,,,20.0,20.0,,,,,4.0,,,0.0,1.0,
554,Princeton,2024,13,Grace Schulze,Grace Schulze,Schulze,Grace,Sr,F,,,20.0,20.0,4.0,,,1.0,,,7.0,15.0,27.0,3.0
554,Princeton,2024,8,Pru Lindsey,Pru Lindsey,Lindsey,Pru,Fr,F,,,20.0,0.0,1.0,,,,3.0,,4.0,6.0,11.0,
554,Princeton,2024,9,Izzy Morgan,Izzy Morgan,Morgan,Izzy,Fr,B,,,20.0,18.0,,,,,1.0,,2.0,2.0,5.0,
554,Princeton,2024,10,Clem Houlden,Clem Houlden,Houlden,Clem,Fr,M,,,20.0,20.0,1.0,,,,1.0,,,2.0,10.0,
554,Princeton,2024,21,Molly Nye,Molly Nye,Nye,Molly,Fr,M,,,20.0,0.0,1.0,,,,,,1.0,3.0,11.0,
556,Providence,2024,2,Bella DelNegro,Bella DelNegro,DelNegro,Bella,Sr,F,,,15.0,10.0,2.0,,,,,,2.0,6.0,8.0,
556,Providence,2024,9,Celia Preveza,Celia Preveza,Preveza,Celia,Sr,F,,,17.0,8.0,2.0,,,,2.0,,1.0,5.0,14.0,
556,Providence,2024,15,Taylor Ligozio,Taylor Ligozio,Ligozio,Taylor,Sr,B,,,16.0,1.0,,,,,1.0,,3.0,3.0,1.0,
556,Providence,2024,12,Carly van Benten,Carly van Benten,Benten,Carly,So,F,,,17.0,3.0,2.0,,,,,,1.0,5.0,7.0,
556,Providence,2024,7,Lily Procaccianti,Lily Procaccianti,Procaccianti,Lily,So,F,,,17.0,0.0,,,,,,,,0.0,3.0,
556,Providence,2024,11,Macie Pennisi,Macie Pennisi,Pennisi,Macie,So,M,,,17.0,17.0,5.0,,,,,,2.0,12.0,26.0,
556,Providence,2024,21,Charlotte Lorden,Charlotte Lorden,Lorden,Charlotte,So,M,,,16.0,16.0,,,,1.0,,,2.0,2.0,4.0,
556,Providence,2024,3,Cami Crook,Cami Crook,Crook,Cami,Sr,M,,,17.0,16.0,2.0,,,,3.0,,1.0,5.0,15.0,
556,Providence,2024,14,Bo Martina,Bo Martina,Martina,Bo,So,M,,,17.0,16.0,5.0,,,1.0,7.0,,8.0,18.0,19.0,
556,Providence,2024,23,Florencia Talarico,Florencia Talarico,Talarico,Florencia,So,M,,,17.0,12.0,,,,,2.0,,3.0,3.0,9.0,1.0
556,Providence,2024,28,Caroline Krebs,Caroline Krebs,Krebs,Caroline,Jr,M,,,6.0,0.0,1.0,,,,,,,2.0,2.0,
556,Providence,2024,8,Hannah McKenney,Hannah McKenney,McKenney,Hannah,Sr,M,,,17.0,7.0,3.0,,,,1.0,,2.0,8.0,10.0,
556,Providence,2024,26,Caroline Guden,Caroline Guden,Guden,Caroline,Sr,M,,,12.0,11.0,,,,1.0,1.0,,,0.0,3.0,
556,Providence,2024,4,Caelie Patrick,Caelie Patrick,Patrick,Caelie,Fr,M,,,13.0,1.0,,,,,1.0,,,0.0,2.0,
556,Providence,2024,19,Ally Kennedy,Ally Kennedy,Kennedy,Ally,Sr,M,,,17.0,17.0,,,,,,,,0.0,4.0,3.0
556,Providence,2024,17,Ally DeCoste,Ally DeCoste,DeCoste,Ally,Sr,F,,,17.0,17.0,8.0,,,4.0,3.0,,1.0,17.0,24.0,
556,Providence,2024,16,Piper Cline,Piper Cline,Cline,Piper,Fr,F,,,13.0,0.0,,,,,,,,0.0,2.0,
556,Providence,2024,6,Marley Mailloux,Marley Mailloux,Mailloux,Marley,Sr,M,,,17.0,16.0,,,,,,,4.0,4.0,1.0,
556,Providence,2024,18,Martu Torre Festa,Martu Torre Festa,Festa,Martu,Fr,M,,,11.0,1.0,,,,1.0,,,,0.0,1.0,
11504,Queens (NC),2024,8,Cassie McKenzie,Cassie McKenzie,McKenzie,Cassie,Sr,M,,,15.0,15.0,,,,,1.0,,3.0,3.0,3.0,
11504,Queens (NC),2024,16,Mickayla Clark,Mickayla Clark,Clark,Mickayla,Sr,M,,,11.0,1.0,1.0,,,,1.0,,,2.0,1.0,
11504,Queens (NC),2024,3,Sofia Arato,Sofia Arato,Arato,Sofia,Sr,M,,,14.0,6.0,,,,,,,,0.0,2.0,
11504,Queens (NC),2024,31,Liv Rainwater,Liv Rainwater,Rainwater,Liv,So,M,,,15.0,5.0,,,,,1.0,,,0.0,4.0,
11504,Queens (NC),2024,4,Grace Wagner,Grace Wagner,Wagner,Grace,So,B,,,15.0,15.0,,,,,,,1.0,1.0,,
11504,Queens (NC),2024,14,Lilly Waters,Lilly Waters,Waters,Lilly,So,M,,,15.0,15.0,,,,2.0,2.0,,,0.0,2.0,
11504,Queens (NC),2024,33,Hensley Miller,Hensley Miller,Miller,Hensley,Jr,B,,,15.0,15.0,2.0,,,,3.0,,,4.0,8.0,2.0
11504,Queens (NC),2024,10,Enya Kemp,Enya Kemp,Kemp,Enya,Sr,F,,,13.0,7.0,2.0,,,,,,,4.0,18.0,
11504,Queens (NC),2024,1,Karlee Alt,Karlee Alt,Alt,Karlee,Sr,F,,,14.0,14.0,,,,,1.0,,2.0,2.0,7.0,
11504,Queens (NC),2024,24,Kennedy Bratton,Kennedy Bratton,Bratton,Kennedy,Sr,F,,,15.0,15.0,3.0,,,,,,,6.0,6.0,
11504,Queens (NC),2024,28,Jarmilla Richter,Jarmilla Richter,Richter,Jarmilla,Jr,M,,,15.0,6.0,1.0,,,,1.0,,,2.0,2.0,
11504,Queens (NC),2024,7,Sydney Smith,Sydney Smith,Smith,Sydney,Jr,M,,,15.0,8.0,3.0,,,,3.0,,2.0,8.0,17.0,
11504,Queens (NC),2024,19,Maddie Just,Maddie Just,Just,Maddie,Fr,M,,,15.0,6.0,1.0,,,,1.0,,,2.0,1.0,
11504,Queens (NC),2024,32,Alana Shimp,Alana Shimp,Shimp,Alana,Fr,M,,,13.0,0.0,,,,,2.0,,1.0,1.0,,
11504,Queens (NC),2024,11,Delfina Gonzalez Fontan,Delfina Gonzalez Fontan,Fontan,Delfina,Fr,F,,,15.0,0.0,3.0,,,,1.0,,,6.0,9.0,
11504,Queens (NC),2024,25,Olivia Gain,Olivia Gain,Gain,Olivia,Fr,M,,,15.0,9.0,,,,,1.0,,,0.0,,
11504,Queens (NC),2024,9,Pilar Rodriguez,Pilar Rodriguez,Rodriguez,Pilar,Fr,F,,,15.0,10.0,1.0,,,,,,,2.0,10.0,
11504,Queens (NC),2024,30,Ines Morixe Stirling,Ines Morixe Stirling,Stirling,Ines,Fr,B,,,12.0,3.0,,,,,,,1.0,1.0,,1.0
562,Quinnipiac,2024,27,Cameron Brower,Cameron Brower,Brower,Cameron,Jr,F,,,18.0,10.0,2.0,,,1.0,1.0,,3.0,7.0,14.0,
562,Quinnipiac,2024,11,Katie Shanahan,Katie Shanahan,Shanahan,Katie,So,B,,,18.0,18.0,1.0,,,,1.0,,1.0,3.0,18.0,
562,Quinnipiac,2024,8,Lauren Knight,Lauren Knight,Knight,Lauren,Jr,F,,,12.0,1.0,,,,,,,,0.0,3.0,
562,Quinnipiac,2024,5,Lauren Keyte,Lauren Keyte,Keyte,Lauren,Jr,M,,,18.0,16.0,1.0,,,,,,2.0,4.0,5.0,
562,Quinnipiac,2024,30,Lily Wolfe,Lily Wolfe,Wolfe,Lily,Jr,B,,,11.0,2.0,,,,,,,,0.0,,1.0
562,Quinnipiac,2024,23,Kate Zamagni,Kate Zamagni,Zamagni,Kate,Sr,B,,,18.0,17.0,,,,,,,3.0,3.0,,1.0
562,Quinnipiac,2024,17,Lauren Kane,Lauren Kane,Kane,Lauren,Jr,M,,,18.0,0.0,,,,,1.0,,,0.0,4.0,
562,Quinnipiac,2024,22,Lucia Pompeo,Lucia Pompeo,Pompeo,Lucia,Sr,F,,,14.0,11.0,4.0,,,1.0,,,,8.0,30.0,
562,Quinnipiac,2024,16,Mo Quaile,Mo Quaile,Quaile,Mo,Jr,M,,,17.0,17.0,,,1.0,,4.0,,1.0,1.0,8.0,1.0
562,Quinnipiac,2024,19,Martina Calveira,Martina Calveira,Calveira,Martina,So,F,,,18.0,18.0,1.0,,,4.0,,,5.0,7.0,24.0,
562,Quinnipiac,2024,20,Lucia Donati,Lucia Donati,Donati,Lucia,Fr,M,,,18.0,16.0,3.0,,,1.0,2.0,,,6.0,20.0,3.0
562,Quinnipiac,2024,32,Jule Hoefer,Jule Hoefer,Hoefer,Jule,Fr,M,,,18.0,18.0,,,,,,,,0.0,1.0,4.0
562,Quinnipiac,2024,7,Emma Nelson,Emma Nelson,Nelson,Emma,Fr,M,,,18.0,17.0,,,,,,,,0.0,4.0,
562,Quinnipiac,2024,15,Francisca Eschoyez,Francisca Eschoyez,Eschoyez,Francisca,Fr,B,,,18.0,18.0,10.0,,,,4.0,,2.0,22.0,63.0,
562,Quinnipiac,2024,3,Ava Bleier,Ava Bleier,Bleier,Ava,Fr,F,,,10.0,0.0,,,,,,,,0.0,1.0,
575,Richmond,2024,11,Emma Williams,Emma Williams,Williams,Emma,Jr,B,,,19.0,13.0,,,,,1.0,,1.0,1.0,2.0,
575,Richmond,2024,10,Lainey Nichols,Lainey Nichols,Nichols,Lainey,Jr,M,,,19.0,5.0,2.0,,,,1.0,,2.0,6.0,14.0,
575,Richmond,2024,17,Madelyn Curtis,Madelyn Curtis,Curtis,Madelyn,Jr,B,,,19.0,19.0,1.0,,,,1.0,,1.0,3.0,1.0,1.0
575,Richmond,2024,5,Annie Nash,Annie Nash,Nash,Annie,Sr,M,,,19.0,19.0,1.0,,,,,,,2.0,1.0,
575,Richmond,2024,14,Avery Russell,Avery Russell,Russell,Avery,So,F,,,19.0,15.0,5.0,,,,,,,10.0,15.0,
575,Richmond,2024,16,Jessica Mullin,Jessica Mullin,Mullin,Jessica,Sr,F,,,9.0,1.0,,,,,,,,0.0,1.0,
575,Richmond,2024,18,Alexa Derr,Alexa Derr,Derr,Alexa,Jr,M,,,19.0,19.0,1.0,,,,,,6.0,8.0,9.0,1.0
575,Richmond,2024,15,Freya MacKay,Freya MacKay,MacKay,Freya,So,B,,,18.0,14.0,,,,1.0,1.0,,5.0,5.0,2.0,
575,Richmond,2024,8,Jess McMeeking,Jess McMeeking,McMeeking,Jess,Jr,M,,,19.0,19.0,,,,,4.0,,8.0,8.0,6.0,
575,Richmond,2024,12,Charly Faherty,Charly Faherty,Faherty,Charly,So,M,,,16.0,1.0,1.0,,,,,,,2.0,1.0,
575,Richmond,2024,20,Clara Larripa,Clara Larripa,Larripa,Clara,So,F,,,19.0,19.0,12.0,,,,7.0,,8.0,32.0,59.0,
575,Richmond,2024,30,Valen Luna Paratore,Valen Luna Paratore,Paratore,Valen,So,,,,19.0,19.0,12.0,,,,3.0,,1.0,25.0,55.0,
575,Richmond,2024,2,Margaret Scheurer,Margaret Scheurer,Scheurer,Margaret,Fr,M,,,16.0,6.0,1.0,,,,1.0,,1.0,3.0,7.0,
575,Richmond,2024,24,Grace Wiggins,Grace Wiggins,Wiggins,Grace,Fr,M,,,19.0,19.0,3.0,,,,1.0,,4.0,10.0,19.0,1.0
576,Rider,2024,10,Meg Normile,Meg Normile,Normile,Meg,Jr,M,,,19.0,19.0,9.0,,,1.0,3.0,,1.0,19.0,56.0,3.0
576,Rider,2024,5,Kate Mahmud,Kate Mahmud,Mahmud,Kate,So,B,,,18.0,18.0,,,,1.0,,,,0.0,,
576,Rider,2024,9,Valeria Perales,Valeria Perales,Perales,Valeria,Jr,F,,,12.0,10.0,10.0,,,2.0,,,2.0,22.0,38.0,
576,Rider,2024,24,Emma Bonshak,Emma Bonshak,Bonshak,Emma,So,F,,,19.0,19.0,,,,,1.0,,,0.0,4.0,
576,Rider,2024,1,Ang Borisow,Ang Borisow,Borisow,Ang,So,M,,,19.0,19.0,1.0,,,,2.0,,5.0,7.0,15.0,
576,Rider,2024,4,Liv Cox,Liv Cox,Cox,Liv,So,F,,,6.0,0.0,1.0,,,,1.0,,,2.0,1.0,
576,Rider,2024,11,Lyric Scott,Lyric Scott,Scott,Lyric,Sr,F,,,19.0,19.0,4.0,,,1.0,3.0,,4.0,12.0,23.0,
576,Rider,2024,7,Semra Said,Semra Said,Said,Semra,Jr,F,,,19.0,10.0,3.0,,,1.0,7.0,,5.0,11.0,46.0,
576,Rider,2024,8,Jaime Haas,Jaime Haas,Haas,Jaime,Fr,B,,,5.0,0.0,,,,,,,1.0,1.0,,
576,Rider,2024,15,Olivia Machiavelli,Olivia Machiavelli,Machiavelli,Olivia,Fr,,,,19.0,19.0,15.0,,,,1.0,,4.0,34.0,72.0,
576,Rider,2024,22,Paulina Thiele,Paulina Thiele,Thiele,Paulina,Fr,,,,19.0,17.0,1.0,,,2.0,1.0,,7.0,9.0,15.0,
576,Rider,2024,28,Katie Wuerstle,Katie Wuerstle,Wuerstle,Katie,Sr,F,,,19.0,19.0,4.0,,,,,,2.0,10.0,36.0,
576,Rider,2024,6,Amanda Walker,Amanda Walker,Walker,Amanda,Fr,,,,14.0,3.0,2.0,,,,,,,4.0,6.0,
576,Rider,2024,18,Anna Finn,Anna Finn,Finn,Anna,Fr,F,,,18.0,15.0,1.0,,,,,,1.0,3.0,25.0,1.0
587,Rutgers,2024,6,Paulina Niklaus,Paulina Niklaus,Niklaus,Paulina,Sr,M,,,17.0,17.0,7.0,,,,,,3.0,17.0,44.0,
587,Rutgers,2024,2,Olivia Beattie,Olivia Beattie,Beattie,Olivia,So,M,,,16.0,16.0,,,,,3.0,,1.0,1.0,,
587,Rutgers,2024,22,Lucy Bannatyne,Lucy Bannatyne,Bannatyne,Lucy,Sr,F,,,17.0,17.0,,,,2.0,4.0,,2.0,2.0,21.0,
587,Rutgers,2024,10,Indy van Ek,Indy van Ek,Ek,Indy,Jr,M,,,17.0,1.0,1.0,,,,,,,2.0,5.0,
587,Rutgers,2024,27,Vicky Jure,Vicky Jure,Jure,Vicky,Jr,M,,,17.0,16.0,2.0,,,,1.0,,3.0,7.0,10.0,
587,Rutgers,2024,13,Ava Cickavage,Ava Cickavage,Cickavage,Ava,Jr,M,,,17.0,17.0,1.0,,,,1.0,,1.0,3.0,9.0,
587,Rutgers,2024,21,Puck Winter,Puck Winter,Winter,Puck,Jr,B,,,17.0,17.0,1.0,,,,,,,2.0,12.0,9.0
587,Rutgers,2024,25,Guillerm. Causarano,Guillerm. Causarano,Causarano,Guillerm.,Sr,M,,,17.0,17.0,7.0,,,1.0,3.0,,10.0,24.0,30.0,
587,Rutgers,2024,11,Dani Gindville,Dani Gindville,Gindville,Dani,Jr,M,,,9.0,0.0,,,,,,,,0.0,2.0,
587,Rutgers,2024,24,Olivia Fraticelli,Olivia Fraticelli,Fraticelli,Olivia,So,F,,,13.0,0.0,,,,,1.0,,,0.0,4.0,
587,Rutgers,2024,16,Kara Heck,Kara Heck,Heck,Kara,Sr,F,,,17.0,17.0,6.0,,,1.0,3.0,,2.0,14.0,26.0,
587,Rutgers,2024,14,Sophie Kuiper,Sophie Kuiper,Kuiper,Sophie,Fr,F,,,17.0,1.0,3.0,,,,,,4.0,10.0,20.0,
587,Rutgers,2024,23,Ashley Arnold,Ashley Arnold,Arnold,Ashley,Sr,F,,,14.0,0.0,,,,,,,1.0,1.0,2.0,
587,Rutgers,2024,8,Bridy Molyneaux,Bridy Molyneaux,Molyneaux,Bridy,Sr,F,,,17.0,17.0,1.0,,,,,,1.0,3.0,9.0,
587,Rutgers,2024,18,Madelyn Kidd,Madelyn Kidd,Kidd,Madelyn,So,F,,,10.0,0.0,,,,,,,,0.0,3.0,
587,Rutgers,2024,17,Anna Cogdell,Anna Cogdell,Cogdell,Anna,Fr,M,,,17.0,17.0,2.0,,,,,,1.0,5.0,24.0,
590,Sacred Heart,2024,9,Aine Keaney,Aine Keaney,Keaney,Aine,Sr,F,,,17.0,17.0,2.0,,,,3.0,,1.0,5.0,14.0,
590,Sacred Heart,2024,11,Cate McConaghy,Cate McConaghy,McConaghy,Cate,So,M,,,16.0,2.0,,,,,,,2.0,2.0,10.0,
590,Sacred Heart,2024,23,Cassie Chapjian,Cassie Chapjian,Chapjian,Cassie,Jr,F,,,18.0,9.0,,,,,,,1.0,1.0,8.0,
590,Sacred Heart,2024,6,Ines Braithwaite,Ines Braithwaite,Braithwaite,Ines,Jr,F,,,18.0,17.0,3.0,,,,1.0,,,6.0,7.0,
590,Sacred Heart,2024,4,Jaden Ray,Jaden Ray,Ray,Jaden,Jr,M,,,18.0,18.0,,,,,1.0,,2.0,2.0,6.0,1.0
590,Sacred Heart,2024,20,Amelia Pellegrini,Amelia Pellegrini,Pellegrini,Amelia,Jr,M,,,18.0,18.0,2.0,,,,,,,4.0,3.0,
590,Sacred Heart,2024,2,Abby Lauer,Abby Lauer,Lauer,Abby,Sr,M,,,17.0,16.0,,,,,,,4.0,4.0,3.0,
590,Sacred Heart,2024,28,Emma Brayford,Emma Brayford,Brayford,Emma,Jr,B,,,13.0,9.0,3.0,,,,,,3.0,9.0,39.0,3.0
590,Sacred Heart,2024,22,Blaire Sparks,Blaire Sparks,Sparks,Blaire,So,M,,,18.0,16.0,1.0,,,,2.0,,1.0,3.0,41.0,
590,Sacred Heart,2024,19,Megan Albert,Megan Albert,Albert,Megan,Sr,B,,,18.0,18.0,1.0,,,,,,2.0,4.0,9.0,1.0
590,Sacred Heart,2024,29,Helena Stoever,Helena Stoever,Stoever,Helena,Sr,F,,,11.0,2.0,,,,,2.0,,,0.0,,
590,Sacred Heart,2024,14,Kayla Weir,Kayla Weir,Weir,Kayla,So,M,,,12.0,0.0,,,,,,,,0.0,1.0,
590,Sacred Heart,2024,17,Lizzie Mendrzycki,Lizzie Mendrzycki,Mendrzycki,Lizzie,Jr,B,,,10.0,0.0,,,,,,,,0.0,1.0,
590,Sacred Heart,2024,13,Haley Vogt,Haley Vogt,Vogt,Haley,Fr,B,,,14.0,0.0,,,,,,,,0.0,1.0,
590,Sacred Heart,2024,16,Jenna Baxter,Jenna Baxter,Baxter,Jenna,Fr,M,,,18.0,7.0,1.0,,,,,,,2.0,16.0,
590,Sacred Heart,2024,18,Hanna Hasso,Hanna Hasso,Hasso,Hanna,Jr,M,,,16.0,0.0,,,,,2.0,,,0.0,2.0,
590,Sacred Heart,2024,3,Bridget McLaughlin,Bridget McLaughlin,McLaughlin,Bridget,Fr,F,,,17.0,0.0,1.0,,,,,,,2.0,6.0,
590,Sacred Heart,2024,10,Celia Benson,Celia Benson,Benson,Celia,Fr,M,,,18.0,18.0,2.0,,,,1.0,,1.0,5.0,16.0,
590,Sacred Heart,2024,8,Hannah Fawle,Hannah Fawle,Fawle,Hannah,Sr,B,,,17.0,10.0,2.0,,,,,,1.0,5.0,9.0,1.0
590,Sacred Heart,2024,15,Holly DeAngelo,Holly DeAngelo,DeAngelo,Holly,Fr,M,,,18.0,2.0,1.0,,,,1.0,,,2.0,4.0,
600,Saint Francis,2024,16,Alli Kirsch,Alli Kirsch,Kirsch,Alli,Sr,M,,,18.0,17.0,1.0,2.0,,,2.0,,1.0,3.0,5.0,
600,Saint Francis,2024,4,Brooke Benson,Brooke Benson,Benson,Brooke,Sr,B,,,12.0,1.0,,,,,,,,0.0,1.0,
600,Saint Francis,2024,23,Ami Mattingly,Ami Mattingly,Mattingly,Ami,Sr,M,,,11.0,4.0,,,,,1.0,,,0.0,1.0,
600,Saint Francis,2024,9,Chloe Butz,Chloe Butz,Butz,Chloe,Jr,M,,,18.0,17.0,1.0,3.0,,,2.0,,2.0,4.0,17.0,
600,Saint Francis,2024,7,Grace Reed,Grace Reed,Reed,Grace,So,F,,,16.0,3.0,1.0,1.0,,,,,1.0,3.0,10.0,
600,Saint Francis,2024,24,Haley CONNOR,Haley CONNOR,CONNOR,Haley,Sr,,,,6.0,1.0,,,,,,,,0.0,3.0,
600,Saint Francis,2024,1,Madison Waldspurger,Madison Waldspurger,Waldspurger,Madison,Jr,B,,,18.0,18.0,8.0,,,,,,4.0,20.0,57.0,2.0
600,Saint Francis,2024,8,Consu de Castro,Consu de Castro,Castro,Consu,So,F,,,18.0,18.0,11.0,6.0,,1.0,3.0,,2.0,24.0,40.0,
600,Saint Francis,2024,11,Dolores Zavaleta,Dolores Zavaleta,Zavaleta,Dolores,Sr,B,,,17.0,16.0,3.0,3.0,,2.0,4.0,,6.0,12.0,18.0,1.0
600,Saint Francis,2024,22,T Ciaccia,T Ciaccia,Ciaccia,T,So,F,,,16.0,0.0,2.0,,,,1.0,,,4.0,11.0,
600,Saint Francis,2024,2,Anna COMMERO,Anna COMMERO,COMMERO,Anna,Fr,,,,6.0,0.0,,,,,,,1.0,1.0,,
600,Saint Francis,2024,14,Josephina AGUIRRE,Josephina AGUIRRE,AGUIRRE,Josephina,Fr,,,,18.0,1.0,1.0,2.0,,,,,,2.0,1.0,
600,Saint Francis,2024,26,Kylee HAGER,Kylee HAGER,HAGER,Kylee,Fr,,,,18.0,5.0,2.0,1.0,,,1.0,,,4.0,9.0,
600,Saint Francis,2024,18,Gates MCALLISTER,Gates MCALLISTER,MCALLISTER,Gates,Fr,,,,11.0,0.0,,,,,,,,0.0,1.0,
600,Saint Francis,2024,12,Brooklyn WIDDESS,Brooklyn WIDDESS,WIDDESS,Brooklyn,So,f/m,,,16.0,6.0,,,,,,,2.0,2.0,1.0,
600,Saint Francis,2024,6,Emiliee MYERS,Emiliee MYERS,MYERS,Emiliee,Jr,m,,,18.0,18.0,2.0,,,,,,1.0,5.0,27.0,
600,Saint Francis,2024,10,Cruz CANEPA,Cruz CANEPA,CANEPA,Cruz,Fr,,,,18.0,15.0,1.0,3.0,,,,,7.0,9.0,6.0,
600,Saint Francis,2024,15,Hannah CAPO,Hannah CAPO,CAPO,Hannah,Fr,,,,17.0,5.0,,2.0,,,,,,0.0,7.0,
600,Saint Francis,2024,3,Madilyn DONMOYER,Madilyn DONMOYER,DONMOYER,Madilyn,Fr,d/m,,,17.0,16.0,,1.0,,,,,,0.0,1.0,
600,Saint Francis,2024,5,Riley KROMER,Riley KROMER,KROMER,Riley,Sr,,,,12.0,1.0,1.0,,,,,,,2.0,1.0,
600,Saint Francis,2024,21,Sofia MARCIANO,Sofia MARCIANO,MARCIANO,Sofia,Fr,m,,,18.0,17.0,3.0,2.0,,1.0,2.0,,1.0,7.0,26.0,
606,Saint Joseph's,2024,23,Lily Santi,Lily Santi,Santi,Lily,Sr,M,,,24.0,24.0,14.0,,,,1.0,,12.0,40.0,51.0,
606,Saint Joseph's,2024,25,Luise Kirschner,Luise Kirschner,Kirschner,Luise,Fr,M,,,3.0,1.0,,,,,,,1.0,1.0,,
606,Saint Joseph's,2024,24,Maaike Gorissen,Maaike Gorissen,Gorissen,Maaike,Jr,M,,,24.0,24.0,1.0,,,,2.0,,4.0,6.0,3.0,
606,Saint Joseph's,2024,4,Milou Kluyt,Milou Kluyt,Kluyt,Milou,So,B,,,24.0,3.0,1.0,,,,1.0,,,2.0,4.0,
606,Saint Joseph's,2024,19,Alison Buffington,Alison Buffington,Buffington,Alison,Jr,F,,,24.0,0.0,9.0,,,,,,1.0,19.0,22.0,
606,Saint Joseph's,2024,18,Emma Winther,Emma Winther,Winther,Emma,Jr,B,,,20.0,3.0,1.0,,,,,,2.0,4.0,2.0,
606,Saint Joseph's,2024,15,Ciara Margetich,Ciara Margetich,Margetich,Ciara,So,F,,,11.0,0.0,1.0,,,,,,1.0,3.0,4.0,
606,Saint Joseph's,2024,1,Erika Culp,Erika Culp,Culp,Erika,So,F,,,24.0,24.0,10.0,,,,,,3.0,23.0,30.0,
606,Saint Joseph's,2024,5,Sol Borensztein,Sol Borensztein,Borensztein,Sol,Sr,M,,,24.0,24.0,8.0,,,,4.0,,,16.0,20.0,
606,Saint Joseph's,2024,7,Nike Deicke,Nike Deicke,Deicke,Nike,Fr,F,,,2.0,0.0,,,,,,,1.0,1.0,,
606,Saint Joseph's,2024,8,Bridget McCormick,Bridget McCormick,McCormick,Bridget,Sr,M,,,24.0,13.0,1.0,,,,1.0,,2.0,4.0,3.0,
606,Saint Joseph's,2024,12,Katelyn Cocco,Katelyn Cocco,Cocco,Katelyn,Sr,F,,,24.0,5.0,,,,1.0,2.0,,,0.0,6.0,
606,Saint Joseph's,2024,22,Yfke Walter,Yfke Walter,Walter,Yfke,Fr,F,,,23.0,0.0,2.0,,,,1.0,,,4.0,7.0,
606,Saint Joseph's,2024,3,Jordan Carr,Jordan Carr,Carr,Jordan,Sr,M,,,24.0,24.0,,,,,,,,0.0,1.0,1.0
606,Saint Joseph's,2024,11,Celeste Smits,Celeste Smits,Smits,Celeste,Sr,M,,,24.0,24.0,9.0,,,,,,10.0,28.0,25.0,
606,Saint Joseph's,2024,6,Julia Duffhuis,Julia Duffhuis,Duffhuis,Julia,Sr,B,,,24.0,24.0,10.0,,,,1.0,,11.0,31.0,72.0,
606,Saint Joseph's,2024,9,Kate Crist,Kate Crist,Crist,Kate,Sr,B,,,24.0,24.0,,,,,1.0,,7.0,7.0,1.0,
606,Saint Joseph's,2024,21,Manu Ghigliotti,Manu Ghigliotti,Ghigliotti,Manu,Sr,F,,,24.0,24.0,14.0,,,,,,12.0,40.0,75.0,
609,Saint Louis,2024,15,Sierra Larson,Sierra Larson,Larson,Sierra,So,F,,,14.0,14.0,3.0,,,,1.0,,5.0,11.0,28.0,
609,Saint Louis,2024,6,Sydney Acker,Sydney Acker,Acker,Sydney,Jr,B,,,11.0,1.0,,,,1.0,,,,0.0,,
609,Saint Louis,2024,2,Ashley Jones,Ashley Jones,Jones,Ashley,Jr,M,,,14.0,12.0,,,,,,,,0.0,1.0,2.0
609,Saint Louis,2024,19,Abby Vidas,Abby Vidas,Vidas,Abby,Jr,M,,,13.0,13.0,2.0,,,,,,2.0,6.0,17.0,
609,Saint Louis,2024,8,Josefina Perez,Josefina Perez,Perez,Josefina,Sr,F,,,14.0,14.0,12.0,,,,3.0,,1.0,25.0,37.0,
609,Saint Louis,2024,14,Shaya Dry,Shaya Dry,Dry,Shaya,Jr,F,,,14.0,14.0,2.0,,,,1.0,,1.0,5.0,19.0,
609,Saint Louis,2024,18,Ava Calma,Ava Calma,Calma,Ava,Jr,M,,,14.0,0.0,,,,,,,,0.0,3.0,
609,Saint Louis,2024,9,India Hayes,India Hayes,Hayes,India,Fr,F,,,14.0,1.0,1.0,,,,,,1.0,3.0,8.0,
609,Saint Louis,2024,10,Ella Etherington,Ella Etherington,Etherington,Ella,Fr,M,,,14.0,14.0,,,,,2.0,,,0.0,9.0,
609,Saint Louis,2024,13,Brynn Newborn,Brynn Newborn,Newborn,Brynn,Fr,F,,,12.0,0.0,1.0,,,,1.0,,,2.0,5.0,
609,Saint Louis,2024,4,Olivia Smith,Olivia Smith,Smith,Olivia,Sr,M,,,14.0,14.0,1.0,,,,2.0,,4.0,6.0,27.0,
609,Saint Louis,2024,11,Julia Rooijakkers,Julia Rooijakkers,Rooijakkers,Julia,Sr,B,,,14.0,14.0,2.0,,,1.0,1.0,,1.0,5.0,9.0,2.0
609,Saint Louis,2024,25,Ignacia Manriquez,Ignacia Manriquez,Manriquez,Ignacia,Fr,M,,,14.0,14.0,2.0,,,,1.0,,,4.0,9.0,
609,Saint Louis,2024,1,Anna Smith,Anna Smith,Smith,Anna,Sr,B,,,14.0,14.0,,,,,1.0,,1.0,1.0,4.0,
674,Stanford,2024,19,Hailey King,Hailey King,King,Hailey,Fr,,,,1.0,0.0,,,,,1.0,,,0.0,,
674,Stanford,2024,8,Star Horlock,Star Horlock,Horlock,Star,So,M,,,17.0,16.0,6.0,,,1.0,2.0,,1.0,13.0,21.0,
674,Stanford,2024,9,Puja Nanjappa,Puja Nanjappa,Nanjappa,Puja,So,B,,,17.0,14.0,,,,,,,,0.0,1.0,
674,Stanford,2024,11,Chantal Eiwanger,Chantal Eiwanger,Eiwanger,Chantal,Jr,M,,,13.0,0.0,1.0,,,1.0,,,,2.0,5.0,
674,Stanford,2024,16,Kate Nemec,Kate Nemec,Nemec,Kate,So,M,,,17.0,6.0,1.0,,,,1.0,,2.0,4.0,12.0,
674,Stanford,2024,23,Liv Martin,Liv Martin,Martin,Liv,So,M,,,17.0,16.0,1.0,,,,5.0,,5.0,7.0,6.0,
674,Stanford,2024,10,Anna Ghuliani,Anna Ghuliani,Ghuliani,Anna,Jr,B,,,16.0,16.0,1.0,,,1.0,2.0,,,2.0,3.0,
674,Stanford,2024,22,Tottie Taylor,Tottie Taylor,Taylor,Tottie,Jr,M,,,15.0,10.0,,,,,1.0,,1.0,1.0,5.0,
674,Stanford,2024,4,Esther Pottebaum,Esther Pottebaum,Pottebaum,Esther,So,M,,,17.0,4.0,,,,,1.0,,2.0,2.0,1.0,
674,Stanford,2024,5,Mia Clark,Mia Clark,Clark,Mia,So,B,,,17.0,17.0,,,,,1.0,,,0.0,3.0,
674,Stanford,2024,6,Scout Butler,Scout Butler,Butler,Scout,Jr,B,,,17.0,17.0,2.0,,,,,,1.0,5.0,15.0,4.0
674,Stanford,2024,24,Cara Sambeth,Cara Sambeth,Sambeth,Cara,Sr,M,,,17.0,16.0,6.0,,,,2.0,,,12.0,26.0,1.0
674,Stanford,2024,18,Nadine Brenninkmeyer,Nadine Brenninkmeyer,Brenninkmeyer,Nadine,Fr,M,,,12.0,1.0,1.0,,,,,,1.0,3.0,7.0,
674,Stanford,2024,2,Jenny O'Grady,Jenny O'Grady,O'Grady,Jenny,Fr,M,,,11.0,4.0,,,,,,,5.0,5.0,2.0,
674,Stanford,2024,12,Bea Varley,Bea Varley,Varley,Bea,Fr,,,,15.0,4.0,,,,1.0,1.0,,1.0,1.0,,
674,Stanford,2024,20,Alayna Burns,Alayna Burns,Burns,Alayna,Sr,F,,,17.0,15.0,2.0,,,,,,,4.0,15.0,
674,Stanford,2024,14,Allison Kuzyk,Allison Kuzyk,Kuzyk,Allison,Sr,F,,,17.0,13.0,5.0,,,,1.0,,2.0,12.0,24.0,
682,Stonehill,2024,3,Makayla Strickulis,Makayla Strickulis,Strickulis,Makayla,Jr,F,,,18.0,16.0,4.0,,,,1.0,,,8.0,34.0,
682,Stonehill,2024,42,Shannon Conte,Shannon Conte,Conte,Shannon,Sr,GK,,,18.0,18.0,,,,,1.0,,,0.0,,
682,Stonehill,2024,4,Karleigh Mirable,Karleigh Mirable,Mirable,Karleigh,So,F,,,18.0,1.0,3.0,,,1.0,,,,6.0,9.0,
682,Stonehill,2024,21,Tyra Stark,Tyra Stark,Stark,Tyra,So,M,,,18.0,18.0,6.0,,,,1.0,,1.0,13.0,51.0,
682,Stonehill,2024,5,Julieta D'Antonio,Julieta D'Antonio,D'Antonio,Julieta,So,B,,,18.0,18.0,2.0,,,,,,2.0,6.0,29.0,1.0
682,Stonehill,2024,6,Sarah Latham,Sarah Latham,Latham,Sarah,Jr,M,,,15.0,15.0,,,,,2.0,,,0.0,2.0,1.0
682,Stonehill,2024,8,Tia-May Harlos,Tia-May Harlos,Harlos,Tia-May,Fr,M,,,17.0,17.0,2.0,,,,1.0,,4.0,8.0,9.0,
682,Stonehill,2024,14,Emma McGrory,Emma McGrory,McGrory,Emma,Fr,M,,,18.0,14.0,4.0,,,1.0,1.0,,3.0,11.0,20.0,
682,Stonehill,2024,16,Nadine Janssen,Nadine Janssen,Janssen,Nadine,Fr,M,,,18.0,18.0,,,,,,,1.0,1.0,6.0,
682,Stonehill,2024,19,Roos van Zwol,Roos van Zwol,Zwol,Roos,Fr,M,,,18.0,18.0,3.0,,,1.0,3.0,,,6.0,22.0,
682,Stonehill,2024,24,Siena De Roeck,Siena De Roeck,Roeck,Siena,Fr,M,,,18.0,18.0,,,,,1.0,,5.0,5.0,8.0,
682,Stonehill,2024,23,Katie Thomas,Katie Thomas,Thomas,Katie,So,M,,,6.0,0.0,,,,,,,,0.0,1.0,
682,Stonehill,2024,7,Mary Collins,Mary Collins,Collins,Mary,Fr,M,,,17.0,8.0,,,,,,,,0.0,5.0,
682,Stonehill,2024,9,Hannah Bickford,Hannah Bickford,Bickford,Hannah,Fr,M,,,18.0,0.0,2.0,,,,,,2.0,6.0,6.0,
682,Stonehill,2024,11,Kira Geddes,Kira Geddes,Geddes,Kira,Fr,F,,,12.0,0.0,,,,,,,,0.0,6.0,
682,Stonehill,2024,13,Jill Miller,Jill Miller,Miller,Jill,Fr,B,,,18.0,18.0,,,,,,,,0.0,,1.0
688,Syracuse,2024,4,Hattie Madden,Hattie Madden,Madden,Hattie,So,F,,,19.0,19.0,2.0,,,1.0,2.0,,2.0,6.0,21.0,
688,Syracuse,2024,7,Bo Madden,Bo Madden,Madden,Bo,So,M,,,20.0,14.0,1.0,,,1.0,3.0,,3.0,5.0,7.0,
688,Syracuse,2024,3,Vivian Rowan,Vivian Rowan,Rowan,Vivian,Sr,M,,,19.0,3.0,4.0,,,,,,2.0,10.0,12.0,
688,Syracuse,2024,19,Lana Hamilton,Lana Hamilton,Hamilton,Lana,Jr,M,,,20.0,5.0,3.0,,,,,,2.0,8.0,6.0,
688,Syracuse,2024,5,Sarah Smalley,Sarah Smalley,Smalley,Sarah,So,F,,,15.0,3.0,2.0,,,,1.0,,,4.0,6.0,
688,Syracuse,2024,6,Lieke Leeggangers,Lieke Leeggangers,Leeggangers,Lieke,Jr,M,,,20.0,18.0,3.0,,,2.0,1.0,,3.0,9.0,21.0,
688,Syracuse,2024,20,Olivia Bell,Olivia Bell,Bell,Olivia,Sr,F,,,18.0,0.0,1.0,,,,,,,2.0,3.0,
688,Syracuse,2024,8,Aiden Drabick,Aiden Drabick,Drabick,Aiden,Jr,M,,,20.0,19.0,2.0,,,,1.0,,,4.0,13.0,
688,Syracuse,2024,23,Willemijn Boogert,Willemijn Boogert,Boogert,Willemijn,Sr,M,,,20.0,19.0,7.0,,,3.0,5.0,,9.0,23.0,24.0,
688,Syracuse,2024,11,Nina van Asselen,Nina van Asselen,Asselen,Nina,Fr,M,,,20.0,2.0,,,,,,,1.0,1.0,8.0,
688,Syracuse,2024,2,Berber Bakermans,Berber Bakermans,Bakermans,Berber,Sr,M,,,20.0,19.0,1.0,,,,2.0,,7.0,9.0,23.0,
688,Syracuse,2024,10,Annabelle Vossenaar,Annabelle Vossenaar,Vossenaar,Annabelle,Fr,M,,,20.0,1.0,,,,,,,7.0,7.0,9.0,
688,Syracuse,2024,14,Lottie Summers,Lottie Summers,Summers,Lottie,Sr,M,,,20.0,20.0,,,,,1.0,,1.0,1.0,5.0,
688,Syracuse,2024,16,Bo van Kempen,Bo van Kempen,Kempen,Bo,Sr,B,,,19.0,19.0,15.0,,,,2.0,,3.0,33.0,59.0,5.0
688,Syracuse,2024,17,Pati Strunk,Pati Strunk,Strunk,Pati,Jr,F,,,15.0,0.0,1.0,,,,,,,2.0,3.0,
688,Syracuse,2024,33,Taja Gans,Taja Gans,Gans,Taja,Fr,B,,,19.0,19.0,1.0,,,1.0,1.0,,2.0,4.0,13.0,
690,Temple,2024,2,Catherine Arentz,Catherine Arentz,Arentz,Catherine,So,M,,,20.0,2.0,2.0,,,,1.0,,1.0,5.0,12.0,
690,Temple,2024,18,Bella Dell'Oso,Bella Dell'Oso,Dell'Oso,Bella,So,F,,,2.0,0.0,,,,,,,,0.0,1.0,
690,Temple,2024,10,Tess Muller,Tess Muller,Muller,Tess,Sr,F,,,20.0,20.0,6.0,,,,1.0,,6.0,18.0,41.0,1.0
690,Temple,2024,7,Devin Kinzel,Devin Kinzel,Kinzel,Devin,Sr,M,,,20.0,20.0,7.0,,,1.0,1.0,,4.0,18.0,32.0,
690,Temple,2024,22,Julia Bunch,Julia Bunch,Bunch,Julia,Sr,M,,,5.0,2.0,1.0,,,,,,,2.0,3.0,
690,Temple,2024,26,Halle Aschenbach,Halle Aschenbach,Aschenbach,Halle,Jr,M,,,20.0,18.0,3.0,,,,,,2.0,8.0,16.0,
690,Temple,2024,13,Alize Maes,Alize Maes,Maes,Alize,Sr,B,,,20.0,20.0,7.0,,,,1.0,,5.0,19.0,62.0,1.0
690,Temple,2024,9,Lina Neilson,Lina Neilson,Neilson,Lina,Jr,M,,,20.0,19.0,1.0,,,,,,,2.0,6.0,2.0
690,Temple,2024,25,Isabella Pisano,Isabella Pisano,Pisano,Isabella,So,M,,,18.0,0.0,1.0,,,,,,,2.0,6.0,
690,Temple,2024,20,Mathea Lassalle,Mathea Lassalle,Lassalle,Mathea,So,F,,,20.0,0.0,2.0,,,2.0,1.0,,5.0,9.0,17.0,
690,Temple,2024,5,Peyton Rieger,Peyton Rieger,Rieger,Peyton,Jr,M,,,20.0,19.0,5.0,,,,1.0,,5.0,15.0,25.0,
690,Temple,2024,14,Agustina Tucceri,Agustina Tucceri,Tucceri,Agustina,Jr,M,,,20.0,20.0,3.0,,,,,,2.0,8.0,21.0,
690,Temple,2024,4,Myrthe Schuilenburg,Myrthe Schuilenburg,Schuilenburg,Myrthe,Sr,F,,,20.0,20.0,2.0,,,,2.0,,3.0,7.0,15.0,
690,Temple,2024,15,Minke Stoker,Minke Stoker,Stoker,Minke,Fr,B,,,20.0,20.0,,,,,,,1.0,1.0,,
690,Temple,2024,8,Mallory Buzydlowski,Mallory Buzydlowski,Buzydlowski,Mallory,So,M,,,8.0,0.0,,,,,,,,0.0,1.0,
690,Temple,2024,24,Reagan Stauts,Reagan Stauts,Stauts,Reagan,Fr,B,,,17.0,0.0,,,,,,,,0.0,1.0,
690,Temple,2024,17,Marsha Ariesen,Marsha Ariesen,Ariesen,Marsha,Fr,M,,,19.0,17.0,2.0,,,,,,2.0,6.0,26.0,
711,Towson,2024,13,Lydia Bennett,Lydia Bennett,Bennett,Lydia,So,F,,,18.0,0.0,1.0,,,,1.0,,3.0,5.0,2.0,
711,Towson,2024,25,Olivia Handelong,Olivia Handelong,Handelong,Olivia,So,B,,,16.0,0.0,2.0,,,1.0,,,2.0,6.0,3.0,
711,Towson,2024,2,Lexi Bove,Lexi Bove,Bove,Lexi,Sr,F,,,18.0,5.0,3.0,,,,1.0,,2.0,8.0,14.0,
711,Towson,2024,3,Ava Mowrey,Ava Mowrey,Mowrey,Ava,Jr,B,,,16.0,11.0,,,,,1.0,,,0.0,,
711,Towson,2024,16,Madisyn Howard,Madisyn Howard,Howard,Madisyn,Sr,B,,,18.0,18.0,,,,,,,3.0,3.0,13.0,
711,Towson,2024,5,Tatum Dobbins,Tatum Dobbins,Dobbins,Tatum,Jr,F,,,18.0,1.0,,,,,,,,0.0,7.0,
711,Towson,2024,24,Julia Grosso,Julia Grosso,Grosso,Julia,So,F,,,10.0,1.0,,,,,,,,0.0,2.0,
711,Towson,2024,32,Maddie Dalton,Maddie Dalton,Dalton,Maddie,Sr,B,,,18.0,16.0,,,,,,,1.0,1.0,3.0,
711,Towson,2024,33,Megan Popp,Megan Popp,Popp,Megan,Jr,M,,,18.0,18.0,1.0,,,2.0,,,,2.0,7.0,1.0
711,Towson,2024,11,Sarah Salameh,Sarah Salameh,Salameh,Sarah,Fr,M,,,18.0,0.0,,,,,,,1.0,1.0,5.0,
711,Towson,2024,15,Kristin Strijdom,Kristin Strijdom,Strijdom,Kristin,Sr,F,,,18.0,16.0,5.0,,,1.0,3.0,,6.0,16.0,29.0,
711,Towson,2024,21,Anouk Westerink,Anouk Westerink,Westerink,Anouk,Fr,F,,,18.0,18.0,6.0,,,,2.0,,1.0,13.0,49.0,
711,Towson,2024,22,Olivia Miller,Olivia Miller,Miller,Olivia,Fr,M,,,18.0,18.0,1.0,,,,2.0,,2.0,4.0,7.0,
711,Towson,2024,23,Grace Conklin,Grace Conklin,Conklin,Grace,Fr,B,,,11.0,0.0,,,,,,,,0.0,1.0,
711,Towson,2024,30,Sarah Hatfield,Sarah Hatfield,Hatfield,Sarah,Sr,F,,,16.0,15.0,7.0,,,,2.0,,1.0,15.0,31.0,
711,Towson,2024,20,Fiene Valkenburg,Fiene Valkenburg,Valkenburg,Fiene,Fr,M,,,18.0,18.0,2.0,,,1.0,4.0,,4.0,8.0,9.0,
711,Towson,2024,26,Shannon Quaile,Shannon Quaile,Quaile,Shannon,Sr,B,,,18.0,18.0,3.0,,,,1.0,,1.0,7.0,14.0,3.0
711,Towson,2024,31,Dakotah Trader,Dakotah Trader,Trader,Dakotah,Fr,F,,,14.0,0.0,,,,,,,,0.0,2.0,
14,UAlbany,2024,13,Makenna Lowe,Makenna Lowe,Lowe,Makenna,Jr,B,,,18.0,1.0,2.0,,,,,,,4.0,8.0,
14,UAlbany,2024,9,Blanca Orsola,Blanca Orsola,Orsola,Blanca,Sr,M,,,19.0,19.0,4.0,,,,6.0,,4.0,12.0,22.0,
14,UAlbany,2024,3,Sophia Schoonmaker,Sophia Schoonmaker,Schoonmaker,Sophia,Jr,F,,,19.0,18.0,2.0,,,,1.0,,2.0,6.0,11.0,
14,UAlbany,2024,15,Isabella Del Vecchio,Isabella Del Vecchio,Vecchio,Isabella,Sr,F,,,18.0,3.0,2.0,,,,,,,4.0,11.0,
14,UAlbany,2024,17,Alison Smisdom,Alison Smisdom,Smisdom,Alison,Sr,M,,,19.0,19.0,20.0,,,,2.0,,6.0,46.0,70.0,6.0
14,UAlbany,2024,6,Rylee Zunic,Rylee Zunic,Zunic,Rylee,Sr,F,,,4.0,1.0,,,,,,,,0.0,1.0,
14,UAlbany,2024,18,Floor de Ruiter,Floor de Ruiter,Ruiter,Floor,Sr,M,,,19.0,19.0,5.0,,,,1.0,,14.0,24.0,46.0,1.0
14,UAlbany,2024,2,Lauren Willis,Lauren Willis,Willis,Lauren,Sr,F,,,7.0,1.0,,,,,,,1.0,1.0,2.0,
14,UAlbany,2024,11,Mara Küskes,Mara Küskes,Küskes,Mara,So,B,,,19.0,16.0,5.0,,,,1.0,,7.0,17.0,20.0,1.0
14,UAlbany,2024,14,Eva Jenniskens,Eva Jenniskens,Jenniskens,Eva,Fr,M,,,19.0,18.0,5.0,,,,6.0,,,10.0,9.0,
14,UAlbany,2024,26,Lotje Ligthart,Lotje Ligthart,Ligthart,Lotje,Fr,M,,,19.0,3.0,3.0,,,1.0,2.0,,3.0,9.0,13.0,
14,UAlbany,2024,8,Delphine Le Jeune,Delphine Le Jeune,Jeune,Delphine,Sr,M,,,18.0,18.0,,,,,1.0,,2.0,2.0,12.0,1.0
14,UAlbany,2024,10,Eileen King,Eileen King,King,Eileen,Sr,M,,,12.0,0.0,,,,,1.0,,,0.0,,
14,UAlbany,2024,16,Chiara Calicchia,Chiara Calicchia,Calicchia,Chiara,Sr,M,,,10.0,3.0,,,,,,,,0.0,2.0,1.0
14,UAlbany,2024,7,Ellie Myers,Ellie Myers,Myers,Ellie,Fr,F,,,8.0,0.0,,,,,,,,0.0,1.0,
14,UAlbany,2024,23,Tessa Overgoor,Tessa Overgoor,Overgoor,Tessa,Fr,M,,,16.0,0.0,1.0,,,,2.0,,1.0,3.0,7.0,
14,UAlbany,2024,12,Charlotte Triggs,Charlotte Triggs,Triggs,Charlotte,Sr,M,,,19.0,18.0,5.0,,,,1.0,,4.0,14.0,29.0,1.0
108,UC Davis,2024,7,Beth Munro-Morris,Beth Munro-Morris,Munro-Morris,Beth,Jr,M,,,17.0,17.0,,,,,1.0,,4.0,4.0,3.0,
108,UC Davis,2024,6,Mia Edwards,Mia Edwards,Edwards,Mia,So,B,,,17.0,17.0,1.0,,,,,,,2.0,3.0,2.0
108,UC Davis,2024,15,Emilie Lee,Emilie Lee,Lee,Emilie,Jr,M,,,13.0,0.0,,,,,1.0,,,0.0,1.0,
108,UC Davis,2024,8,Hayden Ma,Hayden Ma,Ma,Hayden,Jr,M,,,11.0,5.0,,,,,1.0,,1.0,1.0,2.0,
108,UC Davis,2024,30,Audrey Lee,Audrey Lee,Lee,Audrey,Sr,F,,,17.0,6.0,,,,,,,5.0,5.0,3.0,
108,UC Davis,2024,4,Ella Franken,Ella Franken,Franken,Ella,So,F,,,17.0,17.0,1.0,,,,,,3.0,5.0,17.0,
108,UC Davis,2024,2,Zoe Mohrman,Zoe Mohrman,Mohrman,Zoe,Sr,B,,,17.0,17.0,4.0,,,,1.0,,2.0,10.0,20.0,3.0
108,UC Davis,2024,19,Caroline Stutte,Caroline Stutte,Stutte,Caroline,Sr,M,,,9.0,7.0,1.0,,,,2.0,,2.0,4.0,3.0,
108,UC Davis,2024,18,Liselotte Koop,Liselotte Koop,Koop,Liselotte,Sr,B,,,17.0,17.0,11.0,,,,,,6.0,28.0,31.0,
108,UC Davis,2024,17,Jordan Anaya,Jordan Anaya,Anaya,Jordan,Sr,M,,,17.0,17.0,1.0,,,,,,,2.0,1.0,
108,UC Davis,2024,5,Morgan Caldera,Morgan Caldera,Caldera,Morgan,So,M,,,16.0,6.0,,,,,,,,0.0,3.0,
108,UC Davis,2024,9,Katie Kim,Katie Kim,Kim,Katie,So,F,,,17.0,16.0,5.0,,,,,,,10.0,19.0,
108,UC Davis,2024,1,Molly Main,Molly Main,Main,Molly,So,F,,,13.0,0.0,,,,,,,,0.0,2.0,
108,UC Davis,2024,24,Karly Redman,Karly Redman,Redman,Karly,So,F,,,9.0,1.0,1.0,,,,,,,2.0,4.0,
108,UC Davis,2024,3,Jamie Dempsey,Jamie Dempsey,Dempsey,Jamie,Fr,B,,,16.0,0.0,1.0,,,,,,,2.0,7.0,
108,UC Davis,2024,12,Larissa Roldan,Larissa Roldan,Roldan,Larissa,Fr,M,,,13.0,0.0,,,,,,,,0.0,2.0,
108,UC Davis,2024,22,MK Lutz,MK Lutz,Lutz,MK,Fr,F,,,11.0,0.0,,,,,,,1.0,1.0,,
108,UC Davis,2024,23,Skylar Richards,Skylar Richards,Richards,Skylar,Sr,F,,,17.0,17.0,2.0,,,1.0,,,,4.0,14.0,
164,UConn,2024,25,Violeta Francese,Violeta Francese,Francese,Violeta,Jr,F,,,7.0,0.0,1.0,,,,,,,2.0,2.0,
164,UConn,2024,14,Sol Simone,Sol Simone,Simone,Sol,Jr,M,,,20.0,17.0,6.0,,,,5.0,,11.0,23.0,26.0,
164,UConn,2024,5,Madi Herb,Madi Herb,Herb,Madi,Sr,M,,,21.0,11.0,6.0,,,1.0,3.0,,5.0,17.0,14.0,
164,UConn,2024,17,Maia Dechario,Maia Dechario,Dechario,Maia,Jr,B,,,13.0,11.0,,,,,1.0,,,0.0,1.0,
164,UConn,2024,7,Olivia McKenna,Olivia McKenna,McKenna,Olivia,Fr,,,,21.0,8.0,,,,,1.0,,1.0,1.0,20.0,
164,UConn,2024,29,Sophia Ugo,Sophia Ugo,Ugo,Sophia,Sr,B,,,21.0,14.0,5.0,,,,5.0,,6.0,16.0,10.0,
164,UConn,2024,24,Jasmijn Damman,Jasmijn Damman,Damman,Jasmijn,Jr,M,,,15.0,9.0,,,,,,,1.0,1.0,1.0,
164,UConn,2024,12,Julia Bressler,Julia Bressler,Bressler,Julia,Jr,F,,,21.0,21.0,9.0,,,,,,3.0,21.0,43.0,
164,UConn,2024,23,Juana Garcia,Juana Garcia,Garcia,Juana,Jr,F,,,21.0,21.0,1.0,,,,4.0,,6.0,8.0,3.0,
164,UConn,2024,4,Juul Sauer,Juul Sauer,Sauer,Juul,Fr,F,,,21.0,21.0,13.0,,,1.0,1.0,,6.0,32.0,39.0,
164,UConn,2024,8,Lara Tripp-Smith,Lara Tripp-Smith,Tripp-Smith,Lara,Fr,B,,,7.0,6.0,,,,,,,,0.0,,1.0
164,UConn,2024,9,Milaw Clause,Milaw Clause,Clause,Milaw,Fr,M,,,21.0,21.0,2.0,,,1.0,1.0,,6.0,10.0,8.0,3.0
164,UConn,2024,3,Lila Browne,Lila Browne,Browne,Lila,Sr,F,,,21.0,3.0,1.0,,,,,,4.0,6.0,18.0,
164,UConn,2024,10,Fien Hollander,Fien Hollander,Hollander,Fien,Fr,B,,,7.0,1.0,,,,,,,,0.0,1.0,
164,UConn,2024,11,Milou Heuker,Milou Heuker,Heuker,Milou,Fr,B,,,19.0,19.0,2.0,,,,2.0,,5.0,9.0,14.0,1.0
164,UConn,2024,13,Isabel Soeters,Isabel Soeters,Soeters,Isabel,Fr,M,,,21.0,11.0,4.0,,,,1.0,,2.0,10.0,8.0,
164,UConn,2024,21,Sophie Perschk,Sophie Perschk,Perschk,Sophie,Fr,F,,,20.0,11.0,13.0,,,,3.0,,8.0,34.0,40.0,
368,UMass Lowell,2024,1,Christina Wagner,Christina Wagner,Wagner,Christina,So,F,,,17.0,3.0,3.0,,,,1.0,,1.0,7.0,14.0,
368,UMass Lowell,2024,4,Florine Gerrits,Florine Gerrits,Gerrits,Florine,So,F,,,18.0,16.0,2.0,,,,2.0,,6.0,10.0,6.0,
368,UMass Lowell,2024,9,Madison Leeper,Madison Leeper,Leeper,Madison,Jr,F,,,18.0,18.0,13.0,,,1.0,2.0,,,26.0,36.0,
368,UMass Lowell,2024,11,Cate Kleeman,Cate Kleeman,Kleeman,Cate,Sr,B,,,18.0,15.0,,,,,1.0,,,0.0,,
368,UMass Lowell,2024,3,Karli Penrod,Karli Penrod,Penrod,Karli,So,M,,,18.0,17.0,8.0,,,,3.0,,3.0,19.0,38.0,
368,UMass Lowell,2024,24,Jillian Loebs,Jillian Loebs,Loebs,Jillian,Sr,M,,,17.0,0.0,1.0,,,,,,1.0,3.0,8.0,
368,UMass Lowell,2024,12,Maxine Van Havere,Maxine Van Havere,Havere,Maxine,Sr,M,,,18.0,18.0,3.0,,,,1.0,,1.0,7.0,21.0,
368,UMass Lowell,2024,10,Mirthe GANS,Mirthe GANS,GANS,Mirthe,Sr,,,,18.0,18.0,2.0,,,,,,8.0,12.0,18.0,
368,UMass Lowell,2024,17,Aurise TATTRIE,Aurise TATTRIE,TATTRIE,Aurise,Sr,,,,18.0,18.0,1.0,,,,2.0,,1.0,3.0,2.0,
368,UMass Lowell,2024,19,Audrey CARTER,Audrey CARTER,CARTER,Audrey,Fr,,,,14.0,0.0,,,,,1.0,,,0.0,5.0,
368,UMass Lowell,2024,21,Alissia DEVRIES,Alissia DEVRIES,DEVRIES,Alissia,Sr,,,,18.0,18.0,4.0,,,1.0,1.0,,5.0,13.0,32.0,3.0
368,UMass Lowell,2024,16,Lisa HAGEL,Lisa HAGEL,HAGEL,Lisa,Sr,,,,18.0,18.0,1.0,,,,2.0,,2.0,4.0,10.0,
368,UMass Lowell,2024,7,Karlijn Kerkhof,Karlijn Kerkhof,Kerkhof,Karlijn,Fr,,,,18.0,18.0,5.0,,,1.0,3.0,,6.0,16.0,56.0,
368,UMass Lowell,2024,18,Alice Van Hemelen,Alice Van Hemelen,Hemelen,Alice,Fr,,,,14.0,3.0,1.0,,,,,,,2.0,16.0,
368,UMass Lowell,2024,22,Kaleigh McGURL,Kaleigh McGURL,McGURL,Kaleigh,Fr,,,,4.0,0.0,,,,,,,,0.0,1.0,
368,UMass Lowell,2024,5,Lindsey McGURL,Lindsey McGURL,McGURL,Lindsey,Fr,,,,9.0,0.0,,,,,,,,0.0,1.0,
740,VCU,2024,12,Josefina Ventimiglia,Josefina Ventimiglia,Ventimiglia,Josefina,So,,,,18.0,18.0,4.0,,,1.0,,,4.0,12.0,24.0,
740,VCU,2024,21,Josephine Jense,Josephine Jense,Jense,Josephine,Jr,,,,16.0,15.0,1.0,,,,1.0,,2.0,4.0,6.0,
740,VCU,2024,8,Manuela Secondo,Manuela Secondo,Secondo,Manuela,So,,,,11.0,0.0,1.0,,,,,,,2.0,3.0,
740,VCU,2024,22,Ava RADEL,Ava RADEL,RADEL,Ava,Sr,,,,18.0,18.0,2.0,,,,,,5.0,9.0,3.0,
740,VCU,2024,10,Luisa FASOLD,Luisa FASOLD,FASOLD,Luisa,Sr,,,,18.0,18.0,7.0,,,,,,3.0,17.0,31.0,
740,VCU,2024,7,Maggie GOODWIN,Maggie GOODWIN,GOODWIN,Maggie,Sr,,,,18.0,1.0,1.0,,,,,,,2.0,16.0,
740,VCU,2024,23,Morena Macera,Morena Macera,Macera,Morena,So,,,,17.0,17.0,8.0,,,,3.0,,6.0,22.0,46.0,
740,VCU,2024,13,Camila ROSENBROCK,Camila ROSENBROCK,ROSENBROCK,Camila,Sr,m,,,18.0,18.0,1.0,,,,,,2.0,4.0,16.0,
740,VCU,2024,17,Carley Deaver,Carley Deaver,Deaver,Carley,So,,,,16.0,0.0,1.0,,,,,,2.0,4.0,6.0,
740,VCU,2024,4,Georgia CARR-BROWN,Georgia CARR-BROWN,CARR-BROWN,Georgia,Sr,,,,17.0,17.0,2.0,,,,2.0,,1.0,5.0,31.0,
740,VCU,2024,4,Genevieve Webb,Genevieve Webb,Webb,Genevieve,Fr,,,,14.0,0.0,,,,,,,,0.0,2.0,
740,VCU,2024,14,Lotje Aalderink,Lotje Aalderink,Aalderink,Lotje,Fr,,,,18.0,18.0,,,,,3.0,,1.0,1.0,11.0,
740,VCU,2024,1,Ella Fehr,Ella Fehr,Fehr,Ella,Fr,,,,18.0,18.0,9.0,,,,1.0,,1.0,19.0,43.0,
740,VCU,2024,15,Ashley Doyle,Ashley Doyle,Doyle,Ashley,Fr,,,,4.0,0.0,,,,,,,,0.0,1.0,
740,VCU,2024,5,Cameron Butler,Cameron Butler,Butler,Cameron,Fr,,,,9.0,0.0,2.0,,,,,,,4.0,5.0,
740,VCU,2024,24,Ana Afonso Osorio,Ana Afonso Osorio,Osorio,Ana,Fr,,,,18.0,18.0,1.0,,,,4.0,,5.0,7.0,14.0,
740,VCU,2024,16,Skyler PADGETT,Skyler PADGETT,PADGETT,Skyler,Sr,,,,17.0,4.0,6.0,,,,,,,12.0,20.0,
738,Vermont,2024,22,Mora Fernandez De Oliveira,Mora Fernandez De Oliveira,Oliveira,Mora,Jr,F,,,20.0,19.0,1.0,,,,3.0,,,2.0,12.0,
738,Vermont,2024,8,Ellie Reed,Ellie Reed,Reed,Ellie,Sr,M,,,16.0,2.0,2.0,,,,2.0,,1.0,5.0,7.0,
738,Vermont,2024,13,Abby Wilber,Abby Wilber,Wilber,Abby,So,F,,,4.0,0.0,,,,,,,,0.0,1.0,
738,Vermont,2024,11,Alicia Battistelli,Alicia Battistelli,Battistelli,Alicia,So,M,,,20.0,11.0,,,,,1.0,,1.0,1.0,5.0,1.0
738,Vermont,2024,3,Ainsley Hubbard,Ainsley Hubbard,Hubbard,Ainsley,Jr,M,,,7.0,0.0,,,,,,,,0.0,1.0,
738,Vermont,2024,4,Meg Weyer,Meg Weyer,Weyer,Meg,Sr,B,,,20.0,19.0,7.0,,,,1.0,,6.0,20.0,20.0,
738,Vermont,2024,19,Maddy Weaver,Maddy Weaver,Weaver,Maddy,So,M,,,19.0,15.0,,,,,,,,0.0,,1.0
738,Vermont,2024,18,Olivia Nolan,Olivia Nolan,Nolan,Olivia,Jr,M,,,20.0,20.0,,,,1.0,1.0,,2.0,2.0,5.0,
738,Vermont,2024,15,Sophia Lefranc,Sophia Lefranc,Lefranc,Sophia,Jr,F,,,19.0,19.0,8.0,,,1.0,,,4.0,20.0,38.0,3.0
738,Vermont,2024,24,Kate Stockwell,Kate Stockwell,Stockwell,Kate,Jr,F,,,3.0,0.0,,,,,,,1.0,1.0,,
738,Vermont,2024,9,Reggie Hillery,Reggie Hillery,Hillery,Reggie,Sr,F,,,20.0,2.0,1.0,,,,1.0,,,2.0,9.0,
738,Vermont,2024,6,Lotte Kanters,Lotte Kanters,Kanters,Lotte,Sr,F,,,20.0,20.0,6.0,,,,1.0,,5.0,17.0,51.0,
738,Vermont,2024,23,Sophia Drees,Sophia Drees,Drees,Sophia,Sr,M,,,20.0,20.0,7.0,,,1.0,,,8.0,22.0,69.0,
738,Vermont,2024,12,Lauren Schellhamer,Lauren Schellhamer,Schellhamer,Lauren,Sr,M,,,19.0,1.0,2.0,,,1.0,,,1.0,5.0,10.0,
738,Vermont,2024,16,Maddie Priestly,Maddie Priestly,Priestly,Maddie,Jr,F,,,20.0,1.0,5.0,,,,,,1.0,11.0,19.0,
738,Vermont,2024,7,Lara Cleophas,Lara Cleophas,Cleophas,Lara,Fr,M,,,18.0,11.0,,,,,2.0,,1.0,1.0,1.0,
738,Vermont,2024,20,Addie DelOrefice,Addie DelOrefice,DelOrefice,Addie,Fr,M,,,13.0,0.0,,,,,1.0,,,0.0,1.0,
738,Vermont,2024,2,Marie Dijkstra,Marie Dijkstra,Dijkstra,Marie,Fr,F,,,20.0,20.0,11.0,,,,3.0,,7.0,29.0,40.0,
738,Vermont,2024,5,Meredith Medvetz,Meredith Medvetz,Medvetz,Meredith,Sr,B,,,20.0,20.0,,,,,,,1.0,1.0,5.0,
739,Villanova,2024,23,Barrett Trigg,Barrett Trigg,Trigg,Barrett,Jr,F,,,14.0,0.0,,,,,1.0,,,0.0,4.0,
739,Villanova,2024,25,Raina Smolij,Raina Smolij,Smolij,Raina,Sr,M,,,17.0,17.0,,,,,1.0,,9.0,9.0,,
739,Villanova,2024,3,Jane Bresnahan,Jane Bresnahan,Bresnahan,Jane,So,M,,,17.0,0.0,1.0,,,,1.0,,1.0,3.0,10.0,
739,Villanova,2024,5,Mia Albano,Mia Albano,Albano,Mia,Jr,F,,,10.0,0.0,1.0,,,,,,,2.0,3.0,
739,Villanova,2024,10,Anne Drabbe,Anne Drabbe,Drabbe,Anne,Sr,M,,,17.0,17.0,2.0,,,,1.0,,3.0,7.0,26.0,
739,Villanova,2024,44,Carey Werley,Carey Werley,Werley,Carey,So,B,,,16.0,5.0,,,,,,,,0.0,,1.0
739,Villanova,2024,6,Evelyn O'Neill,Evelyn O'Neill,O'Neill,Evelyn,Jr,M,,,17.0,0.0,,,,,2.0,,,0.0,3.0,
739,Villanova,2024,32,Colleen Finnan,Colleen Finnan,Finnan,Colleen,So,F,,,17.0,0.0,4.0,,,1.0,3.0,,1.0,9.0,30.0,
739,Villanova,2024,7,Maeve Boston,Maeve Boston,Boston,Maeve,So,M,,,17.0,17.0,,,,1.0,,,1.0,1.0,3.0,
739,Villanova,2024,21,Kate Soldan,Kate Soldan,Soldan,Kate,So,B,,,2.0,0.0,,,,,1.0,,,0.0,,
739,Villanova,2024,4,Emma Schwarz,Emma Schwarz,Schwarz,Emma,Sr,M,,,17.0,17.0,4.0,,,,4.0,,10.0,18.0,14.0,
739,Villanova,2024,22,Gemma Lysaght,Gemma Lysaght,Lysaght,Gemma,So,B,,,17.0,17.0,2.0,,,1.0,1.0,,8.0,12.0,31.0,
739,Villanova,2024,14,Sabine Ruijter,Sabine Ruijter,Ruijter,Sabine,Sr,f,,,17.0,17.0,15.0,,,1.0,1.0,,3.0,33.0,70.0,
739,Villanova,2024,26,Alexandria Lavelle,Alexandria Lavelle,Lavelle,Alexandria,Sr,M,,,17.0,17.0,2.0,,,1.0,,,4.0,8.0,4.0,1.0
739,Villanova,2024,9,Esmee de Lange,Esmee de Lange,Lange,Esmee,Fr,M,,,17.0,0.0,,,,,1.0,,,0.0,1.0,
739,Villanova,2024,1,Ava Borkowski,Ava Borkowski,Borkowski,Ava,Sr,F,,,17.0,17.0,10.0,,,,1.0,,1.0,21.0,33.0,
739,Villanova,2024,11,Meghan Mitchell,Meghan Mitchell,Mitchell,Meghan,Sr,F,,,17.0,17.0,6.0,,,,1.0,,4.0,16.0,26.0,
739,Villanova,2024,17,Molly Zimmerman,Molly Zimmerman,Zimmerman,Molly,Fr,B,,,17.0,12.0,,,,1.0,,,,0.0,,
739,Villanova,2024,12,Evie Minnella,Evie Minnella,Minnella,Evie,Fr,M,,,13.0,0.0,,,,,,,,0.0,1.0,
746,Virginia,2024,4,Jans Croon,Jans Croon,Croon,Jans,Sr,B,,,19.0,19.0,4.0,,,1.0,1.0,,4.0,12.0,48.0,
746,Virginia,2024,2,Mia Abello,Mia Abello,Abello,Mia,So,B,,,17.0,13.0,5.0,,,1.0,1.0,,,10.0,34.0,2.0
746,Virginia,2024,26,Emily Field,Emily Field,Field,Emily,Sr,B,,,18.0,18.0,,,,,1.0,,10.0,10.0,1.0,1.0
746,Virginia,2024,25,Noa Boterman,Noa Boterman,Boterman,Noa,Sr,M,,,19.0,9.0,2.0,,,2.0,5.0,,1.0,5.0,25.0,1.0
746,Virginia,2024,9,Madison Orsi,Madison Orsi,Orsi,Madison,Jr,M,,,17.0,15.0,,,,1.0,,,1.0,1.0,1.0,
746,Virginia,2024,23,Emma Watchilla,Emma Watchilla,Watchilla,Emma,So,M,,,19.0,3.0,6.0,,,,,,,12.0,17.0,
746,Virginia,2024,7,Taryn Tkachuk,Taryn Tkachuk,Tkachuk,Taryn,Sr,F,,,19.0,16.0,3.0,,,,1.0,,2.0,8.0,20.0,
746,Virginia,2024,8,Caroline Nemec,Caroline Nemec,Nemec,Caroline,Jr,M,,,19.0,6.0,2.0,,,,,,1.0,5.0,4.0,
746,Virginia,2024,19,Daniela Mendez-Trendler,Daniela Mendez-Trendler,Mendez-Trendler,Daniela,Jr,M,,,17.0,15.0,8.0,,,,8.0,,4.0,20.0,28.0,
746,Virginia,2024,18,Sloan Davidson,Sloan Davidson,Davidson,Sloan,Jr,M,,,19.0,0.0,1.0,,,,,,,2.0,5.0,
746,Virginia,2024,6,Lauren Kenah,Lauren Kenah,Kenah,Lauren,Jr,M,,,19.0,19.0,1.0,,,,,,1.0,3.0,11.0,
746,Virginia,2024,12,Meghen Hengerer,Meghen Hengerer,Hengerer,Meghen,Sr,M,,,19.0,19.0,,,,2.0,2.0,,4.0,4.0,3.0,
746,Virginia,2024,11,Lilly Hengerer,Lilly Hengerer,Hengerer,Lilly,Sr,F,,,19.0,19.0,2.0,,,,4.0,,,4.0,5.0,
746,Virginia,2024,10,Amelie Rees,Amelie Rees,Rees,Amelie,Fr,M,,,19.0,0.0,1.0,,,,1.0,,1.0,3.0,12.0,
746,Virginia,2024,5,Catalina Quinteros,Catalina Quinteros,Quinteros,Catalina,Fr,M,,,16.0,0.0,1.0,,,1.0,,,,2.0,4.0,
746,Virginia,2024,13,Suze Leemans,Suze Leemans,Leemans,Suze,Sr,M,,,19.0,19.0,7.0,,,1.0,5.0,,2.0,16.0,20.0,1.0
748,Wagner,2024,1,Erika Parker,Erika Parker,Parker,Erika,Fr,M,,,17.0,0.0,,2.0,,,,,,0.0,2.0,
748,Wagner,2024,14,Cami Valor,Cami Valor,Valor,Cami,Sr,F,,,19.0,19.0,10.0,4.0,,,,,3.0,23.0,59.0,
748,Wagner,2024,17,Romy Matthies,Romy Matthies,Matthies,Romy,Fr,B,,,19.0,19.0,2.0,4.0,,,2.0,,,4.0,6.0,
748,Wagner,2024,6,Victoria Bruno,Victoria Bruno,Bruno,Victoria,So,F,,,15.0,0.0,,1.0,,,,,,0.0,1.0,
748,Wagner,2024,33,Evie de Baar,Evie de Baar,Baar,Evie,Fr,F,,,19.0,17.0,5.0,3.0,,,,,1.0,11.0,33.0,
748,Wagner,2024,32,Charlotte Muller,Charlotte Muller,Muller,Charlotte,So,B,,,19.0,19.0,9.0,7.0,,1.0,1.0,,6.0,24.0,27.0,
748,Wagner,2024,28,Hailey Copestick,Hailey Copestick,Copestick,Hailey,Jr,F,,,18.0,0.0,,,,,,,,0.0,4.0,
748,Wagner,2024,24,Natalie McGivern,Natalie McGivern,McGivern,Natalie,So,M,,,19.0,2.0,2.0,8.0,,,,,,4.0,9.0,
748,Wagner,2024,10,Hailey Bianchino,Hailey Bianchino,Bianchino,Hailey,Jr,B,,,19.0,17.0,1.0,4.0,,,4.0,,1.0,3.0,4.0,
748,Wagner,2024,16,Abby Reenock,Abby Reenock,Reenock,Abby,Jr,F,,,7.0,0.0,,,,,,,1.0,1.0,3.0,
748,Wagner,2024,18,Emma Lofstedt,Emma Lofstedt,Lofstedt,Emma,Sr,M,,,11.0,9.0,2.0,,,,,,4.0,8.0,14.0,
748,Wagner,2024,4,Floortje Leunisse,Floortje Leunisse,Leunisse,Floortje,So,F,,,19.0,19.0,9.0,2.0,,1.0,3.0,,7.0,25.0,61.0,
748,Wagner,2024,23,Pilar Lorenzini,Pilar Lorenzini,Lorenzini,Pilar,So,M,,,19.0,19.0,4.0,1.0,,,1.0,,5.0,13.0,37.0,1.0
748,Wagner,2024,26,Devin Bailey,Devin Bailey,Bailey,Devin,Sr,F,,,4.0,0.0,,,,,,,,0.0,1.0,
748,Wagner,2024,19,Rebecca Desiderio,Rebecca Desiderio,Desiderio,Rebecca,Sr,B,,,19.0,18.0,,1.0,,,,,,0.0,1.0,
748,Wagner,2024,21,Matilda Heisel,Matilda Heisel,Heisel,Matilda,So,M,,,19.0,14.0,,1.0,,2.0,1.0,,,0.0,14.0,
748,Wagner,2024,2,Claire Evans,Claire Evans,Evans,Claire,Jr,B,,,19.0,18.0,,2.0,,,,,,0.0,,1.0
749,Wake Forest,2024,10,Faye Janse,Faye Janse,Janse,Faye,So,F,,,18.0,16.0,6.0,,,2.0,6.0,,2.0,14.0,35.0,
749,Wake Forest,2024,23,Mia Schoenbeck,Mia Schoenbeck,Schoenbeck,Mia,So,B,,,18.0,18.0,3.0,,,,2.0,,2.0,8.0,25.0,
749,Wake Forest,2024,8,Ava Moore,Ava Moore,Moore,Ava,So,M,,,18.0,16.0,1.0,,,1.0,,,1.0,3.0,20.0,
749,Wake Forest,2024,2,Brenna Campagna,Brenna Campagna,Campagna,Brenna,Fr,B,,,17.0,4.0,,,,,,,,0.0,1.0,
749,Wake Forest,2024,18,Amelia Frey,Amelia Frey,Frey,Amelia,Jr,M,,,18.0,4.0,,,,,1.0,,,0.0,6.0,
749,Wake Forest,2024,28,Florence Tuthill,Florence Tuthill,Tuthill,Florence,So,M,,,18.0,10.0,1.0,,,,,,,2.0,3.0,
749,Wake Forest,2024,24,Georgia Leary,Georgia Leary,Leary,Georgia,So,M,,,18.0,0.0,,,,,,,,0.0,5.0,
749,Wake Forest,2024,6,Brooke McCusker,Brooke McCusker,McCusker,Brooke,Sr,F,,,18.0,17.0,2.0,,,,2.0,,3.0,7.0,8.0,
749,Wake Forest,2024,11,Anastasia Franco,Anastasia Franco,Franco,Anastasia,So,M,,,15.0,1.0,1.0,,,,,,,2.0,4.0,
749,Wake Forest,2024,9,Ashley Hart,Ashley Hart,Hart,Ashley,Sr,M,,,18.0,17.0,1.0,,,,5.0,,1.0,3.0,8.0,
749,Wake Forest,2024,26,Julia LeClercq,Julia LeClercq,LeClercq,Julia,Sr,M,,,5.0,1.0,,,,,,,,0.0,1.0,
749,Wake Forest,2024,3,Sarah Grace Raynes,Sarah Grace Raynes,Raynes,Sarah,So,B,,,14.0,4.0,,,,,1.0,,,0.0,,
749,Wake Forest,2024,22,Rachel Thetford,Rachel Thetford,Thetford,Rachel,Jr,M,,,16.0,7.0,,,,,,,,0.0,5.0,
749,Wake Forest,2024,10,Anabelle Brodeur,Anabelle Brodeur,Brodeur,Anabelle,Sr,F,,,18.0,6.0,2.0,,,,,,3.0,7.0,9.0,
749,Wake Forest,2024,17,Hanna Rathke,Hanna Rathke,Rathke,Hanna,Fr,M,,,18.0,11.0,,,,,,,,0.0,1.0,
749,Wake Forest,2024,20,Lena Keller,Lena Keller,Keller,Lena,Fr,M,,,16.0,15.0,2.0,,,,1.0,,,4.0,24.0,
749,Wake Forest,2024,21,Mia Montag,Mia Montag,Montag,Mia,Fr,B,,,18.0,18.0,2.0,,,,2.0,,6.0,10.0,13.0,
749,Wake Forest,2024,13,Lauren Storey,Lauren Storey,Storey,Lauren,Fr,F,,,16.0,12.0,7.0,,,1.0,,,3.0,17.0,34.0,
749,Wake Forest,2024,15,Sarah Mudd,Sarah Mudd,Mudd,Sarah,Fr,F,,,13.0,0.0,1.0,,,,1.0,,,2.0,6.0,
749,Wake Forest,2024,13,Lotte Smorenburg,Lotte Smorenburg,Smorenburg,Lotte,Sr,F,,,11.0,2.0,1.0,,,,,,,2.0,2.0,
786,William & Mary,2024,26,Alyssa Tollaksen,Alyssa Tollaksen,Tollaksen,Alyssa,Sr,B,,,15.0,1.0,,,,,,,,0.0,3.0,
786,William & Mary,2024,20,Natasha Browning,Natasha Browning,Browning,Natasha,Jr,F,,,16.0,2.0,1.0,,,1.0,2.0,,,2.0,7.0,
786,William & Mary,2024,11,Amelia Morgan,Amelia Morgan,Morgan,Amelia,Jr,B,,,16.0,1.0,,,,,1.0,,,0.0,4.0,
786,William & Mary,2024,18,Sara Bartzen,Sara Bartzen,Bartzen,Sara,Sr,F,,,17.0,17.0,3.0,,,,,,,6.0,10.0,
786,William & Mary,2024,7,Kellen Richbourg,Kellen Richbourg,Richbourg,Kellen,Sr,M,,,17.0,17.0,2.0,,,,1.0,,2.0,6.0,17.0,
786,William & Mary,2024,8,Pyper Friedman,Pyper Friedman,Friedman,Pyper,Sr,M,,,17.0,17.0,2.0,,,1.0,1.0,,2.0,6.0,11.0,
786,William & Mary,2024,5,Josie Mae Gruendel,Josie Mae Gruendel,Gruendel,Josie,So,F,,,14.0,11.0,1.0,,,2.0,5.0,,,2.0,10.0,1.0
786,William & Mary,2024,15,Eme Schmittel,Eme Schmittel,Schmittel,Eme,Jr,B,,,14.0,7.0,,,,,,,,0.0,,1.0
786,William & Mary,2024,28,Erin Griffin,Erin Griffin,Griffin,Erin,Jr,M,,,17.0,17.0,2.0,,,,2.0,,1.0,5.0,7.0,
786,William & Mary,2024,27,Emme Schwartz,Emme Schwartz,Schwartz,Emme,Jr,M,,,17.0,17.0,,,,,1.0,,2.0,2.0,10.0,3.0
786,William & Mary,2024,4,Mackinzie Brown,Mackinzie Brown,Brown,Mackinzie,So,M,,,13.0,11.0,1.0,,,,,,,2.0,5.0,2.0
786,William & Mary,2024,16,Olivia Stocks,Olivia Stocks,Stocks,Olivia,Jr,M,,,17.0,17.0,,,,,1.0,,,0.0,16.0,
786,William & Mary,2024,22,Darcy Kopsinis,Darcy Kopsinis,Kopsinis,Darcy,Fr,B,,,14.0,0.0,,,,,,,,0.0,2.0,
786,William & Mary,2024,12,Ava Rossman,Ava Rossman,Rossman,Ava,Fr,F,,,16.0,0.0,,,,,1.0,,,0.0,2.0,
786,William & Mary,2024,9,Maddie McGaughey,Maddie McGaughey,McGaughey,Maddie,Sr,M,,,17.0,16.0,,,,,,,2.0,2.0,1.0,1.0
786,William & Mary,2024,21,Josette DeGour,Josette DeGour,DeGour,Josette,Fr,M,,,17.0,1.0,,,,,1.0,,,0.0,3.0,
786,William & Mary,2024,2,Mollie Schuma,Mollie Schuma,Schuma,Mollie,Sr,F,,,17.0,16.0,1.0,,,,,,2.0,4.0,4.0,
813,Yale,2024,14,Ymre Massee,Ymre Massee,Massee,Ymre,Fr,B,,,13.0,0.0,4.0,,,,,,,8.0,10.0,
813,Yale,2024,7,Chiara Picciafuoco,Chiara Picciafuoco,Picciafuoco,Chiara,Fr,F,,,16.0,16.0,6.0,,,2.0,6.0,,3.0,15.0,59.0,
813,Yale,2024,13,Issy Baileff,Issy Baileff,Baileff,Issy,Fr,B,,,15.0,9.0,1.0,,,,1.0,,3.0,5.0,11.0,1.0
813,Yale,2024,9,Victoria Collee,Victoria Collee,Collee,Victoria,Fr,M,,,16.0,14.0,4.0,,,,2.0,,3.0,11.0,22.0,
813,Yale,2024,19,Ellie Barlow,Ellie Barlow,Barlow,Ellie,Sr,F,,,16.0,16.0,5.0,,,,,,4.0,14.0,19.0,
813,Yale,2024,10,Emma Ramsey,Emma Ramsey,Ramsey,Emma,So,M,,,14.0,1.0,1.0,,,,,,2.0,4.0,6.0,
813,Yale,2024,22,Julia Freedman,Julia Freedman,Freedman,Julia,Sr,M,,,16.0,16.0,2.0,,,,1.0,,,4.0,3.0,
813,Yale,2024,25,Lily Ramsey,Lily Ramsey,Ramsey,Lily,Sr,F,,,16.0,16.0,1.0,,,,2.0,,2.0,4.0,20.0,
813,Yale,2024,17,Maddy Zavalick,Maddy Zavalick,Zavalick,Maddy,Jr,B,,,5.0,0.0,,,,,,,,0.0,1.0,
813,Yale,2024,18,Colette Staadecker,Colette Staadecker,Staadecker,Colette,Sr,B,,,12.0,7.0,,,,,,,,0.0,4.0,1.0
813,Yale,2024,20,Lauren Venter,Lauren Venter,Venter,Lauren,Jr,F,,,16.0,0.0,6.0,,,1.0,1.0,,2.0,14.0,20.0,
813,Yale,2024,4,Hettie Whittington,Hettie Whittington,Whittington,Hettie,So,B,,,16.0,16.0,5.0,,,,,,6.0,16.0,33.0,1.0
813,Yale,2024,11,Tabs Collier,Tabs Collier,Collier,Tabs,So,B,,,9.0,0.0,,,,,1.0,,1.0,1.0,1.0,
813,Yale,2024,5,Poppy Beales,Poppy Beales,Beales,Poppy,Jr,F,,,16.0,16.0,6.0,,,1.0,1.0,,2.0,14.0,49.0,
813,Yale,2024,12,Nicole Gotthardt,Nicole Gotthardt,Gotthardt,Nicole,Sr,M,,,15.0,15.0,,,,,,,1.0,1.0,3.0,
813,Yale,2024,2,Sophie Thompson,Sophie Thompson,Thompson,Sophie,So,M,,,4.0,0.0,,,,1.0,,,,0.0,,
813,Yale,2024,26,Keely Comizio,Keely Comizio,Comizio,Keely,Sr,B,,,16.0,16.0,,,,,,,4.0,4.0,,
813,Yale,2024,1,Kaitlyn Chang,Kaitlyn Chang,Chang,Kaitlyn,Fr,M,,,14.0,2.0,,,,,1.0,,1.0,1.0,3.0,
